number,name,type,type_canonical,zone,from_station_code,from_station_name,to_station_code,to_station_name,distance,duration_h,duration_m,arrival,departure,return_train,sleeper,third_ac,second_ac,first_ac,first_class,chair_car
04601,Jammu Tawi Udhampur Special,DEMU,DEMU,NR,JAT,JAMMU TAWI,UHP,UDHAMPUR,53,1,35,12:15:00,10:40:00,04602,0,0,0,0,0,0
04602,UDHAMPUR JAMMUTAWI DMU,DEMU,DEMU,NR,UHP,UDHAMPUR,JAT,JAMMU TAWI,53,1,50,08:35:00,06:45:00,04601,0,0,0,0,0,0
04603,JAT UDAHMPUR DMU,DEMU,DEMU,NR,JAT,JAMMU TAWI,UHP,UDHAMPUR,53,1,35,17:50:00,16:15:00,04604,0,0,0,0,0,0
04604,UDHAMPUR JAMMUTAWI DMU,DEMU,DEMU,NR,UHP,UDHAMPUR,JAT,JAMMU TAWI,53,1,30,19:50:00,18:20:00,04603,0,0,0,0,0,0
04728,Mumbai BandraT-Bikaner SF Special,SF,Superfast,NWR,BDTS,MUMBAI BANDRA TERMINUS,BKN,BIKANER JN,1212,21,55,12:30:00,14:35:00,04727,1,1,1,0,0,0
04741,Sirsa - Hisar Passenger Special,Pass,Passenger,?,SSA,Sirsa,HSR,Hisar,82,1,35,00:25:00,22:50:00,04742,0,0,0,0,0,0
04742,Hisar - Sirsa Passenger Special,Pass,Passenger,?,HSR,Hisar,SSA,Sirsa,82,1,50,06:10:00,04:20:00,04741,0,0,0,0,0,0
04853,Rewari Degana Merta Special,Pass,Passenger,NWR,DNA,DEGANA JN,MTD,MERTA ROAD JN,44,1,15,23:45:00,22:30:00,04854,0,0,0,0,0,0
04854,Degana Merta Special,Pass,Passenger,NWR,MTD,MERTA ROAD JN,DNA,DEGANA JN,44,1,0,04:40:00,03:40:00,04853,0,0,0,0,0,0
09022,JAMMU TAWI - BANDRA TERMINUS AC Suvidha Special (Starts 5 April),SF,Superfast,WR,JAT,JAMMU TAWI,BDTS,MUMBAI BANDRA TERMINUS,1957,32,20,17:50:00,09:30:00,09021,1,1,1,1,0,0
11017,Chalukya Express,Exp,Express,CR,DR,MUMBAI DADAR CENTRAL,YPR,YESVANTPUR JN,1205,24,25,21:55:00,21:30:00,11018,1,1,1,0,0,0
11019,Konark Express,Exp,Express,CR,CSTM,MUMBAI CST,BBS,BHUBANESWAR,1932,37,15,04:25:00,15:10:00,11020,1,1,1,0,0,0
11020,Konark Express,Exp,Express,CR,BBS,BHUBANESWAR,CSTM,MUMBAI CST,1932,36,35,03:55:00,15:20:00,11019,1,1,1,0,0,0
11023,Sahyadri Express,Exp,Express,CR,CSTM,MUMBAI CST,KOP,C SHAHU M RAJ KOLHAPUR TERM,518,12,15,06:05:00,17:50:00,11024,1,1,1,0,0,0
11024,Sahyadri Express,Exp,Express,CR,KOP,C SHAHU M RAJ KOLHAPUR TERM,CSTM,MUMBAI CST,518,13,5,11:55:00,22:50:00,11023,1,1,1,0,0,0
11025,Manmad Pune Express(Via Nasik),Exp,Express,CR,MMR,MANMAD JN,PUNE,PUNE JN,364,7,35,12:05:00,04:30:00,11026,0,0,0,0,0,1
11026,Pune Manmad Express,Exp,Express,CR,PUNE,PUNE JN,MMR,MANMAD JN,364,8,40,21:30:00,12:50:00,11025,0,0,0,0,0,1
11027,Mumbai CST-Chennai Mail,Mail,Mail/Express,CR,CSTM,MUMBAI CST,MAS,CHENNAI CENTRAL,1283,29,10,04:55:00,23:45:00,11028,1,1,1,0,0,0
11029,Koyna Express,Exp,Express,CR,CSTM,MUMBAI CST,KOP,C SHAHU M RAJ KOLHAPUR TERM,518,11,45,20:25:00,08:40:00,11030,0,0,0,0,0,1
11030,Koyna Express,Exp,Express,CR,KOP,C SHAHU M RAJ KOLHAPUR TERM,CSTM,MUMBAI CST,518,12,27,20:22:00,07:55:00,11029,0,0,0,0,0,1
11033,PUNE - DARBHANGA Gyan Ganga Exp,Exp,Express,CR,PUNE,PUNE JN,DBG,DARBHANGA JN,1948,38,30,06:45:00,16:15:00,11034,1,1,1,0,0,0
11035,Dadar-Mysore Sharavati Express,Exp,Express,CR,DR,MUMBAI DADAR CENTRAL,MYS,MYSORE JN,1212,24,15,21:45:00,21:30:00,11036,1,1,1,0,0,0
11036,Mysore-Dadar Sharavati Express,Exp,Express,CR,MYS,MYSORE JN,DR,MUMBAI DADAR CENTRAL,1212,23,35,05:50:00,06:15:00,11035,1,1,1,0,0,0
11037,PUNE - GORAKHPUR Exp,Exp,Express,CR,PUNE,PUNE JN,GKP,GORAKHPUR JN,1771,33,0,01:15:00,16:15:00,11038,1,1,1,0,0,0
11038,GORAKHPUR - PUNE Exp,Exp,Express,CR,GKP,GORAKHPUR JN,PUNE,PUNE JN,1771,36,35,04:05:00,15:30:00,11037,1,1,1,0,0,0
11039,Maharashtra Express,Exp,Express,CR,KOP,C SHAHU M RAJ KOLHAPUR TERM,G,GONDIA JN,1346,28,45,20:15:00,15:30:00,11040,1,1,1,0,0,0
11039-Slip,Kolhapur-Gorakhpur Express Slip,Exp,Express,CR,KOP,C SHAHU M RAJ KOLHAPUR TERM,GKP,GORAKHPUR JN,2107,51,40,19:10:00,15:30:00,,1,0,0,0,0,0
11040,Maharashtra Express,Exp,Express,CR,G,GONDIA JN,KOP,C SHAHU M RAJ KOLHAPUR TERM,1346,28,25,12:45:00,08:20:00,11039,1,1,1,0,0,0
11040-Slip,Gondia-Solapur Maharashtra Express Slip,Exp,Express,CR,G,GONDIA JN,SUR,SOLAPUR JN,1132,24,30,08:50:00,08:20:00,,1,0,0,0,0,0
11041,Mumbai - Chennai Express,Exp,Express,CR,CSTM,MUMBAI CST,MAS,CHENNAI CENTRAL,1283,26,45,16:45:00,14:00:00,11042,1,1,1,0,0,0
11043,MUMBAI LTT - MADURAI Exp,Exp,Express,CR,LTT,LOKMANYA TILAK TERM,MDU,MADURAI JN,1702,36,15,12:30:00,00:15:00,11044,1,1,1,0,0,0
11044,MADURAI - MUMBAI LTT Exp,Exp,Express,CR,MDU,MADURAI JN,LTT,LOKMANYA TILAK TERM,1702,35,45,05:45:00,18:00:00,11043,1,1,1,0,0,0
11045,KOLHAPUR CSMT - DHANBAD Deekshabhoomi Exp,Exp,Express,CR,KOP,C SHAHU M RAJ KOLHAPUR TERM,DHN,DHANBAD JN,2968,60,15,12:00:00,23:45:00,11046,1,1,0,0,0,0
11047,Hubli Express,Exp,Express,CR,MRJ,MIRAJ JN,UBL,HUBLI JN,279,6,15,06:25:00,00:10:00,11048,1,0,0,0,0,0
11048,Hubli Miraj Express,Exp,Express,CR,UBL,HUBLI JN,MRJ,MIRAJ JN,279,6,15,05:15:00,23:00:00,11047,1,0,0,0,0,0
11049,Ahmedabad-Kolhapur Express,Exp,Express,CR,ADI,AHMEDABAD JN,KOP,C SHAHU M RAJ KOLHAPUR TERM,961,19,55,15:25:00,19:30:00,11050,1,1,1,0,0,0
11050,Kolhapur-Ahmedabad Express,Exp,Express,CR,KOP,C SHAHU M RAJ KOLHAPUR TERM,ADI,AHMEDABAD JN,961,18,55,07:45:00,12:50:00,11049,1,1,1,0,0,0
11051,Solapur-Kolhapur Express,Exp,Express,CR,SUR,SOLAPUR JN,KOP,C SHAHU M RAJ KOLHAPUR TERM,315,6,5,14:15:00,08:10:00,11052,1,1,0,0,0,0
11052,Kolhapur Solapur Express,Exp,Express,CR,KOP,C SHAHU M RAJ KOLHAPUR TERM,SUR,SOLAPUR JN,315,6,15,15:00:00,08:45:00,11051,1,1,0,0,0,0
11056,GORAKHPUR - MUMBAI LTT Exp,Exp,Express,CR,GKP,GORAKHPUR JN,LTT,LOKMANYA TILAK TERM,1733,33,40,16:05:00,06:25:00,11055,1,1,1,0,0,0
11057,Dadar Amritsar Express,Exp,Express,CR,DR,MUMBAI DADAR CENTRAL,ASR,AMRITSAR JN,2037,40,45,16:30:00,23:45:00,11058,1,1,1,0,0,0
11057-Slip,Dadar Amritsar Express Slip,Exp,Express,CR,DR,MUMBAI DADAR CENTRAL,DHI,Dhule,375,7,40,07:25:00,23:45:00,,1,1,1,0,0,0
11058,Amritsar Dadar Express,Exp,Express,CR,ASR,AMRITSAR JN,DR,MUMBAI DADAR CENTRAL,2037,43,30,04:00:00,08:30:00,11057,1,1,1,0,0,0
11059,MUMBAI LTT - CHHAPRA Godan Exp,Exp,Express,CR,LTT,LOKMANYA TILAK TERM,CPR,CHHAPRA,1772,34,0,20:55:00,10:55:00,11060,1,1,1,0,0,0
11060,CHHAPRA - MUMBAI LTT Godan Exp,Exp,Express,CR,CPR,CHHAPRA,LTT,LOKMANYA TILAK TERM,1772,34,35,16:05:00,05:30:00,11059,1,1,1,0,0,0
11062,DARBHANGA - MUMBAI LTT Pawan Exp,Exp,Express,CR,DBG,DARBHANGA JN,LTT,LOKMANYA TILAK TERM,1791,35,55,03:45:00,15:50:00,11061,1,1,1,0,0,0
56305,Kottayam Kollam Passenger,Pass,Passenger,SR,KTYM,KOTTAYAM,QLN,KOLLAM JN,96,2,30,08:10:00,05:40:00,,0,0,0,0,0,0
58651,Ranchi Lohardaga Passenger,Pass,Passenger,SER,RNC,RANCHI,LAD,Lohardaga,67,1,30,07:00:00,05:30:00,58652,0,0,0,0,0,0
04858,Jodhpur Pipar Road Passenger Special,Pass,Passenger,NWR,JU,JODHPUR JN,PPR,PIPAR ROAD JN,46,0,58,19:28:00,18:30:00,04857,0,0,0,0,0,0
05305,Farrukhabad-KanpurAnwarganj Passenger,Pass,Passenger,NER,FBD,FARRUKHABAD,CPA,KANPUR ANWARGANJ,138,3,25,14:25:00,11:00:00,05306,0,0,0,0,0,0
05306,KanpurAnwarganj-Farrukhabad Special,Exp,Express,NER,CPA,KANPUR ANWARGANJ,FBD,FARRUKHABAD,138,3,25,18:20:00,14:55:00,05305,0,0,0,0,0,0
05650,Kamakhya - Mumbai LTT (Weekly) Special,Exp,Express,NFR,KYQ,KAMAKHYA,LTT,LOKMANYA TILAK TERM,2613,54,55,22:45:00,15:50:00,05649,1,1,0,0,0,0
05697,Hill Queen Express,JShtb,Jan Shatabdi,NFR,LMG,LUMDING JN,LFG,Lower Haflong,104,3,45,13:30:00,09:45:00,05698,0,0,0,0,0,1
05698,Hill Queen Express,JShtb,Jan Shatabdi,NFR,LFG,Lower Haflong,LMG,LUMDING JN,104,3,45,17:30:00,13:45:00,05697,0,0,0,0,0,1
06002,Kollam-Chennai Central SF Special,SF,Superfast,SR,QLN,KOLLAM JN,MAS,CHENNAI CENTRAL,858,16,10,03:40:00,11:30:00,06001,1,1,1,0,0,0
06003,Chennai Central-Kollam Special,Exp,Express,SR,MAS,CHENNAI CENTRAL,QLN,KOLLAM JN,857,14,45,11:30:00,20:45:00,06002,1,1,1,0,0,0
06004,Kollam-Chennai Central Special,Exp,Express,SR,QLN,KOLLAM JN,MAS,CHENNAI CENTRAL,857,16,55,10:45:00,17:50:00,06005,1,1,1,0,0,0
06005,Chennai Central-Kollam SF Special,SF,Superfast,SR,MAS,CHENNAI CENTRAL,QLN,KOLLAM JN,857,14,45,11:30:00,20:45:00,06006,1,1,1,0,0,0
06006,Kollam-Chennai Central SF Special,SF,Superfast,SR,QLN,KOLLAM JN,MAS,CHENNAI CENTRAL,857,16,55,10:45:00,17:50:00,06007,1,1,1,0,0,0
06007,Chennai Central-Kollam SF Special,SF,Superfast,SR,MAS,CHENNAI CENTRAL,QLN,KOLLAM JN,858,15,30,06:45:00,15:15:00,06008,1,1,1,0,0,0
06008,KollamChennai Central SF Special,SF,Superfast,SR,QLN,KOLLAM JN,MAS,CHENNAI CENTRAL,858,16,10,03:40:00,11:30:00,06007,1,1,1,0,0,0
06009,Chennai CentralKollam SF Special,SF,Superfast,SR,MAS,CHENNAI CENTRAL,QLN,KOLLAM JN,858,16,0,15:30:00,23:30:00,06008,1,1,1,0,0,0
06011,Chennai Central Kollam (Weekly) SF Special,SF,Superfast,SR,MAS,CHENNAI CENTRAL,QLN,KOLLAM JN,858,14,30,05:45:00,15:15:00,06010,1,1,1,0,0,0
06201,Mysore-Sainagar Shirdi Special,Exp,Express,SWR,MYS,MYSORE JN,SNSI,SAINAGAR SHIRDI,1304,30,0,11:30:00,05:30:00,06202,1,1,1,0,0,0
06202,Sainagar Shirdi - Mysore Special,Exp,Express,SWR,SNSI,SAINAGAR SHIRDI,MYS,MYSORE JN,1304,31,15,07:10:00,23:55:00,06201,1,1,1,0,0,0
06215,Mysore Nanjangud Town passenger,Pass,Passenger,SWR,MYS,MYSORE JN,NTW,NANJANGUD TOWN,25,0,55,17:05:00,16:10:00,06216,0,0,0,0,0,0
06216,Nanjangud Town Mysore Passenger,Pass,Passenger,SWR,NTW,NANJANGUD TOWN,MYS,MYSORE JN,25,0,50,18:20:00,17:30:00,06215,0,0,0,0,0,0
06228,Shimoga Mysore Express,Exp,Express,SWR,SMET,Shimoga Town,MYS,MYSORE JN,276,8,50,07:00:00,22:10:00,,1,0,0,0,0,0
06301,Nagercoil-Mangalore Special,Exp,Express,SR,NCJ,NAGERCOIL JN,MAJN,MANGALORE JN,711,17,40,10:30:00,16:50:00,06302,1,1,1,0,0,0
06302,Mangalore-Nagercoil Special,Exp,Express,SR,MAJN,MANGALORE JN,NCJ,NAGERCOIL JN,711,15,35,07:50:00,16:15:00,06301,1,1,1,0,0,0
06501,Yesvantpur - Ahmedabad Garib Rath Special,GR,Garib Rath,SWR,YPR,YESVANTPUR JN,ADI,AHMEDABAD JN,1719,34,50,16:10:00,05:20:00,06502,0,1,0,0,0,0
06502,Ahmedabad -Yesvantpur Garib Rath Special,GR,Garib Rath,SWR,ADI,AHMEDABAD JN,YPR,YESVANTPUR JN,1719,39,10,11:25:00,20:15:00,06501,0,1,0,0,0,0
06535,Bijapur Express,Exp,Express,SWR,YPR,YESVANTPUR JN,BJP,BIJAPUR,712,15,15,11:00:00,19:45:00,06536,1,1,1,1,0,0
06536,Bijapur-Yesvantpur Special,Exp,Express,SWR,BJP,BIJAPUR,YPR,YESVANTPUR JN,712,15,35,09:15:00,17:40:00,06535,1,1,1,1,0,0
06591,Yesvantpur-Hosur Passenger Special,Pass,Passenger,SWR,YPR,YESVANTPUR JN,HSRA,Hosur,67,1,35,07:55:00,06:20:00,06592,0,0,0,0,0,0
06592,Hosur-Yesvantpur Passenger,Pass,Passenger,SWR,HSRA,Hosur,YPR,YESVANTPUR JN,67,1,40,09:50:00,08:10:00,06593,0,0,0,0,0,0
06594,Hosur-Yesvantpur Passenger Special,Pass,Passenger,SWR,HSRA,Hosur,YPR,YESVANTPUR JN,67,1,35,19:20:00,17:45:00,06593,0,0,0,0,0,0
06595,Yesvantpur-Devanhalli Special,Pass,Passenger,SWR,YPR,YESVANTPUR JN,DHL,Devanhalli,36,1,5,11:45:00,10:40:00,06596,0,0,0,0,0,0
06596,Devanahalli-Yesvantpur Special,Pass,Passenger,SWR,DHL,Devanhalli,YPR,YESVANTPUR JN,36,1,10,14:25:00,13:15:00,06595,0,0,0,0,0,0
06617,Coimbatore-Nagercoil Special,Exp,Express,SR,CBE,COIMBATORE JN,NCJ,NAGERCOIL JN,497,10,20,06:40:00,20:20:00,06618,1,1,1,0,0,0
06618,Nagercoil-Coimbatore Special,Exp,Express,SR,NCJ,NAGERCOIL JN,CBE,COIMBATORE JN,497,11,45,08:00:00,20:15:00,06617,1,1,1,0,0,0
06621,Coimbatore-Yesvantpur SF Special,SF,Superfast,SR,CBE,COIMBATORE JN,YPR,YESVANTPUR JN,440,7,20,13:20:00,06:00:00,06622,0,0,0,0,0,1
06622,Yesvantpur-Coimbatore SF Special,SF,Superfast,SR,YPR,YESVANTPUR JN,CBE,COIMBATORE JN,440,7,25,21:40:00,14:15:00,06621,0,0,0,0,0,1
06837,Karaikkudi Manamadurai Passenger,Pass,Passenger,SR,KKDI,Karaikkudi Junction,MNM,MANAMADURAI JN,61,1,20,19:50:00,18:30:00,06838,0,0,0,0,0,0
06838,Manamadurai Karaikkudi Passenger,Pass,Passenger,SR,MNM,MANAMADURAI JN,KKDI,Karaikkudi Junction,61,1,20,09:15:00,07:55:00,06837,0,0,0,0,0,0
06839,Tiruchirappalli Karaikkudi Passenger Special,Pass,Passenger,SR,TPJ,TIRUCHIRAPPALLI,KKDI,Karaikkudi Junction,90,2,20,18:15:00,15:55:00,06840,0,0,0,0,0,0
06840,Karaikkudi-Tiruchirappalli Passenger Special,Pass,Passenger,SR,KKDI,Karaikkudi Junction,TPJ,TIRUCHIRAPPALLI,90,2,25,12:05:00,09:40:00,06839,0,0,0,0,0,0
06948,Hubli Jn - Vasco Da Gama Link Express,Exp,Express,?,UBL,HUBLI JN,VSG,VASCO DA GAMA,236,7,30,06:30:00,23:00:00,,1,1,0,0,0,0
07003,Hyderabad-Korba Special,Exp,Express,SCR,HYB,HYDERABAD DECCAN,KRBA,Korba,996,19,0,05:45:00,10:45:00,07004,1,1,1,0,0,0
07004,Korba-Hyderabad Special,Exp,Express,SCR,KRBA,Korba,HYB,HYDERABAD DECCAN,999,20,45,04:45:00,08:00:00,07003,1,1,1,0,0,0
07105,Ajmer - Hyderabad Special,Exp,Express,SCR,AII,AJMER JN,HYB,HYDERABAD DECCAN,2033,39,15,14:00:00,22:45:00,07106,1,1,1,0,0,0
40005,Chennai Beach Tambaram EMU,MEMU,MEMU,SR,MSB,CHENNAI BEACH,TBM,TAMBARAM,29,0,55,07:15:00,06:20:00,,0,0,0,0,0,0
55138,Shahganj Ballia Passenger,Pass,Passenger,NER,SHG,SHAHGANJ JN,BUI,BALLIA,168,4,30,10:45:00,06:15:00,55137,0,0,0,0,0,0
56393,Kottayam Kollam Passenger,Pass,Passenger,SR,KTYM,KOTTAYAM,QLN,KOLLAM JN,96,2,30,20:15:00,17:45:00,56394,0,0,0,0,0,0
24041,DELHI SARAI ROHILLA - KOTDWAR Mussoorie Exp,,,,NBD,NAJIBABAD JN,KTW,KOTDWARA,,,,None,None,24042,0,0,0,0,0,0
07144,Shahu Maharaj T. Kolhapur - Hyderabad Special,Exp,Express,SCR,KOP,C SHAHU M RAJ KOLHAPUR TERM,HYB,HYDERABAD DECCAN,998,23,15,06:45:00,07:30:00,07143,1,1,1,0,0,0
07301,Mysore Shimoga Express,Exp,Express,SWR,MYS,MYSORE JN,SMET,Shimoga Town,276,7,55,06:10:00,22:15:00,,1,0,0,0,0,0
07403,Adilabad-Nanded Special,Pass,Passenger,SCR,ADB,ADILABAD,NED,HUZUR SAHIB NANDED,185,4,45,12:15:00,07:30:00,07404,0,0,0,0,0,0
07404,Nanded-Adilabad Special,Pass,Passenger,SCR,NED,HUZUR SAHIB NANDED,ADB,ADILABAD,185,4,30,19:30:00,15:00:00,07403,0,0,0,0,0,0
07603,Kacheguda Kamareddi Special,Pass,Passenger,SCR,KCG,KACHEGUDA,KMC,KAMAREDDI,114,3,20,12:30:00,09:10:00,07604,0,0,0,0,0,0
07605,Kamareddi-Nizamabad Passenger Special,Pass,Passenger,SCR,KMC,KAMAREDDI,NZB,NIZAMABAD,52,0,55,13:40:00,12:45:00,07606,0,0,0,0,0,0
07606,Nizamabad-Kamareddi Special,Pass,Passenger,SCR,NZB,NIZAMABAD,KMC,KAMAREDDI,52,0,55,15:15:00,14:20:00,07605,0,0,0,0,0,0
07607,Secunderabad - Mancherial Special,Exp,Express,SCR,SC,SECUNDERABAD JN,MCI,MANCHIRYAL,239,4,5,09:35:00,05:30:00,07608,0,0,0,0,0,0
07608,Mancherial - Secunderabad Special,Exp,Express,SCR,MCI,MANCHIRYAL,SC,SECUNDERABAD JN,239,4,0,14:30:00,10:30:00,07607,0,0,0,0,0,0
08001,Kharagpur-Jhargram Express Special,Exp,Express,SER,KGP,KHARAGPUR JN,JGM,JHARGRAM,39,0,35,10:45:00,10:10:00,08002,0,0,0,0,0,1
08002,Jhargram-Kharagpur Special,Exp,Express,SER,JGM,JHARGRAM,KGP,KHARAGPUR JN,39,0,55,19:20:00,18:25:00,08001,0,0,0,0,0,1
08004,Mysore - Howrah Special,Exp,Express,SER,MYS,MYSORE JN,HWH,HOWRAH JN,2111,38,20,14:50:00,00:30:00,08003,1,1,1,0,0,0
08017,Kharagpur- Jhargram MEMU Special,MEMU,MEMU,?,KGP,KHARAGPUR JN,JGM,JHARGRAM,38,0,50,06:00:00,05:10:00,08018,0,0,0,0,0,0
08018,Jhargram - Kharagpur MEMU Special,MEMU,MEMU,SER,JGM,JHARGRAM,KGP,KHARAGPUR JN,38,0,55,23:05:00,22:10:00,08017,0,0,0,0,0,0
08043,Kolkata Shalimar-Haridwar Puja Special,Exp,Express,SER,SHM,KOLKATA SHALIMAR,HW,HARIDWAR JN,1595,29,45,23:05:00,17:20:00,08044,1,1,1,0,0,0
08051,Kharagpur- Jhargram MEMU Special,MEMU,MEMU,?,KGP,KHARAGPUR JN,JGM,JHARGRAM,38,0,38,06:45:00,06:07:00,08052,0,0,0,0,0,0
08052,Jhargram - Kharagpur MEMU Special,MEMU,MEMU,SER,JGM,JHARGRAM,KGP,KHARAGPUR JN,38,0,40,18:40:00,18:00:00,08051,0,0,0,0,0,0
08055,Shalimar-Tirupati Special,SF,Superfast,SER,SHM,KOLKATA SHALIMAR,TPTY,TIRUPATI MAIN,1616,26,10,18:00:00,15:50:00,08056,1,1,1,0,0,0
08113,Tatanagar Bilaspur Passenger,Pass,Passenger,SER,TATA,TATANAGAR JN,BSP,BILASPUR JN,470,14,15,06:45:00,16:30:00,08114,0,0,0,0,0,0
08114,Bilaspur Tatanagar Passenger,Pass,Passenger,SER,BSP,BILASPUR JN,TATA,TATANAGAR JN,470,17,40,12:30:00,18:50:00,08113,0,0,0,0,0,0
08469,Puri-Bangalore weekly Garib Rath special,GR,Garib Rath,ECoR,PURI,PURI,SBC,BANGALORE CITY JN,1529,32,15,22:45:00,14:30:00,08470,0,1,0,0,0,0
08470,Bangalore-Puri Garib Rath Special,GR,Garib Rath,ECoR,SBC,BANGALORE CITY JN,PURI,PURI,1529,29,55,05:50:00,23:55:00,08469,0,1,0,0,0,0
08471,Bhubaneswar - Tirupati Weekly Special,Exp,Express,ECoR,BBS,BHUBANESWAR,TPTY,TIRUPATI MAIN,1205,22,0,09:45:00,11:45:00,08472,1,1,1,0,0,0
08472,Tirupati - Bhubaneswar Weekly Special,Exp,Express,ECoR,TPTY,TIRUPATI MAIN,BBS,BHUBANESWAR,1205,24,0,14:00:00,14:00:00,08471,1,1,1,0,0,0
08565,Visakhapatnam-Secunderabad Special,Exp,Express,ECoR,VSKP,VISHAKAPATNAM,SC,SECUNDERABAD JN,701,13,20,09:00:00,19:40:00,08566,1,1,1,0,0,0
08566,Secunderabad Vishakaptnam Special,Exp,Express,ECoR,SC,SECUNDERABAD JN,VSKP,VISHAKAPATNAM,701,12,45,10:15:00,21:30:00,08565,1,1,1,0,0,0
08567,Visakhapatnam Sainagar Shirdi special,Exp,Express,ECoR,VSKP,VISHAKAPATNAM,SNSI,SAINAGAR SHIRDI,1403,29,30,11:00:00,05:30:00,08568,1,1,1,0,0,0
08568,Shirdi-Visakhapatnam Weekly Special,Exp,Express,ECoR,SNSI,SAINAGAR SHIRDI,VSKP,VISHAKAPATNAM,1405,28,25,22:45:00,18:20:00,08567,1,1,1,0,0,0
08569,Visakhapatnam-Kollam Sabarimalai Special,Exp,Express,ECoR,VSKP,VISHAKAPATNAM,QLN,KOLLAM JN,1568,30,30,15:30:00,09:00:00,,1,1,1,0,0,0
08786,Dalli Rajhara Durg Pass,Pass,Passenger,SECR,DRZ,Dalli Rajhara,DURG,DURG,88,2,5,20:10:00,18:05:00,08785,0,0,0,0,0,0
08787,Raipur-Durg Special,Pass,Passenger,SECR,R,RAIPUR JN,DURG,DURG,37,1,0,10:20:00,09:20:00,08788,0,0,0,0,0,0
08788,Durg-Raipur Special,Pass,Passenger,SECR,DURG,DURG,R,RAIPUR JN,37,1,0,09:05:00,08:05:00,08787,0,0,0,0,0,0
09002,Ahmedabad Mumbai Central Superfast Special,SF,Superfast,WR,ADI,AHMEDABAD JN,BCT,Mumbai Central,491,8,5,05:45:00,21:40:00,09001,1,1,1,0,0,0
09021,BANDRA TERMINUS - JAMMU TAWI AC Suvidha Special (Starts 4 April),SF,Superfast,WR,BDTS,MUMBAI BANDRA TERMINUS,JAT,JAMMU TAWI,1955,32,45,01:40:00,16:55:00,09022,1,1,1,1,0,0
09051,Valsad-Varanasi Weekly Special,Exp,Express,WR,BL,VALSAD,BSB,VARANASI JN,1467,29,30,01:10:00,19:40:00,09052,1,1,1,0,0,0
09221,Porbandar Secunderabad Weekly Special,Exp,Express,WR,PBR,PORBANDAR,SC,SECUNDERABAD JN,1694,34,40,10:30:00,23:50:00,09222,1,1,1,0,0,0
09561,Bandra Terminus Okha Weekly Special,Exp,Express,WR,BDTS,MUMBAI BANDRA TERMINUS,OKHA,OKHA,980,20,20,20:15:00,23:55:00,09562,1,0,1,0,0,0
09733,Hanumangarh Kota Special,Exp,Express,NWR,HMH,HANUMANGARH JN,KOTA,KOTA JN,852,15,5,09:30:00,18:25:00,09734,1,1,1,0,1,0
09734,Kota Hanumangarh Special,Exp,Express,NWR,KOTA,KOTA JN,HMH,HANUMANGARH JN,852,16,5,08:45:00,16:40:00,09733,1,1,1,0,1,0
11015,Kushinagar Express,Exp,Express,CR,LTT,LOKMANYA TILAK TERM,GKP,GORAKHPUR JN,1680,32,40,07:25:00,22:45:00,11016,1,1,1,0,0,0
12084,Coimbatore-Mayiladuturai Jan Shatabdi,JShtb,Jan Shatabdi,SR,CBE,COIMBATORE JN,MV,MAYILADUTURAI JN,362,6,40,13:40:00,07:00:00,12083,0,0,0,0,0,1
13401,InterCity Express,Exp,Express,ER,BGP,BHAGALPUR,DNR,DANAPUR,231,6,50,12:15:00,05:25:00,13402,0,0,0,0,0,1
13410,InterCity Express,Exp,Express,ER,BGP,BHAGALPUR,MLDT,MALDA TOWN,178,4,20,21:00:00,16:40:00,13409,0,0,0,0,0,0
40007,Chennai Beach Tambaram EMU(12 Car),MEMU,MEMU,SR,MSB,CHENNAI BEACH,TBM,TAMBARAM,33,0,55,08:10:00,07:15:00,,0,0,0,0,0,0
56320,Coimbatore Nagercoil Passenger,Pass,Passenger,SR,CBE,COIMBATORE JN,NCJ,NAGERCOIL JN,532,13,15,20:25:00,07:10:00,56319,0,0,0,0,0,0
08785,Durg Dalli Rajhara Pass,Pass,Passenger,SECR,DURG,DURG,DRZ,Dalli Rajhara,88,2,5,17:35:00,15:30:00,08786,0,0,0,0,0,0
01494,Bijapur Hubli Special,Exp,Express,CR,BJP,BIJAPUR,UBL,HUBLI JN,249,6,5,06:10:00,00:05:00,01493,1,0,0,0,0,0
09222,Secunderabad-Porbandar Weekly Special,Exp,Express,WR,SC,SECUNDERABAD JN,PBR,PORBANDAR,1683,34,40,01:30:00,14:50:00,09221,1,1,1,0,0,0
09405,Ahmedabad Yesvantpur (Weekly) Special,Exp,Express,WR,ADI,AHMEDABAD JN,YPR,YESVANTPUR JN,1556,32,30,04:00:00,19:30:00,09406,1,1,0,0,0,0
09406,Yeshwantpur-Ahmedabad Special,Exp,Express,WR,YPR,YESVANTPUR JN,ADI,AHMEDABAD JN,1581,33,20,15:10:00,05:50:00,09405,1,1,1,0,0,0
09562,Okha - Bandra Terminus Weekly Special,Exp,Express,WR,OKHA,OKHA,BDTS,MUMBAI BANDRA TERMINUS,980,18,10,05:35:00,11:25:00,09561,1,0,1,0,0,0
09621,Ajmer Jaipur SF Special,SF,Superfast,NWR,AII,AJMER JN,JP,JAIPUR,135,1,55,13:40:00,11:45:00,09622,0,0,0,0,0,1
09622,Jaipur Ajmer SF Special,SF,Superfast,NWR,JP,JAIPUR,AII,AJMER JN,135,1,55,16:10:00,14:15:00,09621,0,0,0,0,0,1
09715,Jaipur Solapur (Weekly) Special,Exp,Express,NWR,JP,JAIPUR,SUR,SOLAPUR JN,1744,37,40,02:35:00,12:55:00,09716,1,1,1,0,0,0
09716,Solapur - Jaipur Special,Exp,Express,NWR,SUR,SOLAPUR JN,JP,JAIPUR,1744,35,45,18:30:00,06:45:00,09715,1,1,1,0,0,0
09721,Jaipur Delhi Sarai Rohilla SF Special,SF,Superfast,NWR,JP,JAIPUR,DEE,DELHI SARAI ROHILLA,303,4,30,10:30:00,06:00:00,09722,0,1,1,0,0,1
09724,Jaipur - Sabarmati SF Holiday Spl,SF,Superfast,NWR,JP,JAIPUR,SBI,SABARMATI JN,620,10,50,08:20:00,21:30:00,09723,1,1,1,0,0,0
09727,Indore-Jaipur Special,Exp,Express,NWR,INDB,INDORE JN BG,JP,JAIPUR,599,9,30,08:00:00,22:30:00,09728,1,1,1,0,0,0
09728,Jaipur-Indore Special,Exp,Express,NWR,JP,JAIPUR,INDB,INDORE JN BG,599,9,55,06:35:00,20:40:00,09727,1,1,1,0,0,0
09735,Secunderabad-Jaipur Special,Exp,Express,NWR,SC,SECUNDERABAD JN,JP,JAIPUR,1666,30,30,05:55:00,23:25:00,09736,1,1,1,1,0,0
09736,Jaipur - Secunderabad (Weekly) Special,Exp,Express,NWR,JP,JAIPUR,SC,SECUNDERABAD JN,1669,30,45,03:55:00,21:10:00,09735,1,1,1,1,0,0
09741,Rewari - Delhi Sarai Rohilla (Daily) Special,Exp,Express,NWR,RE,REWARI,DEE,DELHI SARAI ROHILLA,78,1,30,15:40:00,14:10:00,09742,0,1,1,0,0,1
09742,Delhi Sarai Rohilla - Rewari (Daily) Special,Exp,Express,NWR,DEE,DELHI SARAI ROHILLA,RE,REWARI,78,1,30,12:30:00,11:00:00,09741,0,1,1,0,0,1
09761,Surathgarh Anupgarh Passenger,Pass,Passenger,NWR,APH,ANUPGARH,SOG,SURATGARH JN,78,1,35,08:35:00,07:00:00,09762,0,0,0,0,0,0
09762,Suratgarh - Anupgarh Passenger Special,Pass,Passenger,NWR,SOG,SURATGARH JN,APH,ANUPGARH,76,1,35,20:20:00,18:45:00,09763,0,0,0,0,0,0
09763,Surathgarh Anupgarh Passenger,Pass,Passenger,NWR,APH,ANUPGARH,SOG,SURATGARH JN,78,1,35,22:15:00,20:40:00,09764,0,0,0,0,0,0
09764,Suratgarh - Anupgarh Passenger Special,Pass,Passenger,NWR,SOG,SURATGARH JN,APH,ANUPGARH,78,1,40,06:40:00,05:00:00,09763,0,0,0,0,0,0
09765,Phulera Rewari Passenger Special,Pass,Passenger,NWR,FL,PHULERA JN,RE,REWARI,216,5,5,16:30:00,11:25:00,09766,0,0,0,0,0,0
09766,Rewari-Phulera Passenger Special,Pass,Passenger,NWR,RE,REWARI,FL,PHULERA JN,216,5,5,14:15:00,09:10:00,09765,0,0,0,0,0,0
10001,Satpura Express,Exp,Express,SECR,BTC,Balaghat Junction,JBP,JABALPUR,187,6,50,19:35:00,12:45:00,10002,0,0,0,0,1,0
10002,Satpura Express,Exp,Express,SECR,JBP,JABALPUR,BTC,Balaghat Junction,187,6,40,12:10:00,05:30:00,10001,0,0,0,0,1,0
10103,MUMBAI CST - MADGAON Mandovi Exp,Exp,Express,KR,CSTM,MUMBAI CST,MAO,MADGAON,765,11,50,18:45:00,06:55:00,10104,1,1,1,1,0,0
10104,MADGAON - MUMBAI CST Mandovi Exp,Exp,Express,KR,MAO,MADGAON,CSTM,MUMBAI CST,765,12,0,21:30:00,09:30:00,10103,1,1,1,1,0,0
10111,MUMBAI CST - MADGAON Konkan Knaya Exp,Exp,Express,KR,CSTM,MUMBAI CST,MAO,MADGAON,765,11,40,10:45:00,23:05:00,10112,1,1,1,1,0,0
10112,MADGAON - MUMBAI CST Konkan Knaya Exp,Exp,Express,KR,MAO,MADGAON,CSTM,MUMBAI CST,765,11,50,05:50:00,18:00:00,10111,1,1,1,1,0,0
10215,Madgaon Ernakulam Weekly Super Fast Express,Exp,Express,KR,MAO,MADGAON,ERS,ERNAKULAM JN,850,13,25,10:55:00,21:30:00,10216,1,1,1,1,0,0
10216,Ernakulam Madgaon Weekly SF Express,Exp,Express,KR,ERS,ERNAKULAM JN,MAO,MADGAON,850,13,25,04:00:00,14:35:00,10215,1,1,1,1,0,0
11003,DADAR - SAWANTWADI RD Rajya Rani Exp,Exp,Express,CR,DR,MUMBAI DADAR CENTRAL,SWV,SAWANTWADI ROAD,646,11,0,10:55:00,23:55:00,11004,1,1,1,0,0,0
11004,SAWANTWADI RD - DADAR Rajya Rani Exp,Exp,Express,CR,SWV,SAWANTWADI ROAD,DR,MUMBAI DADAR CENTRAL,646,12,20,06:30:00,18:10:00,11003,1,1,1,0,0,0
11007,Deccan Express,Exp,Express,CR,CSTM,MUMBAI CST,PUNE,PUNE JN,192,4,0,11:10:00,07:10:00,11008,0,0,0,0,0,1
11009,Sinhagad Express,Exp,Express,CR,CSTM,MUMBAI CST,PUNE,PUNE JN,192,4,10,18:40:00,14:30:00,11008,0,0,0,0,0,1
11010,Sinhagad Express,Exp,Express,CR,PUNE,PUNE JN,CSTM,MUMBAI CST,192,3,50,09:55:00,06:05:00,11009,0,0,0,0,0,1
11011,Mahalaxmi Express,Exp,Express,CR,CSTM,MUMBAI CST,KOP,C SHAHU M RAJ KOLHAPUR TERM,518,10,57,07:20:00,20:23:00,11012,1,1,1,1,0,0
11012,Mahalaxmi Express,Exp,Express,CR,KOP,C SHAHU M RAJ KOLHAPUR TERM,CSTM,MUMBAI CST,518,10,55,07:25:00,20:30:00,11011,1,1,1,1,0,0
11014,Coimbatore Mumbai LTT Express,Exp,Express,CR,CBE,COIMBATORE JN,LTT,LOKMANYA TILAK TERM,1518,30,30,14:30:00,08:00:00,11013,1,1,1,1,0,0
11016,Kushinagar Express,Exp,Express,CR,GKP,GORAKHPUR JN,LTT,LOKMANYA TILAK TERM,1680,33,15,04:20:00,19:05:00,11015,1,1,1,0,0,0
11018,Chalukya Express,Exp,Express,CR,YPR,YESVANTPUR JN,DR,MUMBAI DADAR CENTRAL,1205,23,20,05:50:00,06:30:00,11017,1,1,1,0,0,0
15212,AMRITSAR - DARBHANGA Jan Nayak Exp,Exp,Express,ECR,ASR,AMRITSAR JN,DBG,DARBHANGA JN,1499,33,5,04:10:00,19:05:00,15211,0,0,0,0,0,0
40013,Chennai Beach Tambaram EMU(12 Car),MEMU,MEMU,SR,MSB,CHENNAI BEACH,TBM,TAMBARAM,33,0,55,08:42:00,07:47:00,,0,0,0,0,0,0
56304,Nagercoil Kottayam Passenger,Pass,Passenger,SR,NCJ,NAGERCOIL JN,KTYM,KOTTAYAM,231,7,30,19:50:00,12:20:00,,0,0,0,0,0,0
56386,Kottayam Ernakulam Passenger,Pass,Passenger,SR,KTYM,KOTTAYAM,ERS,ERNAKULAM JN,60,1,40,07:05:00,05:25:00,56385,0,0,0,0,0,0
56390,Kottayam Ernakulam Passenger,Pass,Passenger,SR,KTYM,KOTTAYAM,ERS,ERNAKULAM JN,60,1,40,18:55:00,17:15:00,56389,0,0,0,0,0,0
02082,Loharu - Jaipur Passenger Spl (MG),Pass,Passenger,NWR,LHU,Loharu,JP,JAIPUR,229,6,55,09:35:00,02:40:00,02083,0,0,0,0,0,0
02083,Jaipur-Loharu MG Passenger Special,Pass,Passenger,NWR,JP,JAIPUR,LHU,Loharu,229,6,40,06:10:00,23:30:00,02084,0,0,0,0,0,0
02084,Loharu - Jaipur Passenger Spl (MG),Pass,Passenger,NWR,LHU,Loharu,JP,JAIPUR,230,6,35,05:45:00,23:10:00,02083,0,0,0,0,0,0
02085,Jaipur - Churu Passenger Spl (MG),Pass,Passenger,NWR,JP,JAIPUR,CUR,Churu,198,5,20,22:15:00,16:55:00,02086,0,0,0,0,0,0
02086,Churu - Jaipur Passenger Spl (MG),Pass,Passenger,NWR,CUR,Churu,JP,JAIPUR,198,5,50,11:05:00,05:15:00,02085,0,0,0,0,0,0
02087,Jaipur - Churu Passenger Spl (MG),Pass,Passenger,NWR,JP,JAIPUR,CUR,Churu,198,7,15,03:45:00,20:30:00,02086,0,0,0,0,0,0
02088,Churu - Jaipur Passenger Spl (MG),Pass,Passenger,NWR,CUR,Churu,JP,JAIPUR,198,5,10,08:15:00,03:05:00,02087,0,0,0,0,0,0
02089,Sikar - Churu Passenger Spl (MG),Pass,Passenger,NWR,SIKR,Sikar Junction,CUR,Churu,90,2,30,13:35:00,11:05:00,02090,0,0,0,0,0,0
02090,Sikar - Churu Passenger Spl (MG),Pass,Passenger,NWR,CUR,Churu,SIKR,Sikar Junction,90,2,5,16:05:00,14:00:00,02089,0,0,0,0,0,0
02093,Jaipur Loharu Passenger,Pass,Passenger,NWR,JP,JAIPUR,LHU,Loharu,229,6,55,14:40:00,07:45:00,02094,0,0,0,0,0,0
02411,Ratangarh-Sardarshahar Passenger,Pass,Passenger,NR,RTGH,Ratangarh Junction,SRDR,Sardarshahr,46,1,40,13:10:00,11:30:00,02412,0,0,0,0,0,0
02412,Sardarshahr-Ratangarh Passenger Special,Pass,Passenger,NR,SRDR,Sardarshahr,RTGH,Ratangarh Junction,46,1,40,15:20:00,13:40:00,02411,0,0,0,0,0,0
02413,Sadulpur-Shri Ganganagar Passenger Special,Pass,Passenger,NWR,SDLP,Sadulpur Junction,SGNR,SHRI GANGANAGAR,246,5,45,08:15:00,02:30:00,02414,0,0,0,0,0,0
02423,Dibrugarh Guwahati Rajdhani Express,Raj,Rajdhani,NR,DBRT,DIBRUGARH TOWN,GHY,GUWAHATI,564,10,0,06:15:00,20:15:00,02424,0,1,0,0,0,0
02424,Guwahati Dibrugarh Rajdhani Express,Raj,Rajdhani,NR,GHY,GUWAHATI,DBRT,DIBRUGARH TOWN,564,10,55,05:00:00,18:05:00,02423,0,1,0,0,0,0
02435,Dibrugarh Guwahati Rajdhani Express,Raj,Rajdhani,NR,DBRT,DIBRUGARH TOWN,GHY,GUWAHATI,564,10,5,05:05:00,19:00:00,02436,0,1,0,0,0,0
02436,Guwahati Dibrugarh Rajdhani Express,Raj,Rajdhani,NR,GHY,GUWAHATI,DBRT,DIBRUGARH TOWN,564,10,40,06:25:00,19:45:00,02435,0,1,0,0,0,0
02451,Kalka Shimla Holiday Special,Pass,Passenger,?,KLK,Kalka,SML,Shimla,95,5,10,12:10:00,07:00:00,02452,0,0,0,0,0,0
02452,Shimla Kalka Holiday Special,Pass,Passenger,?,SML,Shimla,KLK,Kalka,96,5,20,21:10:00,15:50:00,02451,0,0,0,0,0,0
02453,Kalka Shimla Holiday Special,Pass,Passenger,?,KLK,Kalka,SML,Shimla,95,5,25,18:10:00,12:45:00,02452,0,0,0,0,0,0
02454,Shimla Kalka Holiday Special,Pass,Passenger,?,SML,Shimla,KLK,Kalka,96,5,55,15:20:00,09:25:00,02453,0,0,0,0,0,0
02779,Vasco da Gama Bangalore Link Express,SF,Superfast,SWR,VSG,VASCO DA GAMA,SBC,BANGALORE CITY JN,705,16,25,07:35:00,15:10:00,,1,1,0,0,0,0
03283,Rajendra Nagar-Tatanagar Special,Exp,Express,ECR,RJPB,RAJENDRA NAGAR BIHAR,TATA,TATANAGAR JN,496,10,50,10:05:00,23:15:00,03284,1,1,1,0,0,0
03284,Tatanagar-Rajendra Nagar Special,Exp,Express,ECR,TATA,TATANAGAR JN,RJPB,RAJENDRA NAGAR BIHAR,496,11,0,22:00:00,11:00:00,03283,1,1,1,0,0,0
03686,Delhi Gaya S,SF,Superfast,ECR,DLI,OLD DELHI,GAYA,GAYA JN,972,14,35,09:45:00,19:10:00,03685,1,1,1,0,0,0
04011,Sainagar Shirdi - H. Nizamuddin (Weekly) Special,Exp,Express,NR,SNSI,SAINAGAR SHIRDI,NZM,DELHI H NIZAMUDDIN,1361,26,55,12:55:00,10:00:00,04012,1,1,1,0,0,0
04031,Delhi-Panipat Special,Exp,Express,NR,DLI,OLD DELHI,PNP,PANIPAT JN,89,2,50,08:20:00,05:30:00,04032,1,1,1,0,0,0
04032,Panipat Delhi Special,Exp,Express,NR,PNP,PANIPAT JN,DLI,OLD DELHI,89,2,30,21:00:00,18:30:00,04031,1,1,1,0,0,0
04053,Anand Vihar T.-Jammu Tawi Special,Exp,Express,NR,ANVT,ANAND VIHAR TRM,JAT,JAMMU TAWI,633,12,35,11:50:00,23:15:00,04054,1,0,0,0,0,0
04054,Jammu Tawi-Anand Vihar Special,Exp,Express,NR,JAT,JAMMU TAWI,ANVT,ANAND VIHAR TRM,633,12,10,05:40:00,17:30:00,04053,1,0,0,0,0,0
04115,Allahabad - Mumbai LTT (Weekly) Special,Exp,Express,NCR,ALD,ALLAHABAD JN,LTT,LOKMANYA TILAK TERM,1533,28,15,14:35:00,10:20:00,04116,1,1,0,0,0,0
02081,Jaipur Luharu Special,Exp,Express,NWR,JP,JAIPUR,LHU,Loharu,229,6,35,01:00:00,18:25:00,02082,0,0,0,0,0,0
04116,Mumbai LTT-Allahabad Special,Exp,Express,NCR,LTT,LOKMANYA TILAK TERM,ALD,ALLAHABAD JN,1533,30,0,21:50:00,15:50:00,04115,1,1,0,0,0,0
04201,Lucknow -New Delhi Special,Exp,Express,NR,LKO,LUCKNOW,NDLS,NEW DELHI,493,9,35,08:20:00,22:45:00,04202,1,1,1,0,0,0
04202,New Delhi-Lucknow tri-weekly Special,Exp,Express,NR,NDLS,NEW DELHI,LKO,LUCKNOW,493,9,50,09:45:00,23:55:00,04201,1,1,1,0,0,0
04203,Varanasi-Old Delhi Special,Exp,Express,NR,BSB,VARANASI JN,DLI,OLD DELHI,770,14,10,10:10:00,20:00:00,04204,1,1,1,0,0,0
11067-Slip,Saket Express Slip,Exp,Express,CR,LTT,LOKMANYA TILAK TERM,RBL,RAE BARELI JN,1502,27,0,08:20:00,05:20:00,,1,1,1,0,0,0
11108,Varanasi-Gwalior Bundelkhand Express,Exp,Express,NCR,BSB,VARANASI JN,GWL,GWALIOR JN,624,14,50,08:55:00,18:05:00,11107,1,1,1,1,0,0
11109,Jhansi-Lucknow Intercity Express,Exp,Express,CR,JHS,JHANSI JN,LKO,LUCKNOW,292,5,50,12:00:00,06:10:00,11110,0,0,0,0,0,1
11110,Lucknow-Jhansi InterCity,Exp,Express,CR,LKO,LUCKNOW,JHS,JHANSI JN,292,6,5,22:35:00,16:30:00,11109,0,0,0,0,0,1
11123,Barauni-Gwalior Mail,Mail,Mail/Express,NCR,BJU,BARAUNI JN,GWL,GWALIOR JN,1055,26,15,21:00:00,18:45:00,11124,1,1,1,0,0,0
11124,Gwalior Barauni Mail,Mail,Mail/Express,NCR,GWL,GWALIOR JN,BJU,BARAUNI JN,1055,25,20,13:05:00,11:45:00,11123,1,1,1,0,0,0
11125,Indore Gwalior Express,Exp,Express,CR,INDB,INDORE JN BG,GWL,GWALIOR JN,562,12,10,08:25:00,20:15:00,11126,1,1,1,0,0,0
11126,Gwalior Indore Express,Exp,Express,CR,GWL,GWALIOR JN,INDB,INDORE JN BG,562,12,20,07:50:00,19:30:00,11125,1,1,1,0,0,0
11454,Prerna Express,Exp,Express,CR,NGP,NAGPUR,ADI,AHMEDABAD JN,959,18,5,03:40:00,09:35:00,11453,1,1,0,0,0,0
52071,BARI SADRI - MAVLI PASSENGER,Pass,Passenger,NWR,BI,BARI SADRI,MVJ,MAVLI JN,82,2,55,15:40:00,12:45:00,52072,0,0,0,0,0,0
11063-Slip,Chennai Salem Express Slip,Exp,Express,CR,MS,CHENNAI EGMORE,MTDM,METUR DAM,393,9,5,08:05:00,23:00:00,,1,1,1,1,0,0
11065,MUMBAI LTT - DARBHANGA Pawan Exp,Exp,Express,CR,LTT,LOKMANYA TILAK TERM,DBG,DARBHANGA JN,1880,37,5,01:20:00,12:15:00,11066,1,1,1,0,0,0
11066,DARBHANGA - MUMBAI LTT Pawan Exp,Exp,Express,CR,DBG,DARBHANGA JN,LTT,LOKMANYA TILAK TERM,1880,38,35,03:45:00,13:10:00,11065,1,1,1,0,0,0
11067,MUMBAI LTT - FAIZABAD Saket Exp,Exp,Express,CR,LTT,LOKMANYA TILAK TERM,FD,FAIZABAD JN,1505,28,5,09:25:00,05:20:00,11068,1,1,1,0,0,0
11068,FAIZABAD - MUMBAI LTT Saket Exp,Exp,Express,CR,FD,FAIZABAD JN,LTT,LOKMANYA TILAK TERM,1505,30,5,21:40:00,15:35:00,11067,1,1,1,0,0,0
11069,Tulsi Express,Exp,Express,CR,LTT,LOKMANYA TILAK TERM,ALD,ALLAHABAD JN,1511,27,30,08:50:00,05:20:00,11070,1,1,1,0,0,0
11070,Tulsi Express,Exp,Express,CR,ALD,ALLAHABAD JN,LTT,LOKMANYA TILAK TERM,1511,29,25,21:40:00,16:15:00,11069,1,1,1,0,0,0
11071,Kamayani Express,Exp,Express,CR,LTT,LOKMANYA TILAK TERM,BSB,VARANASI JN,1640,30,45,19:25:00,12:40:00,11072,1,1,1,0,0,0
11072,Kamayani Express,Exp,Express,CR,BSB,VARANASI JN,LTT,LOKMANYA TILAK TERM,1640,31,15,23:05:00,15:50:00,11071,1,1,1,0,0,0
11077,Jhelum Express,Exp,Express,CR,PUNE,PUNE JN,JAT,JAMMU TAWI,2177,40,0,09:20:00,17:20:00,11078,1,1,1,0,0,0
11078,Jhelum Express,Exp,Express,CR,JAT,JAMMU TAWI,PUNE,PUNE JN,2173,40,50,14:35:00,21:45:00,11077,1,1,1,0,0,0
11087,Veraval Pune Express,Exp,Express,CR,VRL,VERAVAL,PUNE,PUNE JN,1066,22,20,04:45:00,06:25:00,11088,1,1,1,0,0,0
11088,Pune Veraval Express,Exp,Express,CR,PUNE,PUNE JN,VRL,VERAVAL,1066,20,50,16:40:00,19:50:00,11087,1,1,1,0,0,0
11089,BHAGAT KI KOTHI - PUNE Exp,Exp,Express,CR,BGKT,BHAGAT KI KOTHI,PUNE,PUNE JN,1094,23,15,04:45:00,05:30:00,11090,1,1,1,0,0,0
11090,PUNE - BHAGAT KI KOTHI Exp,Exp,Express,CR,PUNE,PUNE JN,BGKT,BHAGAT KI KOTHI,1094,21,45,17:35:00,19:50:00,11089,1,1,1,0,0,0
11091,BHUJ - PUNE Ahimsa Exp,Exp,Express,CR,BHUJ,BHUJ,PUNE,PUNE JN,993,20,45,04:45:00,08:00:00,11092,1,1,1,0,0,0
11092,PUNE - BHUJ Ahimsa Exp,Exp,Express,CR,PUNE,PUNE JN,BHUJ,BHUJ,993,19,30,15:20:00,19:50:00,11091,1,1,1,0,0,0
11093,MUMBAI CST - VARANASI Mahanagari Exp,Exp,Express,CR,CSTM,MUMBAI CST,BSB,VARANASI JN,1533,28,30,04:40:00,00:10:00,11094,1,1,1,0,0,0
11094,VARANASI - MUMBAI CST Mahanagari Exp,Exp,Express,CR,BSB,VARANASI JN,CSTM,MUMBAI CST,1533,26,50,14:15:00,11:25:00,11093,1,1,1,0,0,0
11095,Ahimsa Express,Exp,Express,CR,ADI,AHMEDABAD JN,PUNE,PUNE JN,635,12,45,04:45:00,16:00:00,11096,1,1,1,0,0,0
11096,Ahimsa Express,Exp,Express,CR,PUNE,PUNE JN,ADI,AHMEDABAD JN,635,11,55,07:45:00,19:50:00,11095,1,1,1,0,0,0
11105,Pratham Swatantrata Sangram Express,Exp,Express,CR,KOAA,KOLKATA CHITPUR,JHS,JHANSI JN,1326,25,25,08:50:00,07:25:00,11106,1,1,0,0,0,0
11106,Pratham Swatantrata Sangram Express,Exp,Express,CR,JHS,JHANSI JN,KOAA,KOLKATA CHITPUR,1326,25,5,21:45:00,20:40:00,11105,1,1,0,0,0,0
11266,AMBIKAPUR - JABALPUR Exp,Exp,Express,WCR,ABKP,AMBIKAPUR,JBP,JABALPUR,433,8,50,14:55:00,06:05:00,11265,1,0,0,0,0,0
11401,Nandigram Express,Exp,Express,CR,CSTM,MUMBAI CST,NGP,NAGPUR,1139,23,40,16:15:00,16:35:00,11402,1,1,1,0,0,0
11402,Nandigram Express,Exp,Express,CR,NGP,NAGPUR,CSTM,MUMBAI CST,1139,23,40,05:40:00,06:00:00,11401,1,1,1,0,0,0
11403,NAGPUR - KOLHAPUR EXP,Exp,Express,CR,NGP,NAGPUR,KOP,C SHAHU M RAJ KOLHAPUR TERM,1038,24,25,15:25:00,15:00:00,11404,1,1,1,0,0,0
11404,KOLHAPUR - NAGPUR EXP,Exp,Express,CR,KOP,C SHAHU M RAJ KOLHAPUR TERM,NGP,NAGPUR,1038,23,45,12:35:00,12:50:00,11403,1,1,1,0,0,0
11423,Solapur - Hubli Express,Exp,Express,CR,SUR,SOLAPUR JN,UBL,HUBLI JN,358,8,5,14:30:00,06:25:00,11424,0,0,0,0,0,0
11424,Hubli Jn - Solapur Express,Exp,Express,CR,UBL,HUBLI JN,SUR,SOLAPUR JN,357,8,15,23:15:00,15:00:00,11423,0,0,0,0,0,0
11447,JABALPUR - KOL HOWRAH Shaktipunj Exp,Exp,Express,WCR,JBP,JABALPUR,HWH,HOWRAH JN,1152,27,45,04:15:00,00:30:00,11448,1,1,1,0,0,0
11448,HOWRAH - JABALPUR Shaktipunj Exp,Exp,Express,WCR,HWH,HOWRAH JN,JBP,JABALPUR,1152,25,15,15:45:00,14:30:00,11447,1,1,1,0,0,0
11449,JABALPUR - SHRI MATA VAISHNO DEVI KATRA Express,Exp,Express,CR,JBP,JABALPUR,SVDK,S M V D KATRA,1509,31,10,13:10:00,06:00:00,11450,1,1,1,0,0,0
11450,SHRI MATA VAISHNO DEVI KATRA - JABALPUR Express,Exp,Express,CR,SVDK,S M V D KATRA,JBP,JABALPUR,1509,32,55,08:40:00,23:45:00,11449,1,1,1,0,0,0
11451,JABALPUR - REWA Intercity Exp,Exp,Express,CR,JBP,JABALPUR,REWA,REWA,238,4,35,21:40:00,17:05:00,11452,0,0,0,0,0,1
11452,REWA - JABALPUR Intercity Exp,Exp,Express,CR,REWA,REWA,JBP,JABALPUR,238,4,25,10:25:00,06:00:00,11451,0,0,0,0,0,1
11453,Prerna Express,Exp,Express,CR,ADI,AHMEDABAD JN,NGP,NAGPUR,959,19,50,12:15:00,16:25:00,11454,1,1,0,0,0,0
11463,Somnath-Jabalpur Express,Exp,Express,CR,SMNH,SOMNATH,JBP,JABALPUR,1415,29,30,15:10:00,09:40:00,11464,1,1,1,0,0,0
11464,Jabalpur-Somnath Express,Exp,Express,CR,JBP,JABALPUR,SMNH,SOMNATH,1415,29,55,17:55:00,12:00:00,11463,1,1,1,0,0,0
11471,Indore-Jabalpur Overnight Express,Exp,Express,CR,INDB,INDORE JN BG,JBP,JABALPUR,555,11,55,05:40:00,17:45:00,11472,1,1,1,1,0,0
11472,Jabalpur-Indore Express,Exp,Express,CR,JBP,JABALPUR,INDB,INDORE JN BG,555,11,30,10:30:00,23:00:00,11471,1,1,1,1,0,0
12003,Lucknow-NewDelhi Swarn Shatabdi Express,Shtb,Shatabdi,NR,LKO,LUCKNOW,NDLS,NEW DELHI,511,6,30,22:05:00,15:35:00,12004,0,0,0,0,0,1
12020,Ranchi-Howrah Shatabdi Express,Shtb,Shatabdi,ER,RNC,RANCHI,HWH,HOWRAH JN,423,7,25,21:10:00,13:45:00,12019,0,0,0,1,0,1
12021,Barbil Janshatabdi,JShtb,Jan Shatabdi,ER,HWH,HOWRAH JN,BBN,Barbil,398,6,55,13:15:00,06:20:00,12022,0,0,0,0,0,1
12022,Barbil Howrah Janshatabdi,JShtb,Jan Shatabdi,ER,BBN,Barbil,HWH,HOWRAH JN,398,7,5,20:50:00,13:45:00,12021,0,0,0,0,0,1
12189,JABALPUR - DELHI H NIZAMUDDIN Mahakoshal SF Exp,SF,Superfast,CR,JBP,JABALPUR,NZM,DELHI H NIZAMUDDIN,961,17,25,11:35:00,18:10:00,12190,1,1,1,0,0,0
53030,Bhagalpur Azimganj Passenger,Pass,Passenger,ER,BGP,BHAGALPUR,AZ,AZIMGANJ JN,226,8,35,13:25:00,04:50:00,53029,0,0,0,0,0,0
56385,Ernakulam Kottayam Passenger,Pass,Passenger,SR,ERS,ERNAKULAM JN,KTYM,KOTTAYAM,60,1,55,09:25:00,07:30:00,56386,0,0,0,0,0,0
11465,SOMNATH - JABALPUR Exp (via Bina),Exp,Express,WCR,SMNH,SOMNATH,JBP,JABALPUR,1570,32,50,18:30:00,09:40:00,11466,1,1,1,0,0,0
11466,JABALPUR - SOMNATH Exp (via Bina),Exp,Express,CR,JBP,JABALPUR,SMNH,SOMNATH,1570,31,55,17:55:00,10:00:00,11465,1,1,1,0,0,0
11702,INDORE - JABALPUR Intercity Exp,Exp,Express,WCR,INDB,INDORE JN BG,JBP,JABALPUR,761,16,10,20:25:00,04:15:00,11701,0,0,0,0,0,1
12002,New Delhi-Bhopal Shatabdi Express,Shtb,Shatabdi,NR,NDLS,NEW DELHI,BPL,BHOPAL JN,701,7,50,14:05:00,06:15:00,12001,0,0,0,1,0,1
12004,NewDelh-Lucknowi Swarn Shatabdi Express,SF,Superfast,NR,NDLS,NEW DELHI,LKO,LUCKNOW,511,6,15,12:30:00,06:15:00,12003,0,0,0,0,0,1
12005,New Delhi-Kalka Shatabdi,Shtb,Shatabdi,NR,NDLS,NEW DELHI,KLK,Kalka,303,4,5,21:20:00,17:15:00,12006,0,0,0,1,0,1
12006,Kalka-New Delhi Shatabdi,Shtb,Shatabdi,NR,KLK,Kalka,NDLS,NEW DELHI,303,4,10,10:25:00,06:15:00,12005,0,0,0,0,0,1
12008,MYSORE - CHENNAI CENT Shatabdi Express,Shtb,Shatabdi,SR,MYS,MYSORE JN,MAS,CHENNAI CENTRAL,500,7,10,21:25:00,14:15:00,12007,0,0,0,1,0,1
12009,Mumbai-Ahmedabad Shatabdi Express,Shtb,Shatabdi,WR,BCT,Mumbai Central,ADI,AHMEDABAD JN,491,6,45,13:10:00,06:25:00,12010,0,0,0,1,0,1
12010,Ahmedabad-Mumbai Central Shatabdi,Shtb,Shatabdi,WR,ADI,AHMEDABAD JN,BCT,Mumbai Central,491,7,5,21:35:00,14:30:00,12009,0,0,0,1,0,1
12011,Kalka Shatabdi Express,Shtb,Shatabdi,NR,NDLS,NEW DELHI,KLK,Kalka,303,4,5,11:45:00,07:40:00,12012,0,0,0,0,0,1
12012,Kalka-New Delhi Shatabdi,Shtb,Shatabdi,NR,KLK,Kalka,NDLS,NEW DELHI,303,4,10,21:55:00,17:45:00,12011,0,0,0,0,0,1
12013,New Delhi-Amritsar Shatabdi Express,Shtb,Shatabdi,NR,NDLS,NEW DELHI,ASR,AMRITSAR JN,448,6,5,22:35:00,16:30:00,12014,0,0,0,1,0,1
12014,Amritsar-NewDelhi Shatabdi,Shtb,Shatabdi,NR,ASR,AMRITSAR JN,NDLS,NEW DELHI,448,6,15,11:15:00,05:00:00,12013,0,0,0,1,0,1
12015,New Delhi-Ajmer Shatabdi,Shtb,Shatabdi,NR,NDLS,NEW DELHI,AII,AJMER JN,443,6,35,12:40:00,06:05:00,12016,0,0,0,1,0,1
12016,Ajmer-New Delhi Shatabdi,Shtb,Shatabdi,NR,AII,AJMER JN,NDLS,NEW DELHI,443,6,50,22:40:00,15:50:00,12015,0,0,0,1,0,1
12017,New Delhi-Dehradun Shatabdi,Shtb,Shatabdi,NR,NDLS,NEW DELHI,DDN,DEHRADUN,315,5,50,12:40:00,06:50:00,12018,0,0,0,1,0,1
12018,Dehradun-New Delhi Shatabdi,Shtb,Shatabdi,NR,DDN,DEHRADUN,NDLS,NEW DELHI,315,5,45,22:45:00,17:00:00,12017,0,0,0,1,0,1
12023,Howrah-Patna Jan Shatabdi,JShtb,Jan Shatabdi,ECR,HWH,HOWRAH JN,PNBE,PATNA JN,532,8,10,22:15:00,14:05:00,12024,0,0,0,0,0,1
12024,Patna-Howrah Jan Shatabdi,JShtb,Jan Shatabdi,ECR,PNBE,PATNA JN,HWH,HOWRAH JN,532,7,40,13:25:00,05:45:00,12023,0,0,0,0,0,1
12025,Pune-Secunderabad Shatabdi Express,Shtb,Shatabdi,CR,PUNE,PUNE JN,SC,SECUNDERABAD JN,597,8,20,14:10:00,05:50:00,12026,0,0,0,0,0,1
12026,Secunderabad-Pune Shatabdi,Shtb,Shatabdi,CR,SC,SECUNDERABAD JN,PUNE,PUNE JN,597,8,20,23:00:00,14:40:00,12025,0,0,0,1,0,1
12028,BANGALORE CITY - CHENNAI CENT Shatabdi Exp,Shtb,Shatabdi,SWR,SBC,BANGALORE CITY JN,MAS,CHENNAI CENTRAL,362,5,0,11:00:00,06:00:00,12027,0,0,0,0,0,1
12029,New Delhi-Amritsar Swarna Shatabdi Express,Shtb,Shatabdi,NR,NDLS,NEW DELHI,ASR,AMRITSAR JN,448,6,5,13:25:00,07:20:00,12030,0,0,0,1,0,1
12031,Amritsar Shatabdi Express,Shtb,Shatabdi,NR,NDLS,NEW DELHI,ASR,AMRITSAR JN,448,6,5,13:25:00,07:20:00,12032,0,0,0,1,0,1
12032,Amritsar Shatabdi Express,Shtb,Shatabdi,NR,ASR,AMRITSAR JN,NDLS,NEW DELHI,448,6,10,23:05:00,16:55:00,12031,0,0,0,1,0,1
12033,Kanpur Shatabdi,Shtb,Shatabdi,NCR,CNB,KANPUR CENTRAL,NDLS,NEW DELHI,437,5,10,11:10:00,06:00:00,12034,0,0,0,1,0,1
12034,New Delhi-Kanpur Shatabdi Express,Shtb,Shatabdi,NCR,NDLS,NEW DELHI,CNB,KANPUR CENTRAL,437,4,55,20:50:00,15:55:00,12033,0,0,0,1,0,1
12037,New Delhi-Ludhiana Shatabdi Express,Shtb,Shatabdi,NR,NDLS,NEW DELHI,LDH,LUDHIANA JN,329,5,20,12:20:00,07:00:00,12038,0,0,0,0,0,1
12038,Ludhiana-New Delhi Shatabdi Express,Shtb,Shatabdi,NR,LDH,LUDHIANA JN,NDLS,NEW DELHI,329,5,25,22:05:00,16:40:00,12037,0,0,0,0,0,1
12051,DADAR - MADGAON Jan Shatabdi Exp,JShtb,Jan Shatabdi,KR,DR,MUMBAI DADAR CENTRAL,MAO,MADGAON,765,9,0,14:10:00,05:10:00,12052,0,0,0,0,0,1
12052,MADGAON - DADAR Jan Shatabdi Exp,JShtb,Jan Shatabdi,KR,MAO,MADGAON,DR,MUMBAI DADAR CENTRAL,765,8,50,23:20:00,14:30:00,12051,0,0,0,0,0,1
12053,Haridwar Amritsar Jan Shatabdi Express,JShtb,Jan Shatabdi,NR,HW,HARIDWAR JN,ASR,AMRITSAR JN,407,7,20,21:55:00,14:35:00,12054,0,0,0,0,0,1
12054,Amritsar Haridwar Jan Shatabdi,JShtb,Jan Shatabdi,NR,ASR,AMRITSAR JN,HW,HARIDWAR JN,407,6,55,13:55:00,07:00:00,12053,0,0,0,0,0,1
12055,Dehradun Jan Shatabdi Express,JShtb,Jan Shatabdi,NR,NDLS,NEW DELHI,DDN,DEHRADUN,303,5,55,21:10:00,15:15:00,12056,0,0,0,0,0,1
12059,Kota-Hazrat Nizamuddin Jan Shatabdi,JShtb,Jan Shatabdi,WCR,KOTA,KOTA JN,NZM,DELHI H NIZAMUDDIN,458,6,35,12:30:00,05:55:00,12060,0,0,0,0,0,1
12060,Hazarat Nizamuddin-Kota Jan Shatabdi,JShtb,Jan Shatabdi,WCR,NZM,DELHI H NIZAMUDDIN,KOTA,KOTA JN,458,6,20,19:40:00,13:20:00,12059,0,0,0,0,0,1
12063,Haridwar Chandigarh Una Link Jan Shatabdi Express,JShtb,Jan Shatabdi,NR,HW,HARIDWAR JN,UHL,Una Himachal,368,7,35,22:10:00,14:35:00,12064,0,0,0,0,0,0
12064,Una Chandigarh Haridwar Link Jan Shatabdi,JShtb,Jan Shatabdi,NR,UHL,Una Himachal,HW,HARIDWAR JN,368,8,55,13:55:00,05:00:00,12063,0,0,0,0,0,0
12067,Guwahati Jorhat Jan Shatabdi,JShtb,Jan Shatabdi,NFR,GHY,GUWAHATI,JTTN,Jorhat Town,376,6,40,13:10:00,06:30:00,12068,0,0,0,0,0,1
12083,Mayiladuturai-Coimbatore Jan Shatabdi,JShtb,Jan Shatabdi,SR,MV,MAYILADUTURAI JN,CBE,COIMBATORE JN,362,6,35,21:20:00,14:45:00,12084,0,0,0,0,0,1
12107,Mumbai LTT Lucknow Superfast Express,SF,Superfast,CR,LTT,LOKMANYA TILAK TERM,LJN,LUCKNOW JN,1410,22,45,15:10:00,16:25:00,12108,1,1,1,0,0,0
12108,Lucknow Mumbai LTT Superfast Express,SF,Superfast,CR,LJN,LUCKNOW JN,LTT,LOKMANYA TILAK TERM,1409,24,0,22:45:00,22:45:00,12107,1,1,1,0,0,0
12110,Panchavati Express,SF,Superfast,CR,MMR,MANMAD JN,CSTM,MUMBAI CST,261,4,35,10:45:00,06:10:00,12109,0,0,0,0,0,1
12118,Manmad-Mumbai LTT Express,SF,Superfast,CR,MMR,MANMAD JN,LTT,LOKMANYA TILAK TERM,245,4,25,13:00:00,08:35:00,12117,0,0,0,0,0,1
56389,Ernakulam Kottayam Passenger,Pass,Passenger,SR,ERS,ERNAKULAM JN,KTYM,KOTTAYAM,60,1,55,22:00:00,20:05:00,56390,0,0,0,0,0,0
12056,Dehradun Jan Shatabdi Express,JShtb,Jan Shatabdi,NR,DDN,DEHRADUN,NDLS,NEW DELHI,305,6,5,11:15:00,05:10:00,12055,0,0,0,0,0,1
12057,New Delhi-Una Janshatabdi,JShtb,Jan Shatabdi,NR,NDLS,NEW DELHI,UHL,Una Himachal,410,7,35,22:10:00,14:35:00,12058,0,0,0,0,0,1
12058,Una-New Delhi Janshatabdi,JShtb,Jan Shatabdi,NR,UHL,Una Himachal,NDLS,NEW DELHI,410,7,0,12:00:00,05:00:00,12057,0,0,0,0,0,1
12061,HabibGanj Bhopal-Jabalpur Jan Shatabdi,JShtb,Jan Shatabdi,WCR,HBJ,HABIBGANJ,JBP,JABALPUR,331,5,15,22:55:00,17:40:00,12062,0,0,0,0,0,1
12062,Jabalpur-HabibGanj Bhopal Jan Shatabdi,JShtb,Jan Shatabdi,WCR,JBP,JABALPUR,HBJ,HABIBGANJ,331,5,35,11:35:00,06:00:00,12061,0,0,0,0,0,1
12068,Jorhat Guwahati Jan Shatabdi,JShtb,Jan Shatabdi,NFR,JTTN,Jorhat Town,GHY,GUWAHATI,376,6,50,20:45:00,13:55:00,12067,0,0,0,0,0,1
12069,Raigarh-Gondia Jan Shatabdi,JShtb,Jan Shatabdi,SECR,RIG,RAIGARH,G,GONDIA JN,414,7,0,13:25:00,06:25:00,12070,0,0,0,0,0,1
12070,Gondia-Raigarh Jan Shatabdi,JShtb,Jan Shatabdi,SECR,G,GONDIA JN,RIG,RAIGARH,414,7,0,22:00:00,15:00:00,12069,0,0,0,0,0,1
12072,Aurangabad Mumbai Jan Shatabdi,JShtb,Jan Shatabdi,SCR,AWB,AURANGABAD,CSTM,MUMBAI CST,374,6,45,12:45:00,06:00:00,12071,0,0,0,0,0,1
12074,Bhubaneswar-Howrah Jan Shatabdi Express,JShtb,Jan Shatabdi,ECoR,BBS,BHUBANESWAR,HWH,HOWRAH JN,439,6,30,12:50:00,06:20:00,12073,0,0,0,0,0,1
12075,Kozhikode-Trivandrum Jan Shatabdi Express,JShtb,Jan Shatabdi,SR,CLT,KOZHIKODE,TVC,TRIVANDRUM CENTRAL,399,7,15,20:55:00,13:40:00,12076,0,0,0,0,0,1
12076,Trivandrum-Kozhikode Jan Shatabdi Express,JShtb,Jan Shatabdi,SR,TVC,TRIVANDRUM CENTRAL,CLT,KOZHIKODE,399,7,0,13:00:00,06:00:00,12075,0,0,0,0,0,1
12078,Vijayawada Chennai Jan Shatabdi,JShtb,Jan Shatabdi,SR,BZA,VIJAYAWADA JN,MAS,CHENNAI CENTRAL,431,6,35,21:10:00,14:35:00,12077,0,0,0,0,0,1
12079,Bangalore City-Hubli Jan Shatabdi,JShtb,Jan Shatabdi,SWR,SBC,BANGALORE CITY JN,UBL,HUBLI JN,469,7,25,13:25:00,06:00:00,12080,0,0,0,0,0,1
12080,Hubli Bangalore Janshatabdi,JShtb,Jan Shatabdi,SWR,UBL,HUBLI JN,SBC,BANGALORE CITY JN,469,7,25,21:25:00,14:00:00,12079,0,0,0,0,0,1
12081,Kozhikode - Trivandrum Jan Shatabdi,JShtb,Jan Shatabdi,SR,CLT,KOZHIKODE,TVC,TRIVANDRUM CENTRAL,413,7,30,13:45:00,06:15:00,12082,0,0,0,0,0,1
12082,Trivandrum-Kozhikode Jan Shatabdi,JShtb,Jan Shatabdi,SR,TVC,TRIVANDRUM CENTRAL,CLT,KOZHIKODE,413,7,45,22:05:00,14:20:00,"Trivandrum Jan Shatabdi"" href=/train/13981/1242/59> 12081",0,0,0,0,0,1
12101,MUMBAI LTT - HOWRAH Janeswari Super Deluxe Exp,SF,Superfast,CR,LTT,LOKMANYA TILAK TERM,HWH,HOWRAH JN,1952,31,0,03:35:00,20:35:00,12102,1,1,1,1,0,0
12102,HOWRAH - MUMBAI LTT Janeswari Super Deluxe Exp,SF,Superfast,CR,HWH,HOWRAH JN,LTT,LOKMANYA TILAK TERM,1952,30,50,05:45:00,22:55:00,12101,1,1,1,1,0,0
12103,Pune Lucknow Jn SuperFast Express,SF,Superfast,CR,PUNE,PUNE JN,LJN,LUCKNOW JN,1478,24,55,17:10:00,16:15:00,12104,1,1,1,0,0,0
12104,Lucknow Jn - Pune Express,SF,Superfast,CR,LJN,LUCKNOW JN,PUNE,PUNE JN,1477,25,35,08:05:00,06:30:00,12103,1,1,1,0,0,0
12105,Vidarbha Express,SF,Superfast,CR,CSTM,MUMBAI CST,G,GONDIA JN,968,16,0,11:10:00,19:10:00,12106,1,1,1,1,0,0
12106,Vidarbha Express,SF,Superfast,CR,G,GONDIA JN,CSTM,MUMBAI CST,968,15,55,06:50:00,14:55:00,12105,1,1,1,1,0,0
12109,Panchavati Express,SF,Superfast,CR,CSTM,MUMBAI CST,MMR,MANMAD JN,261,4,35,22:50:00,18:15:00,12110,0,0,0,0,0,1
12111,Mumbai CST-Amaravati SF Express,SF,Superfast,CR,CSTM,MUMBAI CST,AMI,Amravati,673,12,10,08:15:00,20:05:00,12112,1,1,1,1,0,0
12112,Amaravati-Mumbai CST Express,SF,Superfast,CR,AMI,Amravati,CSTM,MUMBAI CST,673,11,30,06:35:00,19:05:00,12111,1,1,1,1,0,0
12113,Pune-Nagpur Garib Rath Express,GR,Garib Rath,CR,PUNE,PUNE JN,NGP,NAGPUR,890,15,45,09:25:00,17:40:00,12114,0,1,0,0,0,0
12114,Nagpur-Pune Garib Rath,GR,Garib Rath,CR,NGP,NAGPUR,PUNE,PUNE JN,890,15,10,09:45:00,18:35:00,12113,0,1,0,0,0,0
12115,Siddheshwar Express,SF,Superfast,CR,CSTM,MUMBAI CST,SUR,SOLAPUR JN,455,8,15,06:57:00,22:42:00,12116,1,1,1,1,0,0
12116,Siddheshwar Express,SF,Superfast,CR,SUR,SOLAPUR JN,CSTM,MUMBAI CST,455,8,15,07:00:00,22:45:00,12115,1,1,1,1,0,0
12117,Mumbai LTT- Manmad Express,SF,Superfast,CR,LTT,LOKMANYA TILAK TERM,MMR,MANMAD JN,245,4,25,19:25:00,15:00:00,12118,0,0,0,0,0,1
12119,Amaravati Nagpur Express,SF,Superfast,CR,AMI,Amravati,NGP,NAGPUR,184,3,20,08:35:00,05:15:00,12120,0,0,0,0,0,1
12120,Nagpur Amravati Express,SF,Superfast,CR,NGP,NAGPUR,AMI,Amravati,184,3,20,21:45:00,18:25:00,12119,0,0,0,0,0,1
12122,DELHI H NIZAMUDDIN - JABALPUR S Kranti Exp,SKr,Sampark Kranti,WCR,NZM,DELHI H NIZAMUDDIN,JBP,JABALPUR,909,14,35,08:00:00,17:25:00,12121,1,1,1,1,0,0
12135,Pune -Nagpur SuperFast Express,SF,Superfast,CR,PUNE,PUNE JN,NGP,NAGPUR,890,15,45,09:25:00,17:40:00,12136,1,1,1,0,0,0
12136,Nagpur Pune Express,SF,Superfast,CR,NGP,NAGPUR,PUNE,PUNE JN,890,15,10,09:45:00,18:35:00,12135,1,1,1,0,0,0
12137,Punjab Mail,SF,Superfast,CR,CSTM,MUMBAI CST,FZR,FIROZPUR CANT,1930,34,0,05:40:00,19:40:00,12138,1,1,1,1,0,0
12138,Punjab Mail,SF,Superfast,CR,FZR,FIROZPUR CANT,CSTM,MUMBAI CST,1930,33,55,07:35:00,21:40:00,12137,1,1,1,1,0,0
12139,Sevagram Express,SF,Superfast,CR,CSTM,MUMBAI CST,NGP,NAGPUR,838,15,10,06:10:00,15:00:00,12140,1,1,1,0,0,0
12139-Slip,Sewagram Express Slip,SF,Superfast,CR,CSTM,MUMBAI CST,NGP,NAGPUR,838,15,10,06:10:00,15:00:00,12140,1,1,1,0,0,0
12140,Sevagram Express,SF,Superfast,CR,NGP,NAGPUR,CSTM,MUMBAI CST,838,15,0,12:00:00,21:00:00,12139,1,1,1,0,0,0
12143,LTT Sultanpur Superfast Weekly Express,SF,Superfast,CR,LTT,LOKMANYA TILAK TERM,SLN,SULTANPUR,1550,27,5,19:45:00,16:40:00,12144,1,1,1,0,0,0
12144,Sultanpur-LTT Weekly SF Express,SF,Superfast,CR,SLN,SULTANPUR,LTT,LOKMANYA TILAK TERM,1550,28,15,04:10:00,23:55:00,12143,1,1,1,0,0,0
12148,Nizamuddin-Kolhapur Express,SF,Superfast,CR,NZM,DELHI H NIZAMUDDIN,KOP,C SHAHU M RAJ KOLHAPUR TERM,1915,34,20,16:20:00,06:00:00,12147,1,1,1,0,0,0
12161,Lashkar Superfast Express,SF,Superfast,CR,LTT,LOKMANYA TILAK TERM,AGC,AGRA CANTT,1334,20,30,12:55:00,16:25:00,12162,1,1,1,0,0,0
12162,Lashkar Express,SF,Superfast,CR,AGC,AGRA CANTT,LTT,LOKMANYA TILAK TERM,1334,22,55,22:45:00,23:50:00,12161,1,1,1,0,0,0
51817,Agra Fort Bandikui Pass,Pass,Passenger,NCR,AF,AGRA FORT,BKI,BANDIKUI JN,150,3,30,20:30:00,17:00:00,51818,0,0,0,0,0,0
12123,Deccan Queen SF Express,SF,Superfast,CR,CSTM,MUMBAI CST,PUNE,PUNE JN,192,3,15,20:25:00,17:10:00,12124,0,0,0,0,0,1
12124,Deccan Queen SF Express,SF,Superfast,CR,PUNE,PUNE JN,CSTM,MUMBAI CST,192,3,10,10:25:00,07:15:00,12123,0,0,0,0,0,1
12125,Pragati Superfast Express,SF,Superfast,CR,CSTM,MUMBAI CST,PUNE,PUNE JN,192,3,28,19:53:00,16:25:00,12124,0,0,0,0,0,1
12126,Pragati Superfast Express,SF,Superfast,CR,PUNE,PUNE JN,CSTM,MUMBAI CST,192,3,20,11:10:00,07:50:00,12127,0,0,0,0,0,1
12127,MumbaiCST-Pune SF InterCity,SF,Superfast,CR,CSTM,MUMBAI CST,PUNE,PUNE JN,192,3,7,09:52:00,06:45:00,12128,0,0,0,0,0,1
12128,Pune-MumbaiCST Intercity Express,SF,Superfast,CR,PUNE,PUNE JN,CSTM,MUMBAI CST,192,3,5,21:00:00,17:55:00,12127,0,0,0,0,0,1
12129,PUNE - HOWRAH Azad Hind SF Exp,SF,Superfast,CR,PUNE,PUNE JN,HWH,HOWRAH JN,2020,33,25,03:50:00,18:25:00,12130,1,1,1,0,0,0
12130,HOWRAH - PUNE Azad Hind SF Exp,SF,Superfast,CR,HWH,HOWRAH JN,PUNE,PUNE JN,2020,32,55,06:50:00,21:55:00,12129,1,1,1,0,0,0
12131,Mumbai Dadar-Sainagar Shirdi Express,SF,Superfast,CR,DR,MUMBAI DADAR CENTRAL,SNSI,SAINAGAR SHIRDI,336,6,6,03:51:00,21:45:00,12132,1,1,1,0,0,0
12132,Sainagar Shirdi-Mumbai Dadar Express,SF,Superfast,CR,SNSI,SAINAGAR SHIRDI,DR,MUMBAI DADAR CENTRAL,336,6,5,16:05:00,10:00:00,12131,1,1,1,0,0,0
12133,MUMBAI CST - MANGALORE Exp,SF,Superfast,CR,CSTM,MUMBAI CST,MAJN,MANGALORE JN,1195,14,10,12:25:00,22:15:00,12134,1,1,1,0,0,0
12134,MANGALORE - MUMBAI CST Exp,SF,Superfast,CR,MAJN,MANGALORE JN,CSTM,MUMBAI CST,1195,14,25,04:25:00,14:00:00,12133,1,1,1,0,0,0
12141,MUMBAI LTT - PATLIPUTRA SF Exp,SF,Superfast,CR,LTT,LOKMANYA TILAK TERM,PPTA,PATLIPUTRA,1714,29,15,04:40:00,23:25:00,12142,1,1,1,0,0,0
12145,MUMBAI LTT - PURI SF Exp,SF,Superfast,CR,LTT,LOKMANYA TILAK TERM,PURI,PURI,1818,32,55,05:30:00,20:35:00,12146,1,1,1,0,0,0
12147,Kolhapur-Nizamuddin Express,SF,Superfast,CR,KOP,C SHAHU M RAJ KOLHAPUR TERM,NZM,DELHI H NIZAMUDDIN,1915,32,0,17:05:00,09:05:00,12148,1,1,1,0,0,0
12149,PUNE - PATLIPUTRA SF Exp,SF,Superfast,CR,PUNE,PUNE JN,PPTA,PATLIPUTRA,1781,31,5,04:00:00,20:55:00,12150,1,1,1,0,0,0
12150,PATLIPUTRA - PUNE SF Exp,SF,Superfast,CR,PPTA,PATLIPUTRA,PUNE,PUNE JN,1780,30,35,05:30:00,22:55:00,12149,1,1,1,0,0,0
12151,MUMBAI LTT - HOWRAH Samarsata SF Exp,SF,Superfast,CR,LTT,LOKMANYA TILAK TERM,HWH,HOWRAH JN,2082,35,50,08:25:00,20:35:00,12152,1,1,1,1,0,0
12152,HOWRAH - MUMBAI LTT Samarsata SF Exp,SF,Superfast,CR,HWH,HOWRAH JN,LTT,LOKMANYA TILAK TERM,2082,34,15,07:30:00,21:15:00,12151,1,1,1,1,0,0
12153,Lokmanya Tilak (T) Habibganj Express,SF,Superfast,CR,LTT,LOKMANYA TILAK TERM,HBJ,HABIBGANJ,822,13,5,05:30:00,16:25:00,12154,1,1,1,0,0,0
12154,Habibganj LTT Superfast Express,SF,Superfast,CR,HBJ,HABIBGANJ,LTT,LOKMANYA TILAK TERM,822,13,10,07:30:00,18:20:00,12153,1,1,1,0,0,0
12155,Shaan-e-Bhopal Express,SF,Superfast,WCR,HBJ,HABIBGANJ,NZM,DELHI H NIZAMUDDIN,700,11,0,08:05:00,21:05:00,12156,1,1,1,1,0,0
12156,Shaan E Bhopal SF Express,SF,Superfast,WCR,NZM,DELHI H NIZAMUDDIN,HBJ,HABIBGANJ,700,10,5,07:05:00,21:00:00,12155,1,1,1,1,0,0
12157,Hutatma Express,SF,Superfast,CR,PUNE,PUNE JN,SUR,SOLAPUR JN,264,4,0,22:00:00,18:00:00,12158,0,0,0,0,0,1
12158,Hutatma Express,SF,Superfast,CR,SUR,SOLAPUR JN,PUNE,PUNE JN,264,4,0,10:30:00,06:30:00,12157,0,0,0,0,0,1
12159,Amravati -Jabalpur Express,SF,Superfast,CR,AMI,Amravati,JBP,JABALPUR,726,13,0,06:45:00,17:45:00,12160,1,1,1,0,0,0
12160,Jabalpur - Amravati Express,SF,Superfast,CR,JBP,JABALPUR,AMI,Amravati,726,13,0,09:50:00,20:50:00,12159,1,1,1,0,0,0
12166,VARANASI - MUMBAI LTT Ratnagiri SF Exp,SF,Superfast,CR,BSB,VARANASI JN,LTT,LOKMANYA TILAK TERM,1483,25,15,21:40:00,20:25:00,12165,1,1,1,0,0,0
12167,MUMBAI LTT - VARANASI SF Exp,SF,Superfast,CR,LTT,LOKMANYA TILAK TERM,BSB,VARANASI JN,1480,27,15,03:50:00,00:35:00,12168,1,1,0,0,0,0
12168,VARANASI - MUMBAI LTT SF Exp,SF,Superfast,CR,BSB,VARANASI JN,LTT,LOKMANYA TILAK TERM,1480,26,5,12:30:00,10:25:00,12167,1,1,0,0,0,0
12169,Pune Solapur InterCity Express,SF,Superfast,CR,PUNE,PUNE JN,SUR,SOLAPUR JN,264,4,0,13:30:00,09:30:00,12170,0,0,0,0,0,1
12170,Solapur Pune Intercity Express,SF,Superfast,CR,SUR,SOLAPUR JN,PUNE,PUNE JN,264,4,5,18:05:00,14:00:00,12169,0,0,0,0,0,1
12171,Mumbai LTT -Haridwar AC Express,SF,Superfast,CR,LTT,LOKMANYA TILAK TERM,HW,HARIDWAR JN,1772,29,20,13:15:00,07:55:00,12172,0,1,1,1,0,0
12172,Haridwar-Mumbai LTT AC Express,SF,Superfast,CR,HW,HARIDWAR JN,LTT,LOKMANYA TILAK TERM,1772,29,5,23:45:00,18:40:00,12171,0,1,1,1,0,0
12173,Udyog Nagri Express,SF,Superfast,CR,LTT,LOKMANYA TILAK TERM,PBH,PARTAPGARH JN,1583,26,30,18:55:00,16:25:00,12174,1,1,1,0,0,0
12174,Udyog Nagri Express,SF,Superfast,CR,PBH,PARTAPGARH JN,LTT,LOKMANYA TILAK TERM,1583,28,25,06:15:00,01:50:00,12173,1,1,1,0,0,0
12177,Chambal Express,SF,Superfast,NCR,HWH,HOWRAH JN,MTJ,MATHURA JN,1475,26,45,20:30:00,17:45:00,12178,1,1,1,0,0,0
12178,Chambal Express,SF,Superfast,NCR,MTJ,MATHURA JN,HWH,HOWRAH JN,1475,26,25,06:45:00,04:20:00,12177,1,1,1,0,0,0
12183,Bhopal Partapgarh Express,SF,Superfast,CR,BPL,BHOPAL JN,PBH,PARTAPGARH JN,758,13,40,09:00:00,19:20:00,12184,1,1,1,0,0,0
12184,Pratapgarh-Bhopal Express,SF,Superfast,CR,PBH,PARTAPGARH JN,BPL,BHOPAL JN,756,13,40,08:50:00,19:10:00,12183,1,1,1,0,0,0
12185,BHOPAL HABIBGANJ - REWA Rewanchal Exp,SF,Superfast,CR,HBJ,HABIBGANJ,REWA,REWA,554,10,0,08:00:00,22:00:00,12186,1,1,1,1,0,0
12186,REWA - BHOPAL HABIBGANJ Rewanchal Exp,SF,Superfast,CR,REWA,REWA,HBJ,HABIBGANJ,554,10,0,06:05:00,20:05:00,12185,1,1,1,1,0,0
12187,Jabalpur-CST Garib Rath Express,GR,Garib Rath,WCR,JBP,JABALPUR,CSTM,MUMBAI CST,997,16,45,12:15:00,19:30:00,12188,0,1,0,0,0,0
12188,Mumbai-Jabalpur Garib Rath Express,GR,Garib Rath,WCR,CSTM,MUMBAI CST,JBP,JABALPUR,997,16,30,06:00:00,13:30:00,12187,0,1,0,0,0,0
12194,Partapgarh Bhopal SuperFast Express,SF,Superfast,CR,PBH,PARTAPGARH JN,BPL,BHOPAL JN,756,13,40,08:50:00,19:10:00,12193,1,1,1,0,0,0
12195,Agra Fort - Ajmer Express,SF,Superfast,CR,AF,AGRA FORT,AII,AJMER JN,376,6,35,11:45:00,05:10:00,12196,0,0,0,0,0,1
12196,Ajmer-Agra Fort Express,SF,Superfast,NCR,AII,AJMER JN,AF,AGRA FORT,376,6,20,21:30:00,15:10:00,12195,0,0,0,0,0,1
53444,Bhagalpur Mandar Hill Passenger,Pass,Passenger,ER,BGP,BHAGALPUR,MDLE,Mandar Hill,50,2,5,11:40:00,09:35:00,53443,0,0,0,0,0,0
12176,Chambal Express,SF,Superfast,CR,GWL,GWALIOR JN,HWH,HOWRAH JN,1303,23,40,06:45:00,07:05:00,12175,1,1,1,0,0,0
12179,Lucknow Agra Intercity SF Express,SF,Superfast,NCR,LJN,LUCKNOW JN,AGC,AGRA CANTT,330,5,50,21:35:00,15:45:00,12180,0,0,0,0,0,1
12180,Agra Lucknow Intercity SF Express,SF,Superfast,NCR,AGC,AGRA CANTT,LJN,LUCKNOW JN,330,5,35,11:45:00,06:10:00,12179,0,0,0,0,0,1
12190,DELHI H NIZAMUDDIN - JABALPUR Mahakoshal SF Exp,SF,Superfast,CR,NZM,DELHI H NIZAMUDDIN,JBP,JABALPUR,961,17,25,09:35:00,16:10:00,12189,1,1,1,0,0,0
12191,Shridham Express,SF,Superfast,WCR,NDLS,NEW DELHI,JBP,JABALPUR,1038,17,10,07:15:00,14:05:00,12192,1,1,1,1,0,0
12192,Jabalpur-New Delhi Superfast Express,SF,Superfast,WCR,JBP,JABALPUR,NDLS,NEW DELHI,1038,17,55,11:40:00,17:45:00,12191,1,1,1,1,0,0
12197,Bhopal Gwalior InterCity Express,SF,Superfast,CR,BPL,BHOPAL JN,GWL,GWALIOR JN,485,8,25,23:55:00,15:30:00,12198,0,0,0,0,0,0
12198,Gwalior Bhopal InterCity Express,SF,Superfast,CR,GWL,GWALIOR JN,BPL,BHOPAL JN,485,8,45,15:00:00,06:15:00,12197,0,0,0,0,0,0
12201,MUMBAI LTT - KOCHUVELI Garib Rath Exp,GR,Garib Rath,SR,LTT,LOKMANYA TILAK TERM,KCVL,KOCHUVELI,1812,27,35,20:30:00,16:55:00,12202,0,1,0,0,0,1
12202,KOCHUVELI - MUMBAI LTT Garib Rath Exp,GR,Garib Rath,SR,KCVL,KOCHUVELI,LTT,LOKMANYA TILAK TERM,1812,26,55,11:45:00,08:50:00,12201,0,1,0,0,0,1
12203,Saharsa Amritsar Garib Rath,GR,Garib Rath,NR,SHC,SAHARSA JN,ASR,AMRITSAR JN,1723,29,45,20:45:00,15:00:00,12204,0,1,0,0,0,1
12204,Amritsar Saharsa Garib Rath,GR,Garib Rath,NR,ASR,AMRITSAR JN,SHC,SAHARSA JN,1723,29,30,10:10:00,04:40:00,12203,0,1,0,0,0,1
12205,New Delhi-Dehradun AC Express,SF,Superfast,NR,NDLS,NEW DELHI,DDN,DEHRADUN,303,5,45,05:40:00,23:55:00,12206,0,1,1,1,0,0
12206,Dehradun-NewDelhi AC Express,SF,Superfast,NR,DDN,DEHRADUN,NDLS,NEW DELHI,303,5,40,05:05:00,23:25:00,12205,0,1,1,1,0,0
12207,Kathgodam-Jammu Garib Rath Express,GR,Garib Rath,NR,KGM,KATHGODAM,JAT,JAMMU TAWI,769,15,10,09:40:00,18:30:00,12208,0,1,0,0,0,0
12208,Jammu-Kathgodam Garib Rath Express,GR,Garib Rath,NR,JAT,JAMMU TAWI,KGM,KATHGODAM,769,14,50,14:35:00,23:45:00,12207,0,1,0,0,0,0
12209,Kanpur-Kathgodam Garib Rath,GR,Garib Rath,NCR,CNB,KANPUR CENTRAL,KGM,KATHGODAM,459,8,50,15:05:00,06:15:00,12210,0,1,0,0,0,0
12210,Kathgodam-Kanpur Garib Rath,GR,Garib Rath,NCR,KGM,KATHGODAM,CNB,KANPUR CENTRAL,459,10,0,04:30:00,18:30:00,12209,0,1,0,0,0,0
12211,Muzaffarpur-Anand Vihar(T) Garib Rath Exp.,GR,Garib Rath,ECR,MFP,MUZAFFARPUR JN,ANVT,ANAND VIHAR TRM,1060,21,10,12:25:00,15:15:00,12212,0,1,0,0,0,0
12212,Anand Vihar T.- Muzaffarpur Garib Rath,GR,Garib Rath,NR,ANVT,ANAND VIHAR TRM,MFP,MUZAFFARPUR JN,1060,20,45,17:55:00,21:10:00,12211,0,1,0,0,0,0
12213,Yeswantpur-Delhi Sarai Rohilla AC Duronto Express,Drnt,Duronto,NR,YPR,YESVANTPUR JN,DEE,DELHI SARAI ROHILLA,2314,31,10,06:50:00,23:40:00,12214,0,1,1,1,0,0
12214,Delhi Sarai Rohilla-Yesvantpur AC Duronto Express,Drnt,Duronto,NR,DEE,DELHI SARAI ROHILLA,YPR,YESVANTPUR JN,2314,32,30,07:30:00,23:00:00,12213,0,1,1,1,0,0
12215,Delhi Sarai Rohilla-Mumbai BandraT Garib Rath,GR,Garib Rath,NR,DEE,DELHI SARAI ROHILLA,BDTS,MUMBAI BANDRA TERMINUS,1431,22,50,08:10:00,09:20:00,12216,0,1,0,0,0,0
12216,Mumbai Bandra T. - Delhi Sarai Rohilla Garib Rath,GR,Garib Rath,NR,BDTS,MUMBAI BANDRA TERMINUS,DEE,DELHI SARAI ROHILLA,1431,23,25,12:20:00,12:55:00,12215,0,1,0,0,0,0
12217,KOCHUVELI - CHANDIGARH Kerala Sampark Kranti Exp,SKr,Sampark Kranti,NR,KCVL,KOCHUVELI,CDG,CHANDIGARH,3415,54,35,15:45:00,09:10:00,12218,1,1,1,1,0,0
12218,CHANDIGARH - KOCHUVELI Kerala Sampark Kranti Exp,SKr,Sampark Kranti,NR,CDG,CHANDIGARH,KCVL,KOCHUVELI,3415,53,50,14:50:00,09:00:00,12217,1,1,1,1,0,0
12219,Lokmanya Tilak (T)-Secunderabad AC Duronto Express,Drnt,Duronto,SCR,LTT,LOKMANYA TILAK TERM,SC,SECUNDERABAD JN,773,12,0,11:05:00,23:05:00,12220,0,1,1,1,0,0
12220,Secunderabad-Mumbai LTT AC Duronto Express,Drnt,Duronto,SCR,SC,SECUNDERABAD JN,LTT,LOKMANYA TILAK TERM,773,12,0,11:05:00,23:05:00,12219,0,1,1,1,0,0
12222,HOWRAH - PUNE AC Duronto Exp,Drnt,Duronto,SER,HWH,HOWRAH JN,PUNE,PUNE JN,2020,27,15,11:35:00,08:20:00,12221,0,1,1,1,0,0
12223,MUM LTT - ERNAKULAM AC Duronto,Drnt,Duronto,CR,LTT,LOKMANYA TILAK TERM,ERS,ERNAKULAM JN,1599,20,55,17:45:00,20:50:00,12224,0,1,1,1,0,0
12224,ERNAKULAM - MUM LTT AC Duronto,Drnt,Duronto,SR,ERS,ERNAKULAM JN,LTT,LOKMANYA TILAK TERM,1598,20,45,18:15:00,21:30:00,12223,0,1,1,1,0,0
12225,Kaifiat Express,SF,Superfast,NER,AMH,AZAMGARH,DLI,OLD DELHI,803,14,30,07:00:00,16:30:00,12226,1,1,1,1,0,0
12226,Kaifiat Express,SF,Superfast,NER,DLI,OLD DELHI,AMH,AZAMGARH,803,14,10,09:30:00,19:20:00,12225,1,1,1,1,0,0
12228,Indore- Mumbai Central Duronto Express,Drnt,Duronto,WR,INDB,INDORE JN BG,BCT,Mumbai Central,829,12,50,11:50:00,23:00:00,12227,0,1,1,1,0,0
12229,Lucknow Mail,SF,Superfast,NR,LKO,LUCKNOW,NDLS,NEW DELHI,493,8,40,06:50:00,22:10:00,12230,1,1,1,1,0,0
12230,Lucknow Mail,SF,Superfast,NR,NDLS,NEW DELHI,LKO,LUCKNOW,493,8,35,06:45:00,22:10:00,12229,1,1,1,1,0,0
12231,Lucknow-Chandigarh Express,SF,Superfast,NR,LKO,LUCKNOW,CDG,CHANDIGARH,667,11,25,09:55:00,22:30:00,12232,1,1,1,0,0,0
12232,Chandigarh - Lucknow Sadhbhavna SF Express,SF,Superfast,NR,CDG,CHANDIGARH,LKO,LUCKNOW,667,11,45,08:35:00,20:50:00,12231,1,1,1,0,0,0
12233,Lucknow New Delhi AC Express,SF,Superfast,NR,LKO,LUCKNOW,NDLS,NEW DELHI,493,8,0,07:30:00,23:30:00,12234,0,1,1,1,0,0
12239,Mumbai Central Jaipur AC Duronto Express,Drnt,Duronto,WR,BCT,Mumbai Central,JP,JAIPUR,1159,14,40,13:55:00,23:15:00,12240,0,1,1,1,0,0
12260,New Delhi-Sealdah AC Duronto Express,Drnt,Duronto,ER,NDLS,NEW DELHI,SDAH,KOLKATA SEALDAH,1453,16,20,12:25:00,20:05:00,12259,0,1,1,1,0,0
12271,Lucknow-New Delhi AC Duronto Express,Drnt,Duronto,NR,LKO,LUCKNOW,NDLS,NEW DELHI,493,8,0,07:30:00,23:30:00,12272,0,1,1,1,0,0
12273,Howrah-New Delhi Duronto Express,Drnt,Duronto,ER,HWH,HOWRAH JN,NDLS,NEW DELHI,1446,17,5,06:05:00,13:00:00,12274,1,1,1,1,0,0
12274,New Delhi-Howrah Duronto Express,Drnt,Duronto,ER,NDLS,NEW DELHI,HWH,HOWRAH JN,1441,17,0,06:00:00,13:00:00,12273,1,1,1,1,0,0
40029,Chennai Beach TambaramEMU (12 car),MEMU,MEMU,?,MSB,CHENNAI BEACH,TBM,TAMBARAM,33,0,55,09:57:00,09:02:00,,0,0,0,0,0,0
56394,Kollam Kottayam Passenger,Pass,Passenger,SR,QLN,KOLLAM JN,KTYM,KOTTAYAM,96,2,55,10:50:00,07:55:00,56393,0,0,0,0,0,0
12234,NewDelhi-Lucknow AC Express,SF,Superfast,NR,NDLS,NEW DELHI,LKO,LUCKNOW,493,7,40,07:10:00,23:30:00,12233,0,1,1,1,0,0
12235,DIBRUGARH - NEW DELHI Rajdhani Exp,Raj,Rajdhani,NR,DBRG,DIBRUGARH,NDLS,NEW DELHI,2453,42,30,13:45:00,19:15:00,12236,0,1,1,1,0,0
12236,NEW DELHI - DIBRUGARH Rajdhani Exp,Raj,Rajdhani,NR,NDLS,NEW DELHI,DBRG,DIBRUGARH,2474,44,15,05:45:00,09:30:00,12235,0,1,1,1,0,0
12237,Varanasi-Jammu Tawi SF Express,SF,Superfast,NR,BSB,VARANASI JN,JAT,JAMMU TAWI,1261,22,35,11:25:00,12:50:00,12238,1,1,0,0,0,0
12238,Jammu-Varanasi SF Express,SF,Superfast,NR,JAT,JAMMU TAWI,BSB,VARANASI JN,1261,23,0,13:00:00,14:00:00,12237,1,1,0,0,0,0
12241,Chandigarh-Amritsar Duronto Express,Drnt,Duronto,NR,CDG,CHANDIGARH,ASR,AMRITSAR JN,267,4,15,23:15:00,19:00:00,12242,0,0,0,0,0,1
12242,Amritsar-Chandigarh Duronto Express,Drnt,Duronto,NR,ASR,AMRITSAR JN,CDG,CHANDIGARH,267,4,5,09:30:00,05:25:00,12241,0,0,0,0,0,1
12243,Chennai Central-Coimbatore AC Duronto Express,Drnt,Duronto,SR,MAS,CHENNAI CENTRAL,CBE,COIMBATORE JN,497,6,40,13:30:00,06:50:00,12244,0,0,0,0,0,1
12244,Coimbatore-Chennai Central AC Duronto Express,Drnt,Duronto,SR,CBE,COIMBATORE JN,MAS,CHENNAI CENTRAL,497,6,45,21:50:00,15:05:00,12243,0,0,0,0,0,1
12245,HOWRAH - YESVANTPUR AC Duronto Exp,Drnt,Duronto,SER,HWH,HOWRAH JN,YPR,YESVANTPUR JN,1946,29,0,16:00:00,11:00:00,12246,1,1,1,1,0,0
12251,Wainganga express,SF,Superfast,SWR,YPR,YESVANTPUR JN,KRBA,Korba,1614,28,50,04:30:00,23:40:00,12252,1,1,1,0,0,0
12252,Wainganga express,SF,Superfast,SWR,KRBA,Korba,YPR,YESVANTPUR JN,1605,29,30,13:30:00,08:00:00,12251,1,1,1,0,0,0
12253,YESVANTPUR - BHAGALPUR Anga SF Exp,SF,Superfast,SWR,YPR,YESVANTPUR JN,BGP,BHAGALPUR,2473,43,0,08:30:00,13:30:00,12254,1,1,1,0,0,0
12254,BHAGALPUR - YESVANTPUR Anga SF Exp,SF,Superfast,SWR,BGP,BHAGALPUR,YPR,YESVANTPUR JN,2474,43,35,09:05:00,13:30:00,12253,1,1,1,0,0,0
12261,MUMBAI CST - HOWRAH AC Duronto Exp,Drnt,Duronto,SER,CSTM,MUMBAI CST,HWH,HOWRAH JN,1968,26,25,19:40:00,17:15:00,12262,0,1,1,1,0,0
12262,HOWRAH - MUMBAI CST AC Duronto Exp,Drnt,Duronto,SER,HWH,HOWRAH JN,CSTM,MUMBAI CST,1968,26,10,10:30:00,08:20:00,12261,0,1,1,1,0,0
12264,Hazrat Nizamuddin-Pune AC Duronto Express,Drnt,Duronto,NR,NZM,DELHI H NIZAMUDDIN,PUNE,PUNE JN,1508,20,0,07:00:00,11:00:00,12263,0,1,1,1,0,0
12265,Delhi Sarai Rohilla Jammu Tawi Duronto Express,Drnt,Duronto,NR,DEE,DELHI SARAI ROHILLA,JAT,JAMMU TAWI,578,8,55,07:10:00,22:15:00,12266,1,1,1,1,0,0
12266,Jammu Tawi-Delhi Sarai Rohilla Duronto Express,Drnt,Duronto,NR,JAT,JAMMU TAWI,DEE,DELHI SARAI ROHILLA,578,8,35,04:00:00,19:25:00,12265,1,1,1,1,0,0
12267,Mumbai Central-Ahmedabad AC Duronto Express,Drnt,Duronto,WR,BCT,Mumbai Central,ADI,AHMEDABAD JN,491,6,35,06:00:00,23:25:00,12268,0,1,1,1,0,0
12268,Ahmedabad-Mumbai Central AC Duronto Express,Drnt,Duronto,WR,ADI,AHMEDABAD JN,BCT,Mumbai Central,491,6,30,06:15:00,23:45:00,12267,0,1,1,1,0,0
12269,Chennai-Hazrat Nizamuddin Duronto Express,Drnt,Duronto,SR,MAS,CHENNAI CENTRAL,NZM,DELHI H NIZAMUDDIN,2176,27,55,10:35:00,06:40:00,12270,1,1,1,1,0,0
12270,Hazrat Nizamuddin-Chennai Duronto,Drnt,Duronto,SR,NZM,DELHI H NIZAMUDDIN,MAS,CHENNAI CENTRAL,2176,28,20,20:10:00,15:50:00,12269,1,1,1,1,0,0
12272,New Delhi-Lucknow AC Duronto Express,Drnt,Duronto,NR,NDLS,NEW DELHI,LKO,LUCKNOW,493,7,40,07:10:00,23:30:00,12271,0,1,1,1,0,0
12275,Allahabad-New Delhi Duronto Express,Drnt,Duronto,NCR,ALD,ALLAHABAD JN,NDLS,NEW DELHI,634,7,25,06:05:00,22:40:00,12276,1,1,1,1,0,0
12276,New Delhi-Allahabad Duronto Express,Drnt,Duronto,NCR,NDLS,NEW DELHI,ALD,ALLAHABAD JN,634,7,20,06:20:00,23:00:00,12275,1,1,1,1,0,0
12277,Howrah Puri Duronto Express,Drnt,Duronto,ECoR,HWH,HOWRAH JN,PURI,PURI,502,7,15,21:40:00,14:25:00,12278,0,0,0,0,0,1
12301,Howrah-New Delhi Rajdhani Express,Raj,Rajdhani,ER,HWH,HOWRAH JN,NDLS,NEW DELHI,1447,17,0,09:55:00,16:55:00,12302,0,1,1,1,0,0
12303,Poorva Express,SF,Superfast,ER,HWH,HOWRAH JN,NDLS,NEW DELHI,1530,23,10,07:20:00,08:10:00,12304,1,1,1,1,0,0
12307,Howrah-Jodhpur SF Express,SF,Superfast,ER,HWH,HOWRAH JN,JU,JODHPUR JN,1814,30,30,06:00:00,23:30:00,12308,1,1,1,0,0,0
12307-Slip,Howrah-Bikaner Express,SF,Superfast,ER,HWH,HOWRAH JN,JU,JODHPUR JN,1814,30,30,06:00:00,23:30:00,12308,1,1,1,0,0,0
12311,Kalka Mail,SF,Superfast,ER,HWH,HOWRAH JN,KLK,Kalka,1743,32,50,04:30:00,19:40:00,12312,1,1,1,1,0,0
12313,KOL SEALDAH - NEW DELHI Rajdhani Exp,Raj,Rajdhani,ER,SDAH,KOLKATA SEALDAH,NDLS,NEW DELHI,1454,17,30,10:20:00,16:50:00,12314,0,1,1,1,0,0
12314,NEW DELHI - KOL SEALDAH Rajdhani Exp,Raj,Rajdhani,ER,NDLS,NEW DELHI,SDAH,KOLKATA SEALDAH,1454,17,45,10:15:00,16:30:00,12313,0,1,1,1,0,0
12316,Ananya Express,SF,Superfast,ER,UDZ,UDAIPUR CITY,SDAH,KOLKATA SEALDAH,2141,38,40,15:10:00,00:30:00,12315,1,1,1,0,0,0
12318,AKAL TAKHT Express,SF,Superfast,ER,ASR,AMRITSAR JN,SDAH,KOLKATA SEALDAH,1898,33,5,15:10:00,06:05:00,12317,1,1,1,0,0,0
12320,AGRA CANTT - KOLKATA CHITPUR SF Exp,SF,Superfast,ER,AGC,AGRA CANTT,KOAA,KOLKATA CHITPUR,1405,24,20,17:20:00,17:00:00,12319,1,1,1,0,0,0
12325,KOLKATA CHITPUR - NANGAL DAM Gurumukhi Exp,SF,Superfast,ER,KOAA,KOLKATA CHITPUR,NLDM,NANGAL DAM,1803,32,0,15:40:00,07:40:00,12326,1,1,1,0,0,0
12326,NANGAL DAM - KOLKATA CHITPUR Gurumukhi Exp,SF,Superfast,ER,NLDM,NANGAL DAM,KOAA,KOLKATA CHITPUR,1803,32,15,15:15:00,07:00:00,12325,1,1,1,0,0,0
12327,Upasana Express,SF,Superfast,ER,HWH,HOWRAH JN,DDN,DEHRADUN,1587,28,50,18:00:00,13:10:00,12328,1,1,1,0,0,0
12329,West Bengal Sampark Kranti,SKr,Sampark Kranti,ER,SDAH,KOLKATA SEALDAH,DLI,OLD DELHI,1448,22,45,11:55:00,13:10:00,12330,1,1,1,0,0,0
12330,West Bengal Sampark Kranti Express,SKr,Sampark Kranti,ER,DLI,OLD DELHI,SDAH,KOLKATA SEALDAH,1448,22,15,17:25:00,19:10:00,12329,1,1,1,0,0,0
12331,Himgiri Express,SF,Superfast,ER,HWH,HOWRAH JN,JAT,JAMMU TAWI,2021,36,25,12:20:00,23:55:00,12332,1,1,1,0,0,0
15941,JHAJHA - DIBRUGARH Exp,Exp,Express,NFR,JAJ,JHAJHA,DBRG,DIBRUGARH,1710,36,25,10:30:00,22:05:00,15942,1,1,1,0,0,0
40031,Chennai Beach TambaramEMU (12 car),MEMU,MEMU,?,MSB,CHENNAI BEACH,TBM,TAMBARAM,33,0,55,10:02:00,09:07:00,,0,0,0,0,0,0
55334,Mathura-KasGanj Passenger,Pass,Passenger,NER,AF,AGRA FORT,KSJ,KASGANJ,162,4,55,20:40:00,15:45:00,55333,0,0,0,0,0,0
63566,Jhajha Jasidih Passenger,MEMU,MEMU,ER,JAJ,JHAJHA,JSME,JASIDIH JN,44,1,0,12:20:00,11:20:00,,0,0,0,0,0,0
12278,Puri-Howrah AC Duronto Express,Drnt,Duronto,ECoR,PURI,PURI,HWH,HOWRAH JN,502,7,15,13:45:00,06:30:00,12277,0,0,0,0,0,1
12279,Jhansi-H.Nizamuddin Taj Express,SF,Superfast,NR,JHS,JHANSI JN,NZM,DELHI H NIZAMUDDIN,403,6,40,22:00:00,15:20:00,12280,0,0,0,0,0,1
12280,H.Nizamuddin-Jhansi Taj Express,SF,Superfast,NR,NZM,DELHI H NIZAMUDDIN,JHS,JHANSI JN,403,6,30,13:40:00,07:10:00,12279,0,0,0,0,0,1
12281,Bhubaneswar-New Delhi Duronto,Drnt,Duronto,ECoR,BBS,BHUBANESWAR,NDLS,NEW DELHI,1724,21,55,06:05:00,08:10:00,12282,1,1,1,1,0,0
12282,New Delhi-Bhubaneswar Duronto Express,Drnt,Duronto,ECoR,NDLS,NEW DELHI,BBS,BHUBANESWAR,1724,22,5,11:05:00,13:00:00,12281,1,1,1,1,0,0
12284,DELHI H NIZAMUDDIN - ERNAKULAM Duronto Exp,Drnt,Duronto,NR,NZM,DELHI H NIZAMUDDIN,ERS,ERNAKULAM JN,2943,41,55,15:30:00,21:35:00,12283,1,1,1,1,0,0
12287,Kochuveli-Dehradun Weekly Express,SF,Superfast,SR,KCVL,KOCHUVELI,DDN,DEHRADUN,3459,57,10,18:00:00,08:50:00,12288,1,1,0,0,0,0
12289,Mumbai CSTM-Nagpur Duronto Express,Drnt,Duronto,CR,CSTM,MUMBAI CST,NGP,NAGPUR,838,11,0,07:15:00,20:15:00,12290,1,1,1,1,0,0
12290,Nagpur-Mumbai CST Duronto Express,Drnt,Duronto,CR,NGP,NAGPUR,CSTM,MUMBAI CST,838,11,0,07:50:00,20:50:00,12289,1,1,1,1,0,0
12291,YESVANTPUR - CHENNAI SF Exp,SF,Superfast,SWR,YPR,YESVANTPUR JN,MAS,CHENNAI CENTRAL,370,6,30,05:15:00,22:45:00,12292,1,1,1,0,0,0
12292,CHENNAI - YESVANTPUR SF Exp,SF,Superfast,SWR,MAS,CHENNAI CENTRAL,YPR,YESVANTPUR JN,370,6,40,06:10:00,23:30:00,12291,1,1,1,0,0,0
12295,BANGALORE - PATLIPUTRA Sanghamitra SF Exp,SF,Superfast,SWR,SBC,BANGALORE CITY JN,PPTA,PATLIPUTRA,2729,48,20,09:20:00,09:00:00,12296,1,1,1,0,0,0
12296,PATLIPUTRA - BANGALORE Sanghamitra SF Exp,SF,Superfast,SWR,PPTA,PATLIPUTRA,SBC,BANGALORE CITY JN,2729,48,45,20:40:00,19:55:00,12295,1,1,1,0,0,0
12302,New Delhi-Howrah Rajdhani Express,Raj,Rajdhani,ER,NDLS,NEW DELHI,HWH,HOWRAH JN,1447,16,55,09:55:00,17:00:00,12301,0,1,1,1,0,0
12304,Poorva Express,SF,Superfast,ER,NDLS,NEW DELHI,HWH,HOWRAH JN,1530,24,25,16:45:00,16:20:00,12303,1,1,1,1,0,0
12305,Howrah-New Delhi Rajdhani Express,Raj,Rajdhani,ER,HWH,HOWRAH JN,NDLS,NEW DELHI,1530,19,50,09:55:00,14:05:00,12304,0,1,1,1,0,0
12306,New Delhi-Howrah Rajdhani Express,Raj,Rajdhani,ER,NDLS,NEW DELHI,HWH,HOWRAH JN,1542,19,40,12:40:00,17:00:00,12305,0,1,1,1,0,0
12308,Jodhpur-Howrah SF Express,SF,Superfast,ER,JU,JODHPUR JN,HWH,HOWRAH JN,1814,31,30,04:00:00,20:30:00,12307,1,1,1,0,0,0
12309,Rajendra Nagar-New Delhi Rajdhani Express,Raj,Rajdhani,ECR,RJPB,RAJENDRA NAGAR BIHAR,NDLS,NEW DELHI,1001,12,35,07:35:00,19:00:00,12310,0,1,1,1,0,0
12310,New Delhi Rajendra Nagar Rajdhani Express,Raj,Rajdhani,ECR,NDLS,NEW DELHI,RJPB,RAJENDRA NAGAR BIHAR,1001,12,50,06:00:00,17:10:00,12309,0,1,1,1,0,0
12312,Kalka Mail,SF,Superfast,ER,KLK,Kalka,HWH,HOWRAH JN,1743,31,35,07:30:00,23:55:00,12311,1,1,1,1,0,0
12321,HOWRAH - MUMBAI CST Mail (via Allahabad),SF,Superfast,ER,HWH,HOWRAH JN,CSTM,MUMBAI CST,2177,37,25,11:25:00,22:00:00,12322,1,1,1,1,0,0
12322,MUMBAI CST - HOWRAH Mail (via Allahabad),SF,Superfast,ER,CSTM,MUMBAI CST,HWH,HOWRAH JN,2177,38,20,11:45:00,21:25:00,12321,1,1,1,1,0,0
12323,Howrah-NewDelhi SF Express,SF,Superfast,ER,HWH,HOWRAH JN,NDLS,NEW DELHI,1447,22,15,17:00:00,18:45:00,12324,1,1,1,0,0,0
12324,New Delhi-Howrah SF Express,SF,Superfast,ER,NDLS,NEW DELHI,HWH,HOWRAH JN,1447,22,50,06:00:00,07:10:00,12323,1,1,1,0,0,0
12328,Upasana Express,SF,Superfast,ER,DDN,DEHRADUN,HWH,HOWRAH JN,1587,28,50,03:15:00,22:25:00,12327,1,1,1,0,0,0
12332,Himgiri Express,SF,Superfast,ER,JAT,JAMMU TAWI,HWH,HOWRAH JN,2021,36,30,11:15:00,22:45:00,12331,1,1,1,0,0,0
12333,Vibhuti Express,SF,Superfast,ER,HWH,HOWRAH JN,ALY,ALLAHABAD CITY,882,16,15,12:15:00,20:00:00,12334,1,1,1,0,0,0
12339,Coalfield Express,SF,Superfast,ER,HWH,HOWRAH JN,DHN,DHANBAD JN,259,4,20,21:40:00,17:20:00,12340,0,0,0,0,0,1
12340,Coalfield Express,SF,Superfast,ER,DHN,DHANBAD JN,HWH,HOWRAH JN,259,4,30,10:25:00,05:55:00,12339,0,0,0,0,0,1
12343-Slip,Darjeeling Mail Slip,Mail,Mail/Express,ER,SDAH,KOLKATA SEALDAH,HDB,HALDIBARI,624,17,20,15:25:00,22:05:00,12344,1,0,0,0,0,0
12344,Darjeeling Mail,SF,Superfast,ER,HDB,HALDIBARI,SDAH,KOLKATA SEALDAH,624,13,15,06:00:00,16:45:00,12343-Slip,1,1,1,1,0,0
12355,Archana Express,SF,Superfast,ER,RJPB,RAJENDRA NAGAR BIHAR,JAT,JAMMU TAWI,1510,27,20,10:25:00,07:05:00,12356,1,1,1,0,0,0
12359,KOLKATA CHITPUR - PATNA Garib Rath Exp,GR,Garib Rath,ER,KOAA,KOLKATA CHITPUR,PNBE,PATNA JN,534,9,30,05:30:00,20:00:00,12360,0,1,0,0,0,0
12363,KOLKATA CHITPUR - HALDIBARI SF Intercity Exp,SF,Superfast,ER,KOAA,KOLKATA CHITPUR,HDB,HALDIBARI,620,11,20,20:25:00,09:05:00,12364,0,0,0,0,0,1
12367,Vikramshila Express,SF,Superfast,ER,BGP,BHAGALPUR,ANVT,ANAND VIHAR TRM,1206,20,25,07:40:00,11:15:00,12368,1,1,1,1,0,0
12377,Padatik Express,SF,Superfast,ER,SDAH,KOLKATA SEALDAH,NJP,NEW JALPAIGURI,567,10,10,09:05:00,22:55:00,12378,1,1,1,1,0,0
12378,Padatik Express,SF,Superfast,ER,NJP,NEW JALPAIGURI,SDAH,KOLKATA SEALDAH,567,9,45,06:45:00,21:00:00,12377,1,1,1,1,0,0
12379,Sealdah - Amritsar Superfast Express,SF,Superfast,ER,SDAH,KOLKATA SEALDAH,ASR,AMRITSAR JN,1894,30,30,19:40:00,13:10:00,12380,1,1,1,0,0,0
12383,Howrah-Dhanbad AC DD Express,SF,Superfast,ER,HWH,HOWRAH JN,DHN,DHANBAD JN,259,4,20,19:40:00,15:20:00,12384,0,0,0,0,0,1
12384,Dhanbad-Howrah AC DD Express,SF,Superfast,ER,DHN,DHANBAD JN,HWH,HOWRAH JN,259,4,15,09:15:00,05:00:00,12383,0,0,0,0,0,1
12757,Tirupati-Coimbatore Intercity Express,SF,Superfast,SR,TPTY,TIRUPATI MAIN,CBE,COIMBATORE JN,472,7,50,22:40:00,14:50:00,12758,0,0,0,0,0,1
12758,Coimbatore-Tirupati (Triweekly) SF Intercity Expre,SF,Superfast,SCR,CBE,COIMBATORE JN,TPTY,TIRUPATI MAIN,472,7,30,13:30:00,06:00:00,12757,0,0,0,0,0,1
17488,Tirumala Express,Exp,Express,SCR,VSKP,VISHAKAPATNAM,TPTY,TIRUPATI MAIN,736,15,0,05:00:00,14:00:00,17487,1,1,1,0,0,0
19065,MUMBAI BANDRA - BHAGAT KI KOTHI Exp,Exp,Express,WR,BDTS,MUMBAI BANDRA TERMINUS,BGKT,BHAGAT KI KOTHI,935,17,35,17:00:00,23:25:00,19066,1,1,1,0,0,0
54552,Bhatinda Ambala Passenger,Pass,Passenger,NR,BTI,BHATINDA JN,UMB,AMBALA CANT JN,200,5,5,12:20:00,07:15:00,54551,0,0,0,0,0,0
56041,Tirupati-Pondicherry Passenger,Pass,Passenger,SR,TPTY,TIRUPATI MAIN,PDY,Puducherry,284,8,50,13:15:00,04:25:00,56042,0,0,0,0,0,0
57200,Rajahmundry Vijayawada Passenger,Pass,Passenger,SCR,RJY,RAJAMUNDRY,BZA,VIJAYAWADA JN,149,5,0,22:15:00,17:15:00,57201,0,0,0,0,0,0
12246,YESVANTPUR - HOWRAH AC Duronto Exp,Drnt,Duronto,SER,YPR,YESVANTPUR JN,HWH,HOWRAH JN,1946,28,45,16:00:00,11:15:00,12245,1,1,1,1,0,0
12334,Vibhuti Express,SF,Superfast,ER,ALY,ALLAHABAD CITY,HWH,HOWRAH JN,882,16,15,07:55:00,15:40:00,12333,1,1,1,0,0,0
12337,Shantiniketan Express,SF,Superfast,ER,HWH,HOWRAH JN,BHP,BOLPUR SHANTINIKETAN,146,2,15,12:25:00,10:10:00,12338,0,0,0,0,0,1
12338,Shantiniketan Express,SF,Superfast,ER,BHP,BOLPUR SHANTINIKETAN,HWH,HOWRAH JN,146,2,30,15:40:00,13:10:00,12337,0,0,0,0,0,1
12341,Agniveena Express,SF,Superfast,ER,HWH,HOWRAH JN,ASN,ASANSOL JN,200,3,20,21:40:00,18:20:00,12342,0,0,0,0,0,1
12342,Agniveena Express,SF,Superfast,ER,ASN,ASANSOL JN,HWH,HOWRAH JN,200,3,15,08:45:00,05:30:00,12341,0,0,0,0,0,1
12345,HOWRAH - GUWAHATI Saraighat SF Exp,SF,Superfast,ER,HWH,HOWRAH JN,GHY,GUWAHATI,1020,17,40,09:30:00,15:50:00,12346,1,1,1,1,0,0
12347,Howrah-Rampur Hat SF Express,SF,Superfast,ER,HWH,HOWRAH JN,RPH,RAMPUR HAT,207,3,35,15:35:00,12:00:00,12348,0,0,0,0,0,1
12348,Rampur Hat-Howrah SF Express,SF,Superfast,ER,RPH,RAMPUR HAT,HWH,HOWRAH JN,207,3,40,20:15:00,16:35:00,12347,0,0,0,0,0,1
12351,Howrah- Danapur Express,SF,Superfast,ER,HWH,HOWRAH JN,DNR,DANAPUR,541,10,5,06:40:00,20:35:00,12352,1,1,1,1,0,0
12352,Danapur- Howrah Express,SF,Superfast,ER,DNR,DANAPUR,HWH,HOWRAH JN,541,10,0,06:35:00,20:35:00,12351,1,1,1,1,0,0
12356,Archana Express,SF,Superfast,ER,JAT,JAMMU TAWI,RJPB,RAJENDRA NAGAR BIHAR,1510,26,50,23:05:00,20:15:00,12355,1,1,1,0,0,0
12357,KOLKATA CHITPUR - AMRITSAR Durgiana SF Exp,SF,Superfast,ER,KOAA,KOLKATA CHITPUR,ASR,AMRITSAR JN,1812,28,20,16:50:00,12:30:00,12358,1,1,1,0,0,0
12358,AMRITSAR - KOLKATA CHITPUR Durgiana SF Exp,SF,Superfast,ER,ASR,AMRITSAR JN,KOAA,KOLKATA CHITPUR,1812,29,0,11:05:00,06:05:00,12357,1,1,1,0,0,0
12360,KOLKATA CHITPUR - PATNA Garib Rath Exp,GR,Garib Rath,ER,PNBE,PATNA JN,KOAA,KOLKATA CHITPUR,534,9,5,05:15:00,20:10:00,12359,0,1,0,0,0,0
12361,ASANSOL - MUMBAI CST SF Exp,SF,Superfast,ER,ASN,ASANSOL JN,CSTM,MUMBAI CST,2043,34,40,06:25:00,19:45:00,12362,1,1,1,0,0,0
12362,MUMBAI CST - ASANSOL SF Exp,SF,Superfast,ER,CSTM,MUMBAI CST,ASN,ASANSOL JN,2043,36,10,23:15:00,11:05:00,12361,1,1,1,0,0,0
12364,HALDIBARI - KOLKATA CHITPUR SF Intercity Exp,SF,Superfast,ER,HDB,HALDIBARI,KOAA,KOLKATA CHITPUR,620,11,5,19:40:00,08:35:00,12363,0,0,0,0,0,1
12365,Patna-Ranchi Jan Shatabdi Express,JShtb,Jan Shatabdi,ER,PNBE,PATNA JN,RNC,RANCHI,411,7,40,13:55:00,06:15:00,12366,0,0,0,0,0,1
12366,Ranchi Patna Jan Shatabdi Express,JShtb,Jan Shatabdi,ER,RNC,RANCHI,PNBE,PATNA JN,411,7,50,22:15:00,14:25:00,12365,0,0,0,0,0,1
12369,Kumbh Express,SF,Superfast,ER,HWH,HOWRAH JN,HW,HARIDWAR JN,1536,27,5,16:15:00,13:10:00,12370,1,1,1,0,0,0
12370,Kumbh Express,SF,Superfast,ER,HW,HARIDWAR JN,HWH,HOWRAH JN,1536,27,20,03:15:00,23:55:00,12369,1,1,1,0,0,0
12381,Poorva Express,SF,Superfast,ER,HWH,HOWRAH JN,NDLS,NEW DELHI,1446,23,0,07:20:00,08:20:00,12382,1,1,1,1,0,0
12382,Poorva Express,SF,Superfast,ER,NDLS,NEW DELHI,HWH,HOWRAH JN,1446,24,25,16:45:00,16:20:00,12381,1,1,1,1,0,0
12389,GAYA - CHENNAI EGMORE SF Exp,SF,Superfast,ER,GAYA,GAYA JN,MS,CHENNAI EGMORE,2346,39,0,20:45:00,05:45:00,12390,1,1,1,0,0,0
12390,CHENNAI EGMORE - GAYA SF Exp,SF,Superfast,ER,MS,CHENNAI EGMORE,GAYA,GAYA JN,2346,38,10,21:40:00,07:30:00,12389,1,1,1,0,0,0
12391,Shramjeevi Express,SF,Superfast,ER,RGD,Rajgir,NDLS,NEW DELHI,1103,21,0,05:10:00,08:10:00,12392,1,1,1,1,0,0
12392,Shramjeevi Express,SF,Superfast,ECR,NDLS,NEW DELHI,RGD,Rajgir,1103,20,55,10:10:00,13:15:00,12391,1,1,1,1,0,0
12396,Ajmer-RajendraNagar Ziyarat Express,SF,Superfast,ER,AII,AJMER JN,RJPB,RAJENDRA NAGAR BIHAR,1305,23,10,23:05:00,23:55:00,12395,1,1,1,0,0,0
12404,Mathura Allahabad SF Express,SF,Superfast,NCR,MTJ,MATHURA JN,ALD,ALLAHABAD JN,507,8,40,05:00:00,20:20:00,12403,1,1,1,1,0,0
12408,AMRITSAR - NEW JALPAIGURI Karmabhoomi Exp,SF,Superfast,NR,ASR,AMRITSAR JN,NJP,NEW JALPAIGURI,1834,33,5,18:35:00,09:30:00,12407,0,0,0,0,0,0
12410,Gondwana Express,SF,Superfast,NR,NZM,DELHI H NIZAMUDDIN,RIG,RAIGARH,1626,27,40,19:05:00,15:25:00,12409,1,1,1,0,0,0
12411,CHANDIGARH - AMRITSAR Intercity SF Exp,SF,Superfast,NR,CDG,CHANDIGARH,ASR,AMRITSAR JN,909,15,30,07:25:00,15:55:00,12412,1,1,1,1,0,0
12412,AMRITSAR - CHANDIGARH Intercity SF Exp,SF,Superfast,NR,ASR,AMRITSAR JN,CDG,CHANDIGARH,909,15,50,07:15:00,15:25:00,12411,1,1,1,1,0,0
12413,Pooja express,SF,Superfast,NR,AII,AJMER JN,JAT,JAMMU TAWI,1017,17,50,08:05:00,14:15:00,12414,1,1,1,1,0,0
12414,Pooja Express,SF,Superfast,NR,JAT,JAMMU TAWI,AII,AJMER JN,1017,18,0,12:15:00,18:15:00,12413,1,1,1,1,0,0
12419,Gomti Express,SF,Superfast,NR,LKO,LUCKNOW,NDLS,NEW DELHI,511,8,35,14:00:00,05:25:00,12420,0,0,1,1,0,1
12420,Gomti Express,SF,Superfast,NR,NDLS,NEW DELHI,LKO,LUCKNOW,511,8,45,21:25:00,12:40:00,12419,0,0,1,1,0,1
12423,DIBRUGARH TOWN - NEW DELHI Rajdhani Exp,Raj,Rajdhani,NR,DBRT,DIBRUGARH TOWN,NDLS,NEW DELHI,2443,37,55,10:10:00,20:15:00,12424,0,1,1,1,0,0
12427,REWA - DELHI ANAND VIHAR SF Exp,SF,Superfast,NR,REWA,REWA,ANVT,ANAND VIHAR TRM,860,14,45,06:45:00,16:00:00,12428,1,1,1,0,0,0
12428,DELHI ANAND VIHAR - REWA SF Exp,SF,Superfast,NR,ANVT,ANAND VIHAR TRM,REWA,REWA,860,14,20,14:15:00,23:55:00,12427,1,1,1,0,0,0
12431,TRIVANDRUM - DELHI H NIZAMUDDIN Rajdhani Exp,Raj,Rajdhani,NR,TVC,TRIVANDRUM CENTRAL,NZM,DELHI H NIZAMUDDIN,3149,41,25,12:40:00,19:15:00,12432,0,1,1,1,0,0
12432,DELHI H NIZAMUDDIN - TRIVANDRUM Rajdhani Exp,Raj,Rajdhani,NR,NZM,DELHI H NIZAMUDDIN,TVC,TRIVANDRUM CENTRAL,3149,42,5,05:05:00,11:00:00,12431,0,1,1,1,0,0
12437,Secunderabad Rajdhani Express,Raj,Rajdhani,NR,SC,SECUNDERABAD JN,NZM,DELHI H NIZAMUDDIN,1660,21,35,10:20:00,12:45:00,12438,0,1,1,1,0,0
12438,Secunderabad Rajdhani Express,Raj,Rajdhani,NR,NZM,DELHI H NIZAMUDDIN,SC,SECUNDERABAD JN,1660,22,0,14:00:00,16:00:00,12437,0,1,1,1,0,0
12439,RANCHI - NEW DELHI Rajdhani Exp,Raj,Rajdhani,NR,RNC,RANCHI,NDLS,NEW DELHI,1306,16,55,10:50:00,17:55:00,12440,0,1,1,1,0,0
12440,NEW DELHI - RANCHI Rajdhani Exp,Raj,Rajdhani,NR,NDLS,NEW DELHI,RNC,RANCHI,1306,17,0,09:10:00,16:10:00,12439,0,1,1,1,0,0
40001,Chennai Beach Tambaram EMU(12 Car),MEMU,MEMU,SR,MSB,CHENNAI BEACH,TBM,TAMBARAM,33,0,54,05:14:00,04:20:00,,0,0,0,0,0,0
12397,Mahabodhi Express,SF,Superfast,ER,GAYA,GAYA JN,NDLS,NEW DELHI,990,14,30,05:00:00,14:30:00,12398,1,1,1,0,0,0
12398,Mahabodhi Express,SF,Superfast,ER,NDLS,NEW DELHI,GAYA,GAYA JN,990,15,40,05:50:00,14:10:00,12397,1,1,1,0,0,0
12401,Magadh Express,SF,Superfast,NR,IPR,Islampur,NDLS,NEW DELHI,1063,19,35,11:45:00,16:10:00,12402,1,1,1,1,0,0
12402,Magadh Express,SF,Superfast,NR,NDLS,NEW DELHI,IPR,Islampur,1063,17,45,13:55:00,20:10:00,12401,1,1,1,1,0,0
12405,Gondwana Express,SF,Superfast,NR,BSL,BHUSAVAL JN,NZM,DELHI H NIZAMUDDIN,1476,25,45,07:25:00,05:40:00,12406,1,1,1,0,0,0
12406,H.Nizamuddin-Bhusaval Gondwana Express,SF,Superfast,NR,NZM,DELHI H NIZAMUDDIN,BSL,BHUSAVAL JN,1476,24,25,15:50:00,15:25:00,12405,1,1,1,0,0,0
12415,Indore-Nizamuddin Express,SF,Superfast,NR,INDB,INDORE JN BG,NZM,DELHI H NIZAMUDDIN,817,13,20,05:40:00,16:20:00,12416,1,1,1,1,0,0
12416,Nizamuddin-Indore Express,SF,Superfast,NR,NZM,DELHI H NIZAMUDDIN,INDB,INDORE JN BG,817,13,40,11:55:00,22:15:00,12415,1,1,1,1,0,0
12417,Prayagraj Express,SF,Superfast,NCR,ALD,ALLAHABAD JN,NDLS,NEW DELHI,634,9,25,06:55:00,21:30:00,12418,1,1,1,1,0,0
12418,Prayagraj Express,SF,Superfast,NCR,NDLS,NEW DELHI,ALD,ALLAHABAD JN,634,9,20,06:45:00,21:25:00,12417,1,1,1,1,0,0
12424,NEW DELHI - DIBRUGARH TOWN Rajdhani Exp,Raj,Rajdhani,NR,NDLS,NEW DELHI,DBRT,DIBRUGARH TOWN,2443,39,0,05:00:00,14:00:00,12423,0,1,1,1,0,0
12425,Jammu Rajdhani Express,Raj,Rajdhani,NR,NDLS,NEW DELHI,JAT,JAMMU TAWI,577,9,0,05:40:00,20:40:00,12426,0,1,1,1,0,0
12426,Jammu Rajdhani Express,Raj,Rajdhani,NR,JAT,JAMMU TAWI,NDLS,NEW DELHI,577,9,15,05:00:00,19:45:00,12425,0,1,1,1,0,0
12429,Bangalore - Hazrat Nizamuddin Rajdhani Express,Raj,Rajdhani,NR,SBC,BANGALORE CITY JN,NZM,DELHI H NIZAMUDDIN,2365,33,30,05:50:00,20:20:00,12430,0,1,1,1,0,0
12430,Delhi H Nizamuddin-Bangalore Rajdhani Express,Raj,Rajdhani,NR,NZM,DELHI H NIZAMUDDIN,SBC,BANGALORE CITY JN,2382,33,50,06:40:00,20:50:00,12429,0,1,1,1,0,0
12433,Chennai Central-Delhi H.Nizamuddin Rajdhani Expres,Raj,Rajdhani,NR,MAS,CHENNAI CENTRAL,NZM,DELHI H NIZAMUDDIN,2176,28,10,10:20:00,06:10:00,12434,0,1,1,1,0,0
12435,DIBRUGARH TOWN - NEW DELHI Rajdhani Exp,Raj,Rajdhani,NR,DBRT,DIBRUGARH TOWN,NDLS,NEW DELHI,2463,42,45,13:45:00,19:00:00,12436,0,1,1,1,0,0
12436,NEW DELHI - DIBRUGARH TOWN Rajdhani Exp,Raj,Rajdhani,NR,NDLS,NEW DELHI,DBRT,DIBRUGARH TOWN,2463,44,55,06:25:00,09:30:00,12435,0,1,1,1,0,0
12441,Bilaspur-New Delhi Rajdhani Express,Raj,Rajdhani,NR,BSP,BILASPUR JN,NDLS,NEW DELHI,1501,20,45,10:45:00,14:00:00,12442,0,1,1,1,0,0
12442,Bilaspur Rajdhani Express,Raj,Rajdhani,NR,NDLS,NEW DELHI,BSP,BILASPUR JN,1501,20,15,12:00:00,15:45:00,12441,0,1,1,1,0,0
12445,Uttar Sampark Kranti Express,SKr,Sampark Kranti,NR,NDLS,NEW DELHI,UHP,UDHAMPUR,630,11,15,08:05:00,20:50:00,12446,1,1,1,1,0,0
12446,Uttar Sampark Kranti Express,SKr,Sampark Kranti,NR,UHP,UDHAMPUR,NDLS,NEW DELHI,630,11,5,06:10:00,19:05:00,12445,1,1,1,1,0,0
12447,UP Sampark Kranti Express,SKr,Sampark Kranti,NR,MKP,MANIKPUR JN,NZM,DELHI H NIZAMUDDIN,695,12,25,05:30:00,17:05:00,12448,1,1,1,1,0,0
12448,UP Sampark Kranti Express,SKr,Sampark Kranti,NR,NZM,DELHI H NIZAMUDDIN,MKP,MANIKPUR JN,695,12,20,08:35:00,20:15:00,12447,1,1,1,1,0,0
12497,Shan-e-Punjab Express,SF,Superfast,NR,NDLS,NEW DELHI,ASR,AMRITSAR JN,448,7,35,14:15:00,06:40:00,12498,0,0,0,0,0,1
12455,DelhiSaraiRohilla-ShriGanganagar AC SF Express,SF,Superfast,NR,DEE,DELHI SARAI ROHILLA,SGNR,SHRI GANGANAGAR,486,8,50,07:40:00,22:50:00,12456,0,1,1,1,0,0
12456,ShriGanganagar-DelhiSaraiRohilla AC SF Express,SF,Superfast,NR,SGNR,SHRI GANGANAGAR,DEE,DELHI SARAI ROHILLA,486,8,35,06:35:00,22:00:00,12455,0,1,1,1,0,0
12457,Delhi SaraiRohilla-Bikaner Express,SF,Superfast,NWR,DEE,DELHI SARAI ROHILLA,BKN,BIKANER JN,458,8,10,07:45:00,23:35:00,12458,1,1,1,0,0,0
12458,Bikaner-DelhiSaraiRohiilla Express,SF,Superfast,NR,BKN,BIKANER JN,DEE,DELHI SARAI ROHILLA,458,7,40,06:20:00,22:40:00,12457,1,1,1,0,0,0
12468,Jaipur Bikaner InterCity Express,SF,Superfast,NR,JP,JAIPUR,BKN,BIKANER JN,382,6,40,21:40:00,15:00:00,12467,0,0,0,0,0,0
12472,Jammu Tawi - Mumbai Bandra (T.) SF Swaraj Express,SF,Superfast,NR,JAT,JAMMU TAWI,BDTS,MUMBAI BANDRA TERMINUS,1950,30,50,18:05:00,11:15:00,12471,1,1,1,0,0,0
12475,Hapa - Jammu Tawi Sarvodaya SF Express,SF,Superfast,NR,HAPA,HAPA,JAT,JAMMU TAWI,1992,33,25,14:45:00,05:20:00,12476,1,1,1,0,0,0
12476,Jammu Tawi - Hapa Sarvodaya SF Express,SF,Superfast,NR,JAT,JAMMU TAWI,HAPA,HAPA,1992,33,30,20:45:00,11:15:00,12475,1,1,1,0,0,0
12477,Jamnagar - Jammu Tawi SF Sindhu Express,SF,Superfast,NR,JAM,JAMNAGAR,JAT,JAMMU TAWI,2000,33,40,14:45:00,05:05:00,12478,1,1,1,0,0,0
12479,JODHPUR - MUMBAI BANDRA Suryanagari SF Exp,SF,Superfast,NWR,JU,JODHPUR JN,BDTS,MUMBAI BANDRA TERMINUS,935,17,0,11:45:00,18:45:00,12480,1,1,1,0,0,0
12480,MUMBAI BANDRA - JODHPUR Suryanagari SF Exp,SF,Superfast,NWR,BDTS,MUMBAI BANDRA TERMINUS,JU,JODHPUR JN,935,17,0,06:30:00,13:30:00,12479,1,1,1,0,0,0
12485,H S NANDED - SHRI GANGANAGAR Exp,SF,Superfast,NR,NED,HUZUR SAHIB NANDED,SGNR,SHRI GANGANAGAR,1965,35,25,10:55:00,23:30:00,12486,1,1,0,0,0,0
12486,SHRI GANGANAGAR - H S NANDED Exp,SF,Superfast,NR,SGNR,SHRI GANGANAGAR,NED,HUZUR SAHIB NANDED,1965,33,15,23:45:00,14:30:00,12485,1,1,0,0,0,0
12487,Seemanchal Express,SF,Superfast,NR,JBN,JOGBANI,ANVT,ANAND VIHAR TRM,1383,24,20,20:50:00,20:30:00,12488,1,1,1,0,0,0
12489,Bikaner-Dadar Express,SF,Superfast,NWR,BKN,BIKANER JN,DDR,MUMBAI DADAR WEST,1245,22,25,12:15:00,13:50:00,12490,1,1,1,0,0,0
12490,Dadar - Bikaner Express,SF,Superfast,NWR,DDR,MUMBAI DADAR WEST,BKN,BIKANER JN,1245,22,35,13:10:00,14:35:00,12489,1,1,1,0,0,0
12491,BARAUNI - JAMMU TAWI Maur Dhwaj Express,SF,Superfast,NR,BJU,BARAUNI JN,JAT,JAMMU TAWI,1510,28,50,11:50:00,07:00:00,12492,1,1,0,0,0,0
12492,JAMMU TAWI - BARAUNI Maur Dhwaj Express,SF,Superfast,NR,JAT,JAMMU TAWI,BJU,BARAUNI JN,1510,28,15,00:30:00,20:15:00,12491,1,1,0,0,0,0
12496,KOLKATA CHITPUR - BIKANER Pratap Exp,SF,Superfast,NR,KOAA,KOLKATA CHITPUR,BKN,BIKANER JN,1885,31,0,05:40:00,22:40:00,12495,1,1,1,0,0,0
16359,ERNAKULAM - PATNA Exp,Exp,Express,SR,ERS,ERNAKULAM JN,PNBE,PATNA JN,2988,59,5,09:50:00,22:45:00,16360,1,1,1,0,0,0
22607,ERNAKULAM - BANGALORE Weekly SF Exp,SF,Superfast,SR,ERS,ERNAKULAM JN,SBC,BANGALORE CITY JN,625,11,20,04:20:00,17:00:00,22608,1,1,1,0,0,0
53446,Bhagalpur Mandar Hill Passenger,Pass,Passenger,ER,BGP,BHAGALPUR,MDLE,Mandar Hill,0,2,5,20:35:00,18:30:00,53445,0,0,0,0,0,0
12449,MADGAON - CHANDIGARH Goa Sampark Kranti Exp,SKr,Sampark Kranti,NR,MAO,MADGAON,CDG,CHANDIGARH,2094,29,30,16:50:00,11:20:00,12450,1,1,1,1,0,0
12450,CHANDIGARH - MADGAON Goa Sampark Kranti Exp,SKr,Sampark Kranti,NR,CDG,CHANDIGARH,MAO,MADGAON,2094,29,50,13:15:00,07:25:00,12449,1,1,1,1,0,0
12451,Shram Shakti Express,SF,Superfast,NR,CNB,KANPUR CENTRAL,NDLS,NEW DELHI,440,6,35,06:20:00,23:45:00,12452,1,1,1,1,0,0
12452,Shram Shakti Express,SF,Superfast,NR,NDLS,NEW DELHI,CNB,KANPUR CENTRAL,440,6,15,05:55:00,23:40:00,12451,1,1,1,1,0,0
12453,Ranchi-New Delhi Rajdhani Express,Raj,Rajdhani,NR,RNC,RANCHI,NDLS,NEW DELHI,1341,17,40,10:50:00,17:10:00,12454,0,1,1,1,0,0
12454,New Delhi-Ranchi Rajdhani Express,Raj,Rajdhani,NR,NDLS,NEW DELHI,RNC,RANCHI,1341,18,30,10:40:00,16:10:00,12453,0,1,1,1,0,0
12459,NewDelhi-Amritsar SF InterCity,SF,Superfast,NR,NDLS,NEW DELHI,ASR,AMRITSAR JN,448,8,0,21:35:00,13:35:00,12460,0,0,0,0,0,1
12460,Amritsar-New Delhi Intercity Express,SF,Superfast,NR,ASR,AMRITSAR JN,NDLS,NEW DELHI,448,7,55,14:20:00,06:25:00,12459,0,0,0,0,0,1
12461,Mandore Express,SF,Superfast,NR,DLI,OLD DELHI,JU,JODHPUR JN,620,10,35,07:30:00,20:55:00,12462,1,1,1,1,0,0
12462,Mandore Express,SF,Superfast,NR,JU,JODHPUR JN,DLI,OLD DELHI,620,10,25,06:25:00,20:00:00,12461,1,1,1,1,0,0
12464,Rajasthan Sampark Kranti Express,SKr,Sampark Kranti,NR,JU,JODHPUR JN,DEE,DELHI SARAI ROHILLA,616,10,35,05:35:00,19:00:00,12463,1,0,1,1,0,0
12465,Indore-Jodhpur Ranthambhore Express,SF,Superfast,NR,INDB,INDORE JN BG,JU,JODHPUR JN,911,15,40,22:00:00,06:20:00,12466,1,1,0,0,0,1
12466,Jodhpur-Indore Ranthambhore Intercity Express,SF,Superfast,NR,JU,JODHPUR JN,INDB,INDORE JN BG,911,16,30,22:25:00,05:55:00,12465,1,1,0,0,0,1
12469,Kanpur Jammu Express,SF,Superfast,NR,CNB,KANPUR CENTRAL,JAT,JAMMU TAWI,1026,18,45,11:50:00,17:05:00,12470,1,1,0,0,0,0
12470,Jammu Kanpur Express,SF,Superfast,NR,JAT,JAMMU TAWI,CNB,KANPUR CENTRAL,1026,18,35,14:50:00,20:15:00,12469,1,1,0,0,0,0
12473,Sarvodaya SF Express,SF,Superfast,NR,ADI,AHMEDABAD JN,JAT,JAMMU TAWI,1669,27,10,14:45:00,11:35:00,12474,1,1,1,0,0,0
12474,Sarvodaya SF Express,SF,Superfast,NR,JAT,JAMMU TAWI,ADI,AHMEDABAD JN,1669,26,55,14:10:00,11:15:00,12473,1,1,1,0,0,0
12478,Jammu Tawi - Jamnagar (Weekly) Sindhu SF Express,SF,Superfast,NR,JAT,JAMMU TAWI,JAM,JAMNAGAR,2000,33,45,21:00:00,11:15:00,12477,1,1,1,0,0,0
12481,Delhi Sriganganagar InterCity,SF,Superfast,NR,DLI,OLD DELHI,SGNR,SHRI GANGANAGAR,424,7,30,20:40:00,13:10:00,12482,0,0,0,0,0,1
12482,Sriganganagar Delhi InterCity Express,SF,Superfast,NR,SGNR,SHRI GANGANAGAR,DLI,OLD DELHI,424,7,45,13:40:00,05:55:00,12481,0,0,0,0,0,1
12484,AMRITSAR - KOCHUVELI SF Exp,SF,Superfast,NR,ASR,AMRITSAR JN,KCVL,KOCHUVELI,3597,57,25,15:30:00,06:05:00,12483,1,1,1,0,0,0
12493,Bangalore-Hazrat Nizammudin Rajdhani Express,Raj,Rajdhani,NR,SBC,BANGALORE CITY JN,NZM,DELHI H NIZAMUDDIN,2294,33,30,05:50:00,20:20:00,12494,0,1,1,1,0,0
12494,Hazrat Nizamuddin-Bangalore Rajdhani Express,Raj,Rajdhani,NR,NZM,DELHI H NIZAMUDDIN,SBC,BANGALORE CITY JN,2383,33,50,06:40:00,20:50:00,12493,0,1,1,1,0,0
12501,GUWAHATI - NEW DELHI Poorvottar Sampark Kranti Exp,SKr,Sampark Kranti,NFR,GHY,GUWAHATI,NDLS,NEW DELHI,1974,31,0,13:00:00,06:00:00,12502,1,1,1,1,0,0
12502,NEW DELHI - GUWAHATI Poorvottar Sampark Kranti Exp,SKr,Sampark Kranti,NER,NDLS,NEW DELHI,SCL,SILCHAR,1974,32,30,08:15:00,23:45:00,12501,1,1,1,1,0,0
12507,TRIVANDRUM - GUWAHATI SF Exp,SF,Superfast,NER,TVC,TRIVANDRUM CENTRAL,GHY,GUWAHATI,3331,58,50,07:55:00,21:05:00,12508,1,1,1,0,0,0
12508,GUWAHATI - TRIVANDRUM SF Exp,SF,Superfast,NFR,GHY,GUWAHATI,TVC,TRIVANDRUM CENTRAL,3332,59,45,18:15:00,06:30:00,12507,1,1,1,0,0,0
12511,Rapti Sagar Express,SF,Superfast,NER,GKP,GORAKHPUR JN,TVC,TRIVANDRUM CENTRAL,3251,59,5,17:50:00,06:45:00,12512,1,1,1,0,0,0
12512,Rapti Sagar Expres,SF,Superfast,NER,TVC,TRIVANDRUM CENTRAL,GKP,GORAKHPUR JN,3251,57,40,15:10:00,05:30:00,12511,1,1,1,0,0,0
12514,GUWAHATI - SECUNDERABAD Exp,SF,Superfast,NFR,GHY,GUWAHATI,SC,SECUNDERABAD JN,2551,45,50,04:20:00,06:30:00,12513,1,1,1,0,0,0
12519,MUMBAI LTT - KAMAKHYA AC Exp,SF,Superfast,SR,LTT,LOKMANYA TILAK TERM,KYQ,KAMAKHYA,1667,24,35,05:50:00,05:15:00,12520,1,1,1,0,0,0
12520,KAMAKHYA - MUMBAI LTT AC Exp,SF,Superfast,CR,KYQ,KAMAKHYA,LTT,LOKMANYA TILAK TERM,1667,24,15,19:00:00,18:45:00,12519,1,1,1,0,0,0
12522,Raptisagar Express,SF,Superfast,ECR,ERS,ERNAKULAM JN,BJU,BARAUNI JN,3441,60,40,22:50:00,10:10:00,12521,1,1,1,0,0,0
12527,Mumbai CST-Latur Superfast Express.,SF,Superfast,CR,CSTM,MUMBAI CST,LUR,LATUR,530,9,30,06:30:00,21:00:00,12528,1,1,1,1,0,0
12528,Latur-Mumbai CST Superfast Express,SF,Superfast,CR,LUR,LATUR,CSTM,MUMBAI CST,530,9,30,08:00:00,22:30:00,12527,1,1,1,1,0,0
12535,Lucknow-Raipur Garib Rath Express,GR,Garib Rath,NER,LJN,LUCKNOW JN,R,RAIPUR JN,917,16,35,07:15:00,14:40:00,12536,0,1,0,0,0,0
12536,Raipur-Lucknow Garib Rath,GR,Garib Rath,NER,R,RAIPUR JN,LJN,LUCKNOW JN,917,16,45,05:05:00,12:20:00,12535,0,1,0,0,0,0
12537,Bapudham Express,SF,Superfast,NER,MKI,BAPUDHAM MOTIHARI,MUV,MANDUADIH,465,8,20,06:00:00,21:40:00,12538,1,1,0,0,0,0
12538,Bapudham Express,SF,Superfast,NER,MUV,MANDUADIH,MKI,BAPUDHAM MOTIHARI,465,8,25,16:05:00,07:40:00,12537,1,1,0,0,0,0
12539,YESVANTPUR - LUCKNOW SF Exp,SF,Superfast,SWR,YPR,YESVANTPUR JN,LKO,LUCKNOW,2554,46,0,08:50:00,10:50:00,12540,1,1,1,0,0,0
12540,LUCKNOW - YESVANTPUR SF Exp,SF,Superfast,SWR,LKO,LUCKNOW,YPR,YESVANTPUR JN,2532,44,40,16:40:00,20:00:00,12539,1,1,1,0,0,0
12541,Gorakhpur-Mumbai LTT SF Express,SF,Superfast,NER,GKP,GORAKHPUR JN,LTT,LOKMANYA TILAK TERM,1680,30,25,04:00:00,21:35:00,12542,1,1,1,0,0,0
12543,Yesvantpur-Tirupati Tri Weekly Intercity,SF,Superfast,SR,YPR,YESVANTPUR JN,TPTY,TIRUPATI MAIN,345,6,10,13:30:00,07:20:00,12544,0,0,0,0,0,1
12544,Tirupati-Yesvantpur Tri Weekly SF Intercity,SF,Superfast,SR,TPTY,TIRUPATI MAIN,YPR,YESVANTPUR JN,345,6,5,20:55:00,14:50:00,12543,0,0,0,0,0,1
12549,DURG - JAMMU TAWI SF Exp,SF,Superfast,SECR,DURG,DURG,JAT,JAMMU TAWI,1873,33,5,21:05:00,12:00:00,12550,1,1,1,1,0,0
12550,JAMMU TAWI - DURG SF Exp,SF,Superfast,SECR,JAT,JAMMU TAWI,DURG,DURG,1873,33,20,14:20:00,05:00:00,12549,1,1,1,1,0,0
12553,Vaishali SF Express,SF,Superfast,ECR,BJU,BARAUNI JN,NDLS,NEW DELHI,1185,21,0,06:30:00,09:30:00,12554,1,1,1,1,0,0
40003,Chennai Beach Tambaram EMU(12 Car),MEMU,MEMU,SR,MSB,CHENNAI BEACH,TBM,TAMBARAM,33,0,54,06:54:00,06:00:00,,0,0,0,0,0,0
12498,Shan-e-Punjab Express,SF,Superfast,NR,ASR,AMRITSAR JN,NDLS,NEW DELHI,448,7,35,22:45:00,15:10:00,12497,0,0,0,0,0,1
12505,GUWAHATI - DELHI ANAND VIHAR North East Exp,SF,Superfast,NFR,GHY,GUWAHATI,ANVT,ANAND VIHAR TRM,1866,33,30,19:15:00,09:45:00,12506,1,1,1,0,0,0
12506,DELHI ANAND VIHAR - GUWAHATI North East Exp,SF,Superfast,NFR,ANVT,ANAND VIHAR TRM,GHY,GUWAHATI,1867,33,50,16:40:00,06:50:00,12505,1,1,1,0,0,0
12509,BENGALURU - GUWAHATI (Kaziranga) SF Express,SF,Superfast,NER,BNC,BANGALORE CANT,GHY,GUWAHATI,2992,54,20,05:50:00,23:30:00,12510,1,1,1,0,0,0
12510,GUWAHATI - BENGALURU (Kaziranga) SF Express,SF,Superfast,NFR,GHY,GUWAHATI,SBC,BANGALORE CITY JN,2992,53,20,11:50:00,06:30:00,12509,1,1,1,0,0,0
12515,RIVANDRUM - GUWAHATI Exp,SF,Superfast,NER,TVC,TRIVANDRUM CENTRAL,GHY,GUWAHATI,3552,65,0,05:50:00,12:50:00,12516,1,1,1,0,0,0
12516,GUWAHATI - TRIVANDRUM CENTRAL EXP,SF,Superfast,NFR,GHY,GUWAHATI,TVC,TRIVANDRUM CENTRAL,3552,64,25,22:55:00,06:30:00,12515,1,1,1,0,0,0
12517,KOLKATA - GUWAHATI Garib Rath Exp,GR,Garib Rath,NER,KOAA,KOLKATA CHITPUR,GHY,GUWAHATI,1027,18,0,15:40:00,21:40:00,12518,0,1,0,0,0,0
12518,GUWAHATI - KOLKATA Garib Rath Exp,GR,Garib Rath,NER,GHY,GUWAHATI,KOAA,KOLKATA CHITPUR,1027,18,0,15:00:00,21:00:00,12517,0,1,0,0,0,0
12521,Raptisagar Express,SF,Superfast,ECR,BJU,BARAUNI JN,ERS,ERNAKULAM JN,3441,62,20,13:20:00,23:00:00,12522,1,1,1,1,0,0
12523,New Jalpaiguri-New Delhi Superfast Express,SF,Superfast,NFR,NJP,NEW JALPAIGURI,NDLS,NEW DELHI,1500,27,55,12:10:00,08:15:00,12524,1,1,1,0,0,0
12524,New Delhi New Jalpaiguri SuperFast Express,SF,Superfast,NFR,NDLS,NEW DELHI,NJP,NEW JALPAIGURI,1497,27,25,18:35:00,15:10:00,12523,1,1,1,0,0,0
12525,Indrayani SF Express,SF,Superfast,CR,CSTM,MUMBAI CST,PUNE,PUNE JN,192,3,28,09:08:00,05:40:00,12526,0,0,0,0,0,1
12526,Indrayani SF Express,SF,Superfast,CR,PUNE,PUNE JN,CSTM,MUMBAI CST,192,3,20,21:55:00,18:35:00,12525,0,0,0,0,0,1
12529,Bhopal-Jabalpur Intercity Express,SF,Superfast,WCR,HBJ,HABIBGANJ,JBP,JABALPUR,331,5,20,10:50:00,05:30:00,12530,0,0,0,0,0,1
12530,Jabalpur-Bhopal Intercity,SF,Superfast,WCR,JBP,JABALPUR,HBJ,HABIBGANJ,331,5,55,22:05:00,16:10:00,12529,0,0,0,0,0,1
12531,Gorakhpur Lucknow InterCity Express,SF,Superfast,NER,GKP,GORAKHPUR JN,LJN,LUCKNOW JN,279,4,55,11:00:00,06:05:00,12532,0,0,0,0,0,1
12532,Lucknow Gorakhpur Inter City Express,SF,Superfast,NER,LJN,LUCKNOW JN,GKP,GORAKHPUR JN,279,4,55,21:30:00,16:35:00,12531,0,0,0,0,0,1
12533,Pushpak Express,SF,Superfast,NER,LJN,LUCKNOW JN,CSTM,MUMBAI CST,1426,24,20,20:05:00,19:45:00,12534,1,1,1,1,0,0
12534,Pushpak Express,SF,Superfast,NER,CSTM,MUMBAI CST,LJN,LUCKNOW JN,1426,24,20,08:40:00,08:20:00,12533,1,1,1,1,0,0
12545,RAXAUL - MUMBAI LTT Karmabhoomi Exp,SF,Superfast,ECR,RXL,RAXAUL JN,LTT,LOKMANYA TILAK TERM,1963,33,40,06:15:00,20:35:00,12546,0,0,0,0,0,0
12547,Agra Fort Ahmedabad Tri Weekly Express,SF,Superfast,NER,AF,AGRA FORT,ADI,AHMEDABAD JN,867,15,10,13:35:00,22:25:00,12548,1,1,1,0,0,0
12548,Ahmedabad-Agra Fort Express,SF,Superfast,NER,ADI,AHMEDABAD JN,AF,AGRA FORT,867,15,15,08:10:00,16:55:00,12547,1,1,1,0,0,0
12554,Vaishali SF Express,SF,Superfast,ECR,NDLS,NEW DELHI,BJU,BARAUNI JN,1185,21,25,17:15:00,19:50:00,12553,1,1,1,1,0,0
12557,Sapt Kranti SF Express,SF,Superfast,ECR,MFP,MUZAFFARPUR JN,ANVT,ANAND VIHAR TRM,1060,18,55,04:05:00,09:10:00,12558,1,1,1,1,0,0
12558,Sapt Kranti SF Express,SF,Superfast,ECR,ANVT,ANAND VIHAR TRM,MFP,MUZAFFARPUR JN,1060,19,35,10:25:00,14:50:00,12557,1,1,1,1,0,0
12569,Jaynagar-Delhi AnandViharT Garib Rath,GR,Garib Rath,ECR,JYG,JAYNAGAR,ANVT,ANAND VIHAR TRM,1252,20,15,08:25:00,12:10:00,12570,0,1,0,0,0,0
12570,Anand Vihar Terminus-Jaynagar Garib Rath Express,GR,Garib Rath,ECR,ANVT,ANAND VIHAR TRM,JYG,JAYNAGAR,1252,20,30,13:30:00,17:00:00,12569,0,1,0,0,0,0
12571,Howrah Prasanti Nilayam SF Express,SF,Superfast,NFR,HWH,HOWRAH JN,SSPN,SATYA SAI P NILAYAM,1763,30,35,22:25:00,15:50:00,12572,1,1,1,0,0,0
12572,Prashanti Nilayam Howrah SF Express,SF,Superfast,NFR,SSPN,SATYA SAI P NILAYAM,HWH,HOWRAH JN,1763,31,0,14:50:00,07:50:00,12571,1,1,1,0,0,0
12573,SainagarShirdi-Howrah Express,SF,Superfast,SER,SNSI,SAINAGAR SHIRDI,HWH,HOWRAH JN,1792,29,35,19:30:00,13:55:00,12574,1,1,1,0,0,0
12577,DARBHANGA - MYSORE BAGMATI SF Exp,SF,Superfast,ECR,DBG,DARBHANGA JN,MYS,MYSORE JN,2910,52,40,20:55:00,16:15:00,12578,1,1,1,0,0,0
12578,MYSORE - DARBHANGA BAGMATI SF Exp,SF,Superfast,ECR,MYS,MYSORE JN,DBG,DARBHANGA JN,2910,52,5,14:15:00,10:10:00,12577,1,1,1,0,0,0
12579,Digha- Puri SamudraKanya Express,SF,Superfast,NFR,DGHA,Digha Flag Station,PURI,PURI,549,10,5,03:20:00,17:15:00,12580,1,1,1,0,0,0
12581,Pune Bhubaneshwar Express,SF,Superfast,ECoR,PUNE,PUNE JN,BBS,BHUBANESWAR,1689,30,20,17:35:00,11:15:00,12582,1,1,1,0,0,0
12582,Bhubaneshwar-Pune Express,SF,Superfast,ECoR,BBS,BHUBANESWAR,PUNE,PUNE JN,1689,30,45,05:00:00,22:15:00,12581,1,1,1,0,0,0
12583,LUCKNOW - DELHI ANAND VIHAR T DOUBLE DECKER,SF,Superfast,NFR,LJN,LUCKNOW JN,ANVT,ANAND VIHAR TRM,2071,38,35,10:15:00,19:40:00,12584,1,1,1,0,0,0
12584,DELHI ANAND VIHAR T - LUCKNOW DOUBLE DECKER,SF,Superfast,NFR,ANVT,ANAND VIHAR TRM,LJN,LUCKNOW JN,2071,38,25,19:50:00,05:25:00,12583,1,1,1,0,0,0
12592,YESVANTPUR - GORAKHPUR SF Exp,SF,Superfast,NFR,YPR,YESVANTPUR JN,GKP,GORAKHPUR JN,2529,46,20,15:10:00,16:50:00,12591,1,1,1,0,0,0
12593,Lucknow-Bhopal Garib Rath,GR,Garib Rath,NER,LJN,LUCKNOW JN,BPL,BHOPAL JN,585,10,50,09:35:00,22:45:00,12594,0,1,0,0,0,0
12594,Bhopal-Lucknow Garib Rath Express,GR,Garib Rath,NER,BPL,BHOPAL JN,LJN,LUCKNOW JN,585,11,0,09:45:00,22:45:00,12593,0,1,0,0,0,0
12605,Pallavan Superfast Express,SF,Superfast,SR,MS,CHENNAI EGMORE,TPJ,TIRUCHIRAPPALLI,336,5,35,21:20:00,15:45:00,12606,0,0,0,0,0,1
12606,Pallavan Superfast Express,SF,Superfast,SR,TPJ,TIRUCHIRAPPALLI,MS,CHENNAI EGMORE,336,5,35,12:05:00,06:30:00,12605,0,0,0,0,0,1
12607,CHENNAI CENTRAL - BANGALORE Lalbagh Exp,SF,Superfast,SWR,MAS,CHENNAI CENTRAL,SBC,BANGALORE CITY JN,358,6,0,21:35:00,15:35:00,12608,0,0,0,0,0,1
12608,BANGALORE - CHENNAI CENTRAL Lalbagh Exp,SF,Superfast,SWR,SBC,BANGALORE CITY JN,MAS,CHENNAI CENTRAL,362,5,45,12:15:00,06:30:00,12607,0,0,0,0,0,1
12609,CHENNAI CENT - BANGALORE SF Intercity Exp,SF,Superfast,SWR,MAS,CHENNAI CENTRAL,SBC,BANGALORE CITY JN,362,6,30,20:05:00,13:35:00,12610,0,0,0,0,0,1
40009,Chennai Beach Tambaram EMU(12 Car),MEMU,MEMU,SR,MSB,CHENNAI BEACH,TBM,TAMBARAM,33,0,55,08:17:00,07:22:00,,0,0,0,0,0,0
12556,Gorakhdham Express,SF,Superfast,NER,HSR,Hisar,GKP,GORAKHPUR JN,962,17,25,10:00:00,16:35:00,12555,1,1,1,1,0,0
12559,Shiv Ganga Express,SF,Superfast,NER,BSB,VARANASI JN,NDLS,NEW DELHI,758,12,25,07:40:00,19:15:00,12560,1,1,1,1,0,0
12560,Shiv Ganga Express,SF,Superfast,NER,NDLS,NEW DELHI,BSB,VARANASI JN,758,12,45,07:30:00,18:45:00,12559,1,1,1,1,0,0
12562,Swatantrata Sainani Express,SF,Superfast,ECR,NDLS,NEW DELHI,DBG,DARBHANGA JN,1166,21,25,18:05:00,20:40:00,12561,1,1,1,1,0,0
12563,Mumbai LTT - Faizabad SF Express,SF,Superfast,NER,LTT,LOKMANYA TILAK TERM,FD,FAIZABAD JN,1600,27,10,17:40:00,14:30:00,12564,1,1,1,1,0,0
12564,Faizabad-Mumbai LTT SF Express,SF,Superfast,CR,FD,FAIZABAD JN,LTT,LOKMANYA TILAK TERM,1600,29,5,05:00:00,23:55:00,12563,1,1,1,1,0,0
12565,Bihar Sampark Kranti Express,SKr,Sampark Kranti,ECR,DBG,DARBHANGA JN,NDLS,NEW DELHI,1172,20,55,05:30:00,08:35:00,12566,1,1,1,1,0,0
12566,Bihar Sampark Kranti Express,SKr,Sampark Kranti,ECR,NDLS,NEW DELHI,DBG,DARBHANGA JN,1172,20,55,11:25:00,14:30:00,12565,1,1,1,1,0,0
12575,Kharagpur Purulia Express,SF,Superfast,NFR,KGP,KHARAGPUR JN,PRR,PURULIA JN,208,4,0,11:25:00,07:25:00,12576,0,0,0,0,0,1
12576,Purulia Khargapur Intercity Express,SF,Superfast,NFR,PRR,PURULIA JN,KGP,KHARAGPUR JN,208,3,55,15:50:00,11:55:00,12575,0,0,0,0,0,1
12587,Amarnath Express,SF,Superfast,NFR,GKP,GORAKHPUR JN,JAT,JAMMU TAWI,1248,22,15,12:20:00,14:05:00,12588,1,1,1,0,0,0
12588,Amarnath Express,SF,Superfast,NFR,JAT,JAMMU TAWI,GKP,GORAKHPUR JN,1248,22,5,20:50:00,22:45:00,12587,1,1,1,0,0,0
12589,Gorakhpur-Secunderabad Express,SF,Superfast,NFR,GKP,GORAKHPUR JN,SC,SECUNDERABAD JN,1827,32,25,15:10:00,06:45:00,12590,1,1,1,0,0,0
12590,Secunderabad - Gorakhpur Express,SF,Superfast,NFR,SC,SECUNDERABAD JN,GKP,GORAKHPUR JN,1827,31,50,15:10:00,07:20:00,12589,1,1,1,0,0,0
12601,Chennai Mangalore Mail,SF,Superfast,SR,MAS,CHENNAI CENTRAL,MAQ,MANGALORE CNTL,889,16,0,12:25:00,20:25:00,12602,1,1,1,0,1,0
12602,Chennai Mail,SF,Superfast,SR,MAQ,MANGALORE CNTL,MAS,CHENNAI CENTRAL,889,16,10,05:25:00,13:15:00,12601,1,1,1,0,1,0
12603,Chennai - Hyderabad Express,SF,Superfast,SR,MAS,CHENNAI CENTRAL,HYB,HYDERABAD DECCAN,715,13,0,05:45:00,16:45:00,12604,1,1,1,1,0,0
12604,Hyderabad - Chennai Express,SF,Superfast,SR,HYB,HYDERABAD DECCAN,MAS,CHENNAI CENTRAL,715,13,0,05:55:00,16:55:00,12603,1,1,1,1,0,0
12611,Chennai Central-H.Nizamuddin Garib Rath Express,GR,Garib Rath,SR,MAS,CHENNAI CENTRAL,NZM,DELHI H NIZAMUDDIN,2177,28,10,10:20:00,06:10:00,12612,0,1,0,0,0,0
12612,H Nizamuddin-Chennai Garib Rath Express,GR,Garib Rath,SR,NZM,DELHI H NIZAMUDDIN,MAS,CHENNAI CENTRAL,2176,28,15,20:15:00,16:00:00,12611,0,1,0,0,0,0
12613,Tippu Express,SF,Superfast,SWR,MYS,MYSORE JN,SBC,BANGALORE CITY JN,139,2,30,13:30:00,11:00:00,12614,0,0,0,0,0,1
12614,Tippu Express,SF,Superfast,SWR,SBC,BANGALORE CITY JN,MYS,MYSORE JN,139,2,30,17:30:00,15:00:00,12613,0,0,0,0,0,1
12616,GrandTrunk Express,SF,Superfast,SR,NDLS,NEW DELHI,MAS,CHENNAI CENTRAL,2184,35,35,06:15:00,18:40:00,12615,1,1,1,1,0,0
12620,MANGALORE CENT - MUMBAI LTT Matsyagandha Exp,SF,Superfast,SR,MAQ,MANGALORE CNTL,LTT,LOKMANYA TILAK TERM,1186,15,55,06:35:00,14:40:00,12619,1,1,1,0,0,0
12622,Tamil Nadu Express,SF,Superfast,SR,NDLS,NEW DELHI,MAS,CHENNAI CENTRAL,2184,32,45,07:15:00,22:30:00,12621,1,1,1,1,0,0
12623,Chennai Tiruvananthapuram SF Mail,SF,Superfast,SR,MAS,CHENNAI CENTRAL,TVC,TRIVANDRUM CENTRAL,909,15,40,11:25:00,19:45:00,12624,1,1,1,1,0,0
12625,Kerala Express,SF,Superfast,SR,TVC,TRIVANDRUM CENTRAL,NDLS,NEW DELHI,3036,50,25,13:40:00,11:15:00,12626,1,1,1,0,0,0
12626,Kerala Express,SF,Superfast,SR,NDLS,NEW DELHI,TVC,TRIVANDRUM CENTRAL,3036,51,5,14:35:00,11:30:00,12625,1,1,1,0,0,0
12628,Karnataka Express,SF,Superfast,SWR,NDLS,NEW DELHI,SBC,BANGALORE CITY JN,2406,40,25,13:40:00,21:15:00,12627,1,1,1,1,0,0
12629,Karnataka Sampark Kranti Express,SKr,Sampark Kranti,SWR,YPR,YESVANTPUR JN,NZM,DELHI H NIZAMUDDIN,2610,44,25,09:15:00,12:50:00,12630,1,1,1,1,0,0
12630,Karnataka Sampark Kranti Express,SKr,Sampark Kranti,SWR,NZM,DELHI H NIZAMUDDIN,YPR,YESVANTPUR JN,2610,45,45,06:40:00,08:55:00,12629,1,1,1,1,0,0
12635,CHENNAI EGMORE - MADURAI Vaigai SF Exp,SF,Superfast,SR,MS,CHENNAI EGMORE,MDU,MADURAI JN,497,8,5,20:50:00,12:45:00,12636,0,0,0,0,0,1
12637,CHENNAI EGMORE - MADURAI Pandiyan SF Exp,SF,Superfast,SR,MS,CHENNAI EGMORE,MDU,MADURAI JN,497,9,0,06:15:00,21:15:00,12638,1,1,1,1,1,0
12638,MADURAI - CHENNAI EGMORE Pandiyan SF Exp,SF,Superfast,SR,MDU,MADURAI JN,MS,CHENNAI EGMORE,497,9,0,05:35:00,20:35:00,12637,1,1,1,1,1,0
12640,BANGALORE - CHENNAI CENT Brindavan Exp,SF,Superfast,SR,SBC,BANGALORE CITY JN,MAS,CHENNAI CENTRAL,362,5,55,20:25:00,14:30:00,12639,0,0,0,0,0,1
12643,Swarna Jayanthi Express,SF,Superfast,SR,TVC,TRIVANDRUM CENTRAL,NZM,DELHI H NIZAMUDDIN,3014,50,45,17:05:00,14:20:00,12644,1,1,0,0,0,0
12644,Swarna Jayanti Express,SF,Superfast,SR,NZM,DELHI H NIZAMUDDIN,TVC,TRIVANDRUM CENTRAL,3014,53,10,11:10:00,06:00:00,12643,1,1,0,0,0,0
12649,Karnataka Sampark Kranti Express,SKr,Sampark Kranti,SWR,YPR,YESVANTPUR JN,NZM,DELHI H NIZAMUDDIN,2277,35,5,09:15:00,22:10:00,12650,1,1,1,1,0,0
12650,Karnataka Sampark Kranti Express,SKr,Sampark Kranti,SWR,NZM,DELHI H NIZAMUDDIN,YPR,YESVANTPUR JN,2276,36,15,19:00:00,06:45:00,12649,1,1,1,1,0,0
12651,MADURAI - DELHI H NIZAMUDDIN Tamil Nadu S Kranti,SKr,Sampark Kranti,SR,MDU,MADURAI JN,NZM,DELHI H NIZAMUDDIN,2677,42,5,18:00:00,23:55:00,12652,1,1,1,1,0,0
12654,Mangalore Tiruchirappalli Weekly Superfast Express,SF,Superfast,SR,MAQ,MANGALORE CNTL,TPJ,TIRUCHIRAPPALLI,635,11,30,08:15:00,20:45:00,12653,1,1,1,0,0,0
12657,CHENNAI - BANGALORE Mail,SF,Superfast,SWR,MAS,CHENNAI CENTRAL,SBC,BANGALORE CITY JN,362,5,55,05:10:00,23:15:00,12658,1,1,1,1,0,0
12658,BANGALORE - CHENNAI Mail,SF,Superfast,SWR,SBC,BANGALORE CITY JN,MAS,CHENNAI CENTRAL,362,5,55,04:40:00,22:45:00,12657,1,1,1,1,0,0
12662,SENGOTTAI - CHENNAI EGMORE Pothigai SF Exp,SF,Superfast,SR,SCT,SENGOTTAI,MS,CHENNAI EGMORE,670,12,5,07:05:00,19:00:00,12661,1,1,1,0,0,0
12664,Tiruchirappalli-Howrah Express,SF,Superfast,SR,TPJ,TIRUCHIRAPPALLI,HWH,HOWRAH JN,2025,35,20,03:20:00,16:00:00,12663,1,1,1,0,0,0
15605,Jorhat Town InterCity Express,Exp,Express,NFR,GHY,GUWAHATI,MXN,MARIANI JN,405,11,0,09:30:00,22:30:00,15606,1,1,0,0,0,0
40011,Chennai Beach Tambaram EMU(12 Car),MEMU,MEMU,SR,MSB,CHENNAI BEACH,TBM,TAMBARAM,33,0,55,08:25:00,07:30:00,,0,0,0,0,0,0
12617,ERNAKULAM - NEW DELHI H NIZAMUDDIN Mangala Lakshadweep Exp,SF,Superfast,SR,ERS,ERNAKULAM JN,NZM,DELHI H NIZAMUDDIN,3067,48,0,13:10:00,13:10:00,12618,1,1,1,0,0,0
12618,NEW DELHI H NIZAMUDDIN - ERNAKULAM Mangala Lakshadweep Exp,SF,Superfast,SR,NZM,DELHI H NIZAMUDDIN,ERS,ERNAKULAM JN,3067,48,40,10:00:00,09:20:00,12617,1,1,1,0,0,0
12621,Tamil Nadu Express,SF,Superfast,SR,MAS,CHENNAI CENTRAL,NDLS,NEW DELHI,2184,33,0,07:00:00,22:00:00,12622,1,1,1,1,0,0
12627,Karnataka Express,SF,Superfast,SWR,SBC,BANGALORE CITY JN,NDLS,NEW DELHI,2406,39,15,10:35:00,19:20:00,12628,1,1,1,1,0,0
12631,CHENNAI EGMORE - TIRUNELVELI Nellai SF Exp,SF,Superfast,SR,MS,CHENNAI EGMORE,TEN,TIRUNELVELI,653,11,40,08:30:00,20:50:00,12632,1,1,1,0,1,0
12632,TIRUNELVELI - CHENNAI EGMORE Nellai SF Exp,SF,Superfast,SR,TEN,TIRUNELVELI,MS,CHENNAI EGMORE,653,11,50,06:40:00,18:50:00,12631,1,1,1,0,1,0
12634,KANNIYAKUMARI - CHENNAI EGMORE SF Exp,SF,Superfast,SR,CAPE,KANYAKUMARI,MS,CHENNAI EGMORE,742,13,30,06:50:00,17:20:00,12633,1,1,1,1,0,0
12639,CHENNAI CENT - BANGALORE Brindavan Exp,SF,Superfast,SR,MAS,CHENNAI CENTRAL,SBC,BANGALORE CITY JN,362,6,5,13:20:00,07:15:00,12640,0,0,0,0,0,1
12642,D H NIZAMUDDIN - KANYAKUMARI Thirukkural Exp,SF,Superfast,SR,NZM,DELHI H NIZAMUDDIN,CAPE,KANYAKUMARI,2919,50,45,08:45:00,06:00:00,12641,1,1,1,0,0,0
12645,Millennium Expres,SF,Superfast,SR,ERS,ERNAKULAM JN,NZM,DELHI H NIZAMUDDIN,2809,46,10,17:05:00,18:55:00,12646,1,1,1,0,0,0
12646,Millennium Express,SF,Superfast,SR,NZM,DELHI H NIZAMUDDIN,ERS,ERNAKULAM JN,2809,48,0,06:00:00,06:00:00,12645,1,1,1,0,0,0
12647,Kongu Express,SF,Superfast,SR,CBE,COIMBATORE JN,NZM,DELHI H NIZAMUDDIN,2671,47,0,14:15:00,15:15:00,12648,1,1,1,0,0,0
12648,Kongu Express,SF,Superfast,SR,NZM,DELHI H NIZAMUDDIN,CBE,COIMBATORE JN,2671,48,50,09:30:00,08:40:00,12647,1,1,1,0,0,0
12655,Navjeevan Express,SF,Superfast,SR,ADI,AHMEDABAD JN,MAS,CHENNAI CENTRAL,1893,33,35,16:05:00,06:30:00,12656,1,1,1,1,0,0
12656,Navajivan Express,SF,Superfast,SR,MAS,CHENNAI CENTRAL,ADI,AHMEDABAD JN,1893,33,35,19:10:00,09:35:00,12655,1,1,1,1,0,0
12659,Gurudev Express,SF,Superfast,SR,NCJ,NAGERCOIL JN,SHM,KOLKATA SHALIMAR,2583,47,15,13:50:00,14:35:00,12660,1,1,1,0,0,0
12660,Shalimar-Nagercoil Gurudev Express,SF,Superfast,SR,SHM,KOLKATA SHALIMAR,NCJ,NAGERCOIL JN,2583,47,0,22:00:00,23:00:00,12659,1,1,1,0,0,0
12667,CHENNAI EGMORE - NAGERCOIL SF Exp,SF,Superfast,SR,MS,CHENNAI EGMORE,NCJ,NAGERCOIL JN,727,13,20,08:10:00,18:50:00,12668,1,1,1,0,0,0
12668,NAGERCOIL - CHENNAI EGMORE SF Exp,SF,Superfast,SR,NCJ,NAGERCOIL JN,MS,CHENNAI EGMORE,727,12,55,06:00:00,17:05:00,12667,1,1,1,0,0,0
12673,Cheran Express,SF,Superfast,SR,MAS,CHENNAI CENTRAL,CBE,COIMBATORE JN,497,8,0,06:10:00,22:10:00,12674,1,1,1,1,0,0
12674,Cheran Express,SF,Superfast,SR,CBE,COIMBATORE JN,MAS,CHENNAI CENTRAL,497,8,15,06:35:00,22:20:00,12673,1,1,1,1,0,0
12675,Kovai Express,SF,Superfast,SR,MAS,CHENNAI CENTRAL,CBE,COIMBATORE JN,497,7,40,13:55:00,06:15:00,12676,0,0,0,0,0,1
12676,Kovai Express,SF,Superfast,SR,CBE,COIMBATORE JN,MAS,CHENNAI CENTRAL,497,7,20,21:40:00,14:20:00,12675,0,0,0,0,0,1
12677,Bangalore City - Ernakulam Intercity SF Express,SF,Superfast,SR,SBC,BANGALORE CITY JN,ERS,ERNAKULAM JN,587,10,40,16:55:00,06:15:00,12678,0,0,0,0,0,1
12678,Ernakulam-BangaloreCity Intercity Express,SF,Superfast,SR,ERS,ERNAKULAM JN,SBC,BANGALORE CITY JN,587,10,40,19:50:00,09:10:00,12677,0,0,0,0,0,1
12679,ChennaiCentral-Coimbatore InterCity,SF,Superfast,SR,MAS,CHENNAI CENTRAL,CBE,COIMBATORE JN,497,7,45,22:15:00,14:30:00,12680,0,0,0,0,0,1
12680,Coimbatore-Chennai Central InterCity SF Express,SF,Superfast,SR,CBE,COIMBATORE JN,MAS,CHENNAI CENTRAL,497,7,35,13:50:00,06:15:00,12679,0,0,0,0,0,1
12681,Chennai-Coimbatore Express,SF,Superfast,SR,MAS,CHENNAI CENTRAL,CBE,COIMBATORE JN,497,8,20,06:50:00,22:30:00,12682,1,1,1,0,0,0
12682,Coimbatore-Chennai Express,SF,Superfast,SR,CBE,COIMBATORE JN,MAS,CHENNAI CENTRAL,497,8,0,07:45:00,23:45:00,12681,1,1,1,0,0,0
12683,ERNAKULAM - BANGALORE SF Exp,SF,Superfast,SR,ERS,ERNAKULAM JN,SBC,BANGALORE CITY JN,625,11,20,04:20:00,17:00:00,12684,1,1,1,0,0,0
12695,Chennai-Trivandrum SuperFast Express,SF,Superfast,SR,MAS,CHENNAI CENTRAL,TVC,TRIVANDRUM CENTRAL,922,16,15,07:40:00,15:25:00,12696,1,1,1,0,1,0
12696,Trivandrum-Chennai Superfast Express,SF,Superfast,SR,TVC,TRIVANDRUM CENTRAL,MAS,CHENNAI CENTRAL,922,16,40,09:50:00,17:10:00,12695,1,1,1,0,1,0
12697,Chennai-Thiruvananthapuram Express,SF,Superfast,SR,MAS,CHENNAI CENTRAL,TVC,TRIVANDRUM CENTRAL,909,15,20,06:35:00,15:15:00,12696,1,1,1,0,0,0
12698,Thiruvananthapuram Central Chennai Central weekly express,SF,Superfast,SR,TVC,TRIVANDRUM CENTRAL,MAS,CHENNAI CENTRAL,909,16,15,12:25:00,20:10:00,12697,1,1,1,0,0,0
12701,Hussain Sagar Express,SF,Superfast,SCR,CSTM,MUMBAI CST,HYB,HYDERABAD DECCAN,790,14,20,12:10:00,21:50:00,12702,1,1,1,1,0,0
12702,Hussain Sagar Express,SF,Superfast,SCR,HYB,HYDERABAD DECCAN,CSTM,MUMBAI CST,790,14,20,05:05:00,14:45:00,12701,1,1,1,0,0,0
12703,Howrah - Secunderabad Falaknuma SF Express,SF,Superfast,SCR,HWH,HOWRAH JN,SC,SECUNDERABAD JN,1545,26,10,09:35:00,07:25:00,12704,1,1,1,1,0,0
12704,Falaknuma Express,SF,Superfast,SCR,SC,SECUNDERABAD JN,HWH,HOWRAH JN,1545,25,45,17:45:00,16:00:00,12703,1,1,1,1,0,0
12707,Andhra Pradesh Sampark Kranti Express,SKr,Sampark Kranti,SCR,TPTY,TIRUPATI MAIN,NZM,DELHI H NIZAMUDDIN,2302,36,15,18:00:00,05:45:00,12708,1,1,1,0,0,0
12708,Andhra Pradesh Sampark Kranti Express,SKr,Sampark Kranti,SCR,NZM,DELHI H NIZAMUDDIN,TPTY,TIRUPATI MAIN,2302,38,10,21:35:00,07:25:00,12707,1,1,1,0,0,0
12710,Simhapuri SF Express,SF,Superfast,SCR,SC,SECUNDERABAD JN,GDR,GUDUR JN,644,10,20,08:50:00,22:30:00,12709,1,1,1,1,0,0
12711,Pinakini Express,SF,Superfast,SCR,BZA,VIJAYAWADA JN,MAS,CHENNAI CENTRAL,431,7,0,13:00:00,06:00:00,12712,0,0,0,0,0,1
12712,Pinakini Express,SF,Superfast,SCR,MAS,CHENNAI CENTRAL,BZA,VIJAYAWADA JN,431,7,5,21:10:00,14:05:00,12711,0,0,0,0,0,1
12714,Satavahana Express,SF,Superfast,SCR,SC,SECUNDERABAD JN,BZA,VIJAYAWADA JN,351,5,35,21:50:00,16:15:00,12713,0,0,0,0,0,1
12715,Sachkhand SF Express,SF,Superfast,SCR,NED,HUZUR SAHIB NANDED,ASR,AMRITSAR JN,2081,34,45,20:15:00,09:30:00,12716,1,1,1,0,0,0
15718,Mariani-Guwahati Intercity Express,Exp,Express,NFR,MXN,MARIANI JN,GHY,GUWAHATI,404,10,15,13:45:00,03:30:00,15717,0,0,0,0,0,0
40015,Chennai Beach Tambaram EMU(12 Car),MEMU,MEMU,SR,MSB,CHENNAI BEACH,TBM,TAMBARAM,33,0,55,08:52:00,07:57:00,,0,0,0,0,0,0
52473,PATHANKOT - JOGINDER NAGAR PASSENGER,Pass,Passenger,NR,PTK,PATHANKOT,JDNX,JOGINDER NAGAR,170,9,45,19:45:00,10:00:00,52472,0,0,0,0,0,0
12666,KANYAKUMARI - KOL HOWRAH Weekly Exp,SF,Superfast,SR,CAPE,KANYAKUMARI,HWH,HOWRAH JN,2431,43,30,03:20:00,07:50:00,12665,1,1,1,0,0,0
12669,CHENNAI CENTRAL - CHHAPRA Ganga Kaveri Exp,SF,Superfast,SR,MAS,CHENNAI CENTRAL,CPR,CHHAPRA,2343,42,5,11:40:00,17:35:00,12670,1,1,1,0,0,0
12670,CHHAPRA - CHENNAI CENTRAL Ganga Kaveri Exp,SF,Superfast,SR,CPR,CHHAPRA,MAS,CHENNAI CENTRAL,2343,41,25,14:25:00,21:00:00,12669,1,1,1,0,0,0
12671,Nilgiri (Blue Mountain) Express,SF,Superfast,SR,MAS,CHENNAI CENTRAL,MTP,Mettupalayam,532,9,15,06:15:00,21:00:00,12672,1,1,1,1,0,0
12672,Nilgiri (Blue Mountain) Express,SF,Superfast,SR,MTP,Mettupalayam,MAS,CHENNAI CENTRAL,532,9,20,05:05:00,19:45:00,12671,1,1,1,1,0,0
12685,Chennai - Mangalore Express,SF,Superfast,SR,MAS,CHENNAI CENTRAL,MAQ,MANGALORE CNTL,889,16,5,09:05:00,17:00:00,12686,1,1,1,1,0,0
12686,Mangalore - Chennai Express,SF,Superfast,SR,MAQ,MANGALORE CNTL,MAS,CHENNAI CENTRAL,889,15,50,08:00:00,16:10:00,12685,1,1,1,1,0,0
12687,Chennai Dehradun Express,SF,Superfast,SR,MAS,CHENNAI CENTRAL,DDN,DEHRADUN,2488,43,15,05:00:00,09:45:00,12688,1,1,1,0,0,0
12688,Dehradun Chennai Express,SF,Superfast,SR,DDN,DEHRADUN,MAS,CHENNAI CENTRAL,2488,42,55,02:15:00,07:20:00,12687,1,1,1,0,0,0
12690,NAGERCOIL - CHENNAI SF Exp,SF,Superfast,SR,NCJ,NAGERCOIL JN,MAS,CHENNAI CENTRAL,927,16,45,12:25:00,19:40:00,12689,1,1,0,0,0,0
12691,CHENNAI - SSP NILAYAM SF Exp,SF,Superfast,SR,MAS,CHENNAI CENTRAL,SSPN,SATYA SAI P NILAYAM,529,9,50,09:20:00,23:30:00,12692,1,1,1,0,0,0
12692,SSP NILAYAM - CHENNAI SF Exp,SF,Superfast,SR,SSPN,SATYA SAI P NILAYAM,MAS,CHENNAI CENTRAL,529,10,30,05:15:00,18:45:00,12691,1,1,1,0,0,0
12693,CHENNAI EGMORE - TUTICORIN Pearl City SF Exp,SF,Superfast,SR,MS,CHENNAI EGMORE,TN,TUTICORIN,656,11,55,07:30:00,19:35:00,12694,1,1,1,1,1,0
12694,TUTICORIN - CHENNAI EGMORE Pearl City SF Exp,SF,Superfast,SR,TN,TUTICORIN,MS,CHENNAI EGMORE,656,11,55,07:40:00,19:45:00,12693,1,1,1,1,1,0
12705,Guntur-Secunderabad SF Intercity,SF,Superfast,SCR,GNT,GUNTUR JN,SC,SECUNDERABAD JN,383,6,50,21:50:00,15:00:00,12706,0,0,0,0,0,1
12706,Secunderabad-Guntur SF Intercity,SF,Superfast,SCR,SC,SECUNDERABAD JN,GNT,GUNTUR JN,383,6,45,14:25:00,07:40:00,12705,0,0,0,0,0,1
12716,Sachkhand SF Express,SF,Superfast,SCR,ASR,AMRITSAR JN,NED,HUZUR SAHIB NANDED,2081,34,10,15:50:00,05:40:00,12715,1,1,1,0,0,0
12719,AJMER - HYDERABAD DECCAN SF Exp,SF,Superfast,SCR,AII,AJMER JN,HYB,HYDERABAD DECCAN,1711,30,50,00:30:00,17:40:00,12720,1,1,1,0,0,0
12720,HYDERABAD DECCAN - AJMER SF Exp,SF,Superfast,SCR,HYB,HYDERABAD DECCAN,AII,AJMER JN,1711,30,35,03:05:00,20:30:00,12719,1,1,1,0,0,0
12725,Siddhaganga Intercity Express,SF,Superfast,SWR,SBC,BANGALORE CITY JN,DWR,DHARWAR,490,8,50,21:50:00,13:00:00,12726,0,0,0,0,0,1
12726,Siddhaganga InterCity Express,SF,Superfast,SWR,DWR,DHARWAR,SBC,BANGALORE CITY JN,490,8,50,14:05:00,05:15:00,12725,0,0,0,0,0,1
12731,Tirupati-Secunderabad Express,SF,Superfast,SCR,TPTY,TIRUPATI MAIN,SC,SECUNDERABAD JN,801,14,15,07:00:00,16:45:00,12732,1,1,1,0,0,0
12732,Secunderabad-Tirupati Express,SF,Superfast,SCR,SC,SECUNDERABAD JN,TPTY,TIRUPATI MAIN,801,14,30,09:30:00,19:00:00,12731,1,1,1,0,0,0
12733,Narayanadri Express,SF,Superfast,SCR,TPTY,TIRUPATI MAIN,SC,SECUNDERABAD JN,661,12,0,06:25:00,18:25:00,12734,1,1,1,1,0,0
12734,Narayanadri Express,SF,Superfast,SCR,SC,SECUNDERABAD JN,TPTY,TIRUPATI MAIN,661,12,0,06:05:00,18:05:00,12733,1,1,1,1,0,0
12737,Gowthami SF Express,SF,Superfast,SCR,COA,Kakinada Port,SC,SECUNDERABAD JN,566,10,15,06:35:00,20:20:00,12738,1,1,1,1,0,0
12738,Secunderabad - Kakinada Gowthami SF Express,SF,Superfast,SCR,SC,SECUNDERABAD JN,COA,Kakinada Port,566,10,15,07:30:00,21:15:00,12737,1,1,1,1,0,0
12740,Secunderabad-Visakhapatnam Garib Rath,GR,Garib Rath,SCR,SC,SECUNDERABAD JN,VSKP,VISHAKAPATNAM,701,11,15,07:30:00,20:15:00,12739,0,1,0,0,0,0
12741,VASCO DA GAMA - PATNA SF Exp,SF,Superfast,SWR,VSG,VASCO DA GAMA,PNBE,PATNA JN,2419,41,0,12:10:00,19:10:00,12742,1,1,1,0,0,0
12742,PATNA - VASCO DA GAMA SF Exp,SF,Superfast,SWR,PNBE,PATNA JN,VSG,VASCO DA GAMA,2419,42,55,08:55:00,14:00:00,12741,1,1,1,0,0,0
12747,Palnadu Express,SF,Superfast,SCR,GNT,GUNTUR JN,VKB,VIKARABAD JN,353,6,25,12:10:00,05:45:00,12748,0,0,0,0,0,1
12748,Palnadu Express,SF,Superfast,SCR,VKB,VIKARABAD JN,GNT,GUNTUR JN,353,6,15,20:00:00,13:45:00,12747,0,0,0,0,0,1
12750,Mumbai LTT-Visakhapatnam SF Express,SF,Superfast,ECoR,LTT,LOKMANYA TILAK TERM,VSKP,VISHAKAPATNAM,1502,26,20,14:45:00,12:25:00,12749,1,1,1,1,0,0
12751,Manuguru-Secunderabad Tri Weekly SF Express,SF,Superfast,SCR,MUGR,Manuguru,SC,SECUNDERABAD JN,331,6,0,03:45:00,21:45:00,12752,1,1,1,0,0,0
12752,Secunderabad-Manuguru SF Express,SF,Superfast,SCR,SC,SECUNDERABAD JN,MUGR,Manuguru,331,6,0,05:45:00,23:45:00,12751,1,1,1,0,0,0
12753,Chennai-NewJalpaiguri SF Express,SF,Superfast,SR,MAS,CHENNAI CENTRAL,NJP,NEW JALPAIGURI,2257,40,45,03:45:00,11:00:00,12754,1,1,1,0,0,0
12754,New Jalpaiguri-Chennai SF Express,SF,Superfast,SR,NJP,NEW JALPAIGURI,MAS,CHENNAI CENTRAL,2257,40,55,14:55:00,22:00:00,12753,1,1,1,0,0,0
12763,Padmavati Express,SF,Superfast,SCR,TPTY,TIRUPATI MAIN,SC,SECUNDERABAD JN,737,12,50,05:50:00,17:00:00,12764,1,1,1,0,0,0
12764,Padmavati Express,SF,Superfast,SCR,SC,SECUNDERABAD JN,TPTY,TIRUPATI MAIN,737,12,30,07:00:00,18:30:00,12763,1,1,1,0,0,0
12777,HUBLI - TRIVANDRUM KOCHUVELI SF Exp,SF,Superfast,SWR,UBL,HUBLI JN,KCVL,KOCHUVELI,1307,23,40,06:30:00,06:50:00,12778,1,1,1,0,0,0
40045,Chennai Beach TambaramEMU,MEMU,MEMU,?,MSB,CHENNAI BEACH,TBM,TAMBARAM,29,0,55,10:52:00,09:57:00,,0,0,0,0,0,0
52469,PATHANKOT - BAIJNATHPAPROLA PASSENGER,Pass,Passenger,NR,PTK,PATHANKOT,BJPL,BAIJNATH PAPROLA,141,6,40,22:30:00,15:50:00,52468,0,0,0,0,0,0
53448,Bhagalpur Banka Passenger,Pass,Passenger,ER,BGP,BHAGALPUR,BAKA,Banka,53,2,15,19:40:00,17:25:00,53449,0,0,0,0,0,0
55010,Chhapra Bhatni Passenger,Pass,Passenger,NER,CPR,CHHAPRA,BTT,BHATNI JN,110,3,10,20:35:00,17:25:00,55009,0,0,0,0,0,0
55102,Barhaj Bazar Bhatni Passenger,Pass,Passenger,NER,BHJ,Barhaj Bazar,BTT,BHATNI JN,0,1,55,12:15:00,10:20:00,55103,0,0,0,0,0,0
55103,Bhatani Barhaj Passenger,Pass,Passenger,NER,BTT,BHATNI JN,BHJ,Barhaj Bazar,0,1,30,16:55:00,15:25:00,55102,0,0,0,0,0,0
55118,Bhatni Chhapra Passenger,Pass,Passenger,NER,BTT,BHATNI JN,SV,SIWAN JN,49,1,20,18:30:00,17:10:00,55117,0,0,0,0,0,0
55123,Bhatani Manduadih Passenger,Pass,Passenger,NER,BTT,BHATNI JN,MUV,MANDUADIH,165,5,55,20:00:00,14:05:00,55122,0,0,0,0,0,0
12717,Ratnachal SF Express,SF,Superfast,SCR,VSKP,VISHAKAPATNAM,BZA,VIJAYAWADA JN,351,6,5,18:35:00,12:30:00,12718,0,0,0,0,0,1
12718,Ratnachal SF Express,SF,Superfast,SCR,BZA,VIJAYAWADA JN,VSKP,VISHAKAPATNAM,351,6,0,12:05:00,06:05:00,12717,0,0,0,0,0,1
12721,Dakshin SF Express,SF,Superfast,SCR,HYB,HYDERABAD DECCAN,NZM,DELHI H NIZAMUDDIN,1670,29,35,04:05:00,22:30:00,12722,1,1,1,0,0,0
12722,Dakshin SF Express,SF,Superfast,SCR,NZM,DELHI H NIZAMUDDIN,HYB,HYDERABAD DECCAN,1670,30,10,05:00:00,22:50:00,12721,1,1,1,0,0,0
12723,Andhra Pradesh Express,SF,Superfast,SCR,HYB,HYDERABAD DECCAN,NDLS,NEW DELHI,1677,26,40,09:05:00,06:25:00,12724,1,1,1,1,0,0
12724,Andhra Pradesh Express,SF,Superfast,SCR,NDLS,NEW DELHI,HYB,HYDERABAD DECCAN,1677,26,20,19:50:00,17:30:00,12723,1,1,1,1,0,0
12727,Godavari SF Express,SF,Superfast,SCR,VSKP,VISHAKAPATNAM,HYB,HYDERABAD DECCAN,711,12,50,06:15:00,17:25:00,12728,1,1,1,1,0,0
12728,Godavari SF Express,SF,Superfast,SCR,HYB,HYDERABAD DECCAN,VSKP,VISHAKAPATNAM,711,12,35,05:50:00,17:15:00,12727,1,1,1,1,0,0
12729,Pune-Nanded Express,SF,Superfast,SCR,PUNE,PUNE JN,NED,HUZUR SAHIB NANDED,662,12,0,10:00:00,22:00:00,12730,1,1,1,0,0,0
12730,Nanded-Pune SuperFast Express,SF,Superfast,SCR,NED,HUZUR SAHIB NANDED,PUNE,PUNE JN,662,12,0,09:20:00,21:20:00,12729,1,1,1,0,0,0
12755,Sangrami SF Expres,SF,Superfast,SR,MAS,CHENNAI CENTRAL,HLZ,Haldia,1647,27,35,18:10:00,14:35:00,12756,1,1,0,0,0,0
12756,Sangrami Expres,SF,Superfast,SR,HLZ,Haldia,MAS,CHENNAI CENTRAL,1647,29,30,17:00:00,11:30:00,12755,1,1,0,0,0,0
12759,Charminar Express,SF,Superfast,SCR,MAS,CHENNAI CENTRAL,HYB,HYDERABAD DECCAN,790,13,50,08:00:00,18:10:00,12760,1,1,1,1,0,0
12760,Charminar Express,SF,Superfast,SCR,HYB,HYDERABAD DECCAN,MAS,CHENNAI CENTRAL,790,13,45,08:15:00,18:30:00,12759,1,1,1,1,0,0
12785,Kacheguda-Bangalore SF Express,SF,Superfast,SCR,KCG,KACHEGUDA,SBC,BANGALORE CITY JN,625,11,20,06:25:00,19:05:00,12786,1,1,1,1,0,0
12789,Rameswaram Kanyakumari SF Express,SF,Superfast,SR,RMM,RAMESWARAM,CAPE,KANYAKUMARI,407,7,20,04:05:00,20:45:00,12790,1,1,0,0,0,0
12790,Kanyakumari Rameswaram SF Express,SF,Superfast,SR,CAPE,KANYAKUMARI,RMM,RAMESWARAM,407,7,20,05:20:00,22:00:00,12789,1,1,0,0,0,0
12791,SECUNDERABAD - DANAPUR SF EXP,SF,Superfast,SCR,SC,SECUNDERABAD JN,DNR,DANAPUR,1840,33,10,19:10:00,10:00:00,12792,1,1,1,0,0,0
12792,DANAPUR - SECUNDERABAD SF EXP,SF,Superfast,SCR,DNR,DANAPUR,SC,SECUNDERABAD JN,1840,33,25,21:30:00,12:05:00,12791,1,1,1,0,0,0
12793,Chennai Egmore Madurai BI-Weekly Superfast Express,SF,Superfast,SR,MS,CHENNAI EGMORE,MDU,MADURAI JN,561,10,5,08:50:00,22:45:00,12794,1,1,1,1,0,0
12794,Madurai Chennai Egmore BI-Weekly Superfast Express,SF,Superfast,SR,MDU,MADURAI JN,MS,CHENNAI EGMORE,561,10,10,07:20:00,21:10:00,12793,1,1,1,1,0,0
12802,Purushottam SF Express,SF,Superfast,ECoR,NDLS,NEW DELHI,PURI,PURI,1863,31,0,05:20:00,22:20:00,12801,1,1,1,0,0,0
12805,Janmabhoomi Express,SF,Superfast,ECoR,VSKP,VISHAKAPATNAM,SC,SECUNDERABAD JN,689,12,25,18:25:00,06:00:00,12806,0,0,0,0,0,1
12806,Janmabhoomi Express,SF,Superfast,ECoR,SC,SECUNDERABAD JN,VSKP,VISHAKAPATNAM,689,12,30,19:40:00,07:10:00,12805,0,0,0,0,0,1
12811,MUMBAI - HATIA LTT SF Exp,SF,Superfast,SER,LTT,LOKMANYA TILAK TERM,HTE,HATIA,1706,27,30,03:45:00,00:15:00,12812,1,1,1,0,0,0
12812,HATIA - MUMBAI LTT SF Exp,SF,Superfast,SER,HTE,HATIA,LTT,LOKMANYA TILAK TERM,1706,27,55,13:35:00,09:40:00,12811,1,1,1,0,0,0
12813,Steel Express,SF,Superfast,SER,HWH,HOWRAH JN,TATA,TATANAGAR JN,250,3,55,21:25:00,17:30:00,12814,0,1,0,1,0,1
12814,Steel Express,SF,Superfast,SER,TATA,TATANAGAR JN,HWH,HOWRAH JN,250,4,5,10:20:00,06:15:00,12813,0,1,0,1,0,1
12816,New Delhi-Puri Superfast Express,SF,Superfast,SER,NDLS,NEW DELHI,PURI,PURI,1794,29,55,12:25:00,06:30:00,12815,1,1,1,0,0,0
12817,Jharkhand Swarna Jayanti SF Express,SF,Superfast,SER,HTE,HATIA,ANVT,ANAND VIHAR TRM,1300,23,10,13:50:00,14:40:00,12818,1,1,1,0,0,0
12818,Jharkhand Swarna Jayanti Express,SF,Superfast,SER,ANVT,ANAND VIHAR TRM,HTE,HATIA,1303,20,50,16:40:00,19:50:00,12817,1,1,1,0,0,0
12819,Orissa Sampark Kranti Express,SKr,Sampark Kranti,ECoR,BBS,BHUBANESWAR,NDLS,NEW DELHI,1799,29,10,20:50:00,15:40:00,12820,1,1,1,0,0,0
12820,Orissa Sampark Kranti Express,SKr,Sampark Kranti,ECoR,NDLS,NEW DELHI,BBS,BHUBANESWAR,1799,29,0,12:10:00,07:10:00,12819,1,1,1,0,0,0
12821,Dhauli Express,SF,Superfast,SER,HWH,HOWRAH JN,PURI,PURI,502,8,30,14:30:00,06:00:00,12822,0,0,0,0,0,1
12822,Dhauli Express,SF,Superfast,SER,PURI,PURI,HWH,HOWRAH JN,502,8,25,20:15:00,11:50:00,12821,0,0,0,0,0,1
12827,Howrah Purulia Express,SF,Superfast,SER,HWH,HOWRAH JN,PRR,PURULIA JN,323,5,30,22:20:00,16:50:00,12828,0,0,0,0,0,1
12828,Howrah Express,SF,Superfast,SER,PRR,PURULIA JN,HWH,HOWRAH JN,323,5,50,11:20:00,05:30:00,12827,0,0,0,0,0,1
12829,Chennai Bhubaneswar SF Express,SF,Superfast,ECoR,MAS,CHENNAI CENTRAL,BBS,BHUBANESWAR,1223,20,25,17:35:00,21:10:00,12830,1,1,1,0,0,0
12830,Bhubaneswar Chennai Superfast Express,SF,Superfast,ECoR,BBS,BHUBANESWAR,MAS,CHENNAI CENTRAL,1223,20,55,08:55:00,12:00:00,12829,1,1,1,0,0,0
12831,DHANBAD - BHUBANESWAR Garib Rath Exp,GR,Garib Rath,SER,DHN,DHANBAD JN,BBS,BHUBANESWAR,780,16,15,08:15:00,16:00:00,12832,0,1,0,0,0,0
12832,BHUBANESWAR - DHANBAD Garib Rath Exp,GR,Garib Rath,SER,BBS,BHUBANESWAR,DHN,DHANBAD JN,780,14,35,10:45:00,20:10:00,12831,0,1,0,0,0,0
12833,AHMEDABAD - HOWRAH SF EXP,SF,Superfast,SER,ADI,AHMEDABAD JN,HWH,HOWRAH JN,2087,37,35,13:30:00,23:55:00,12834,1,1,1,0,0,0
12834,HOWRAH - AHMEDABAD SF EXP,SF,Superfast,SER,HWH,HOWRAH JN,ADI,AHMEDABAD JN,2087,37,30,13:25:00,23:55:00,12833,1,1,1,0,0,0
40017,Chennai Beach Tambaram EMU(12 Car),MEMU,MEMU,SR,MSB,CHENNAI BEACH,TBM,TAMBARAM,33,0,55,09:00:00,08:05:00,,0,0,0,0,0,0
55104,Barhaj Bazar Bhatni Passenger,Pass,Passenger,NER,BHJ,Barhaj Bazar,BTT,BHATNI JN,0,1,25,21:20:00,19:55:00,55103,0,0,0,0,0,0
55117,Siwan Bhatni Passenger,Pass,Passenger,NER,SV,SIWAN JN,BTT,BHATNI JN,49,3,5,12:25:00,09:20:00,55118,0,0,0,0,0,0
55121,Bhatni Varanasi Passenger,Pass,Passenger,NER,BTT,BHATNI JN,BSB,VARANASI JN,161,5,5,10:35:00,05:30:00,,0,0,0,0,0,0
55122,Manduadih Bhatni Passenger,Pass,Passenger,NER,MUV,MANDUADIH,BTT,BHATNI JN,165,5,20,11:50:00,06:30:00,55123,0,0,0,0,0,0
55124,Varanasi City- Bhatni Passenger,Pass,Passenger,NER,BCY,VARANASI CITY,BTT,BHATNI JN,158,5,45,19:45:00,14:00:00,,0,0,0,0,0,0
12779,VASCO DA GAMA - DELHI H NIZAMUDDIN Goa Exp,SF,Superfast,SWR,VSG,VASCO DA GAMA,NZM,DELHI H NIZAMUDDIN,2202,39,5,06:15:00,15:10:00,12780-Slip,1,1,1,0,0,0
12780-Slip,H.Nizamuddin Hubli Goa Express Slip,SF,Superfast,SWR,NZM,DELHI H NIZAMUDDIN,VSG,VASCO DA GAMA,2202,39,25,06:30:00,15:05:00,12779,1,0,1,0,0,0
12781,Mysore-Nizamuddin Swarna Jayanti Express,SF,Superfast,SWR,MYS,MYSORE JN,NZM,DELHI H NIZAMUDDIN,2618,44,55,17:05:00,20:10:00,12782,1,1,1,0,0,0
12787,Bilaspur Tirunelveli SF Express,SF,Superfast,SR,BSP,BILASPUR JN,TEN,TIRUNELVELI,2493,44,55,05:05:00,08:10:00,12788,1,1,1,0,0,0
12788,Tirunelveli Bilaspur SF Express,SF,Superfast,SR,TEN,TIRUNELVELI,BSP,BILASPUR JN,2494,44,35,21:35:00,01:00:00,12787,1,1,1,0,0,0
12801,Purushottam SF Express,SF,Superfast,ECoR,PURI,PURI,NDLS,NEW DELHI,1863,31,0,04:50:00,21:50:00,12802,1,1,1,0,0,0
12804,Swarna Jayanti Express,SF,Superfast,SER,NZM,DELHI H NIZAMUDDIN,VSKP,VISHAKAPATNAM,2096,35,25,17:25:00,06:00:00,12803,1,1,1,0,0,0
12807,Samata Express,SF,Superfast,ECoR,VSKP,VISHAKAPATNAM,NZM,DELHI H NIZAMUDDIN,1911,34,20,16:45:00,06:25:00,12808,1,1,1,0,0,0
12808,Samata Express,SF,Superfast,ECoR,NZM,DELHI H NIZAMUDDIN,VSKP,VISHAKAPATNAM,1911,33,50,18:30:00,08:40:00,12807,1,1,1,0,0,0
12815,Puri New Delhi Superfast Express,SF,Superfast,SER,PURI,PURI,NDLS,NEW DELHI,1804,30,5,17:00:00,10:55:00,12816,1,1,1,0,0,0
12823,Chhattisgarh Sampark Kranti Express,SKr,Sampark Kranti,SER,DURG,DURG,NZM,DELHI H NIZAMUDDIN,1281,21,5,09:05:00,12:00:00,12824,1,1,1,1,0,0
12824,Chhattisgarh Sampark Kranti Express,SKr,Sampark Kranti,SER,NZM,DELHI H NIZAMUDDIN,DURG,DURG,1284,21,45,15:10:00,17:25:00,12823,1,1,1,1,0,0
12825,Jharkhand Sampark Kranti Express,SKr,Sampark Kranti,SER,RNC,RANCHI,NDLS,NEW DELHI,1306,21,10,20:50:00,23:40:00,12826,1,1,1,0,0,0
12837,Howrah-Puri Express,SF,Superfast,SER,HWH,HOWRAH JN,PURI,PURI,502,8,55,07:30:00,22:35:00,12838,1,1,1,1,0,0
12838,Puri Howrah Express,SF,Superfast,SER,PURI,PURI,HWH,HOWRAH JN,502,8,45,04:50:00,20:05:00,12837,1,1,1,1,0,0
12839,Howrah Chennai Superfast Mail,SF,Superfast,SER,HWH,HOWRAH JN,MAS,CHENNAI CENTRAL,1662,28,5,03:50:00,23:45:00,12840,1,1,1,1,0,0
12841,Coromandel Express,SF,Superfast,SER,HWH,HOWRAH JN,MAS,CHENNAI CENTRAL,1662,26,25,17:15:00,14:50:00,12842,1,1,1,1,0,0
12842,Coromandel Express,SF,Superfast,SER,MAS,CHENNAI CENTRAL,HWH,HOWRAH JN,1662,27,5,11:50:00,08:45:00,12841,1,1,1,1,0,0
12845,BHUBANESWAR - BENGALURU CANTT SF Exp,SF,Superfast,ECoR,BBS,BHUBANESWAR,BNC,BANGALORE CANT,1524,27,40,11:10:00,07:30:00,12846,1,1,1,0,0,0
40019,Chennai Beach Tambaram EMU,MEMU,MEMU,SR,MSB,CHENNAI BEACH,TBM,TAMBARAM,33,0,55,09:07:00,08:12:00,,0,0,0,0,0,0
12887,Howrah-Puri Express,SF,Superfast,SER,HWH,HOWRAH JN,PURI,PURI,502,9,0,05:55:00,20:55:00,12888,1,1,1,0,0,0
12886,Aranyak Express,SF,Superfast,SER,BJE,Bhojudih Junction,SHM,KOLKATA SHALIMAR,311,5,35,19:00:00,13:25:00,12885,0,0,0,0,0,0
12885,Aranyak Express,SF,Superfast,SER,SHM,KOLKATA SHALIMAR,BJE,Bhojudih Junction,311,5,20,13:05:00,07:45:00,12886,0,0,0,0,0,0
12883,Rupashi Bangla Express,SF,Superfast,SER,HWH,HOWRAH JN,PRR,PURULIA JN,333,5,50,11:50:00,06:00:00,12884,0,0,0,0,0,1
12882,Puri Howrah Garib Rath,GR,Garib Rath,SER,PURI,PURI,HWH,HOWRAH JN,502,8,50,07:05:00,22:15:00,12881,0,1,0,0,0,0
12881,Howrah Puri Garib Rath,GR,Garib Rath,SER,HWH,HOWRAH JN,PURI,PURI,502,9,0,05:55:00,20:55:00,12882,0,1,0,0,0,0
12872,TITLAGARH - HOWRAH Ispat Exp,SF,Superfast,SER,TIG,TITLAGARH,HWH,HOWRAH JN,745,13,25,18:45:00,05:20:00,12871,0,0,0,0,0,1
12873,Jharkhand Swarna Jayanti Express,SF,Superfast,SER,HTE,HATIA,ANVT,ANAND VIHAR TRM,1334,24,10,13:50:00,13:40:00,12874,1,1,1,0,0,0
12874,Jharkhand Swarna Jayanti Express,SF,Superfast,SER,ANVT,ANAND VIHAR TRM,HTE,HATIA,1334,24,5,19:55:00,19:50:00,12873,1,1,1,0,0,0
12875,PURI - NEW DELHI Neelanchal SF Exp,SF,Superfast,ECoR,PURI,PURI,NDLS,NEW DELHI,1910,34,45,21:40:00,10:55:00,12876,1,1,1,0,0,0
12876,NEW DELHI - PURI Neelanchal SF Exp,SF,Superfast,ECoR,NDLS,NEW DELHI,PURI,PURI,1910,34,40,17:10:00,06:30:00,12875,1,1,1,0,0,0
12877,Ranchi-New Delhi Garib Rath,GR,Garib Rath,SER,RNC,RANCHI,NDLS,NEW DELHI,1341,17,40,10:50:00,17:10:00,12878,0,1,0,0,0,0
12780,DELHI H NIZAMUDDIN - VASCO DA GAMA Goa Exp,SF,Superfast,SWR,NZM,DELHI H NIZAMUDDIN,VSG,VASCO DA GAMA,2202,39,25,06:30:00,15:05:00,12779,1,1,1,0,0,0
12843,Puri Ahmedabad Superfast Express,SF,Superfast,ECoR,PURI,PURI,ADI,AHMEDABAD JN,2130,37,55,07:25:00,17:30:00,12844,1,1,1,0,0,0
12844,Ahmedabad Puri Superfast Express,SF,Superfast,SER,ADI,AHMEDABAD JN,PURI,PURI,2130,38,50,08:50:00,18:00:00,12843,1,1,1,0,0,0
12879,MUMBAI LTT - BHUBANESWAR SF Exp,SF,Superfast,SER,LTT,LOKMANYA TILAK TERM,BBS,BHUBANESWAR,1788,31,20,07:35:00,00:15:00,12880,1,1,1,0,0,0
12884,Rupashi Bangla Express,SF,Superfast,SER,PRR,PURULIA JN,HWH,HOWRAH JN,333,5,40,21:15:00,15:35:00,12883,0,0,0,0,0,1
12880,BHUBANESWAR - MUMBAI LTT SF Exp,SF,Superfast,SER,BBS,BHUBANESWAR,LTT,LOKMANYA TILAK TERM,1789,30,25,13:35:00,07:10:00,12879,1,1,1,0,0,0
12891,Baripada- Bhubaneswar Express,SF,Superfast,SER,BPO,Baripada,BBS,BHUBANESWAR,275,4,53,10:00:00,05:07:00,12892,0,0,0,0,0,1
12888,Howrah Express,SF,Superfast,SER,PURI,PURI,HWH,HOWRAH JN,502,8,50,07:05:00,22:15:00,12887,1,1,1,0,0,0
12893,BHUBANESWAR - BALANGIR SF Exp,SF,Superfast,SER,BBS,BHUBANESWAR,BLGR,BALANGIR,397,6,55,13:40:00,06:45:00,12894,0,0,0,0,0,1
12892,Bhubaneswar Baripada SF Express,SF,Superfast,SER,BBS,BHUBANESWAR,BPO,Baripada,275,4,55,22:05:00,17:10:00,12891,0,0,0,0,0,1
12895,Kolkata-Puri Express,SF,Superfast,SER,HWH,HOWRAH JN,PURI,PURI,502,9,0,05:55:00,20:55:00,12896,1,1,1,0,0,0
12894,BALANGIR - BHUBANESWAR SF Exp,SF,Superfast,SER,BLGR,BALANGIR,BBS,BHUBANESWAR,397,7,10,21:50:00,14:40:00,12893,0,0,0,0,0,1
12897,Puducherry-Bhubaneswar Express,SF,Superfast,SER,PDY,Puducherry,BBS,BHUBANESWAR,1424,24,15,18:45:00,18:30:00,12898,1,1,1,0,0,0
12896,Puri-Howrah Express,SF,Superfast,SER,PURI,PURI,HWH,HOWRAH JN,502,8,50,07:05:00,22:15:00,12895,1,1,1,0,0,0
12903,Golden Temple Mail,SF,Superfast,WR,BCT,Mumbai Central,ASR,AMRITSAR JN,1891,32,15,05:40:00,21:25:00,12904,1,1,1,1,0,0
12898,Bhubaneswar-Puducherry Superfast Express,SF,Superfast,SER,BBS,BHUBANESWAR,PDY,Puducherry,1424,25,35,13:35:00,12:00:00,12897,1,1,1,0,0,0
12908,Maharashtra Sampark Kranti Express,SKr,Sampark Kranti,WR,NZM,DELHI H NIZAMUDDIN,BDTS,MUMBAI BANDRA TERMINUS,1366,20,15,17:50:00,21:35:00,12907,1,1,1,0,0,0
12906-Slip,Howrah-Porbandar SF Express Slip,SF,Superfast,WR,HWH,HOWRAH JN,OKHA,OKHA,2586,45,5,20:00:00,22:55:00,,1,1,1,0,0,0
12911,Valsad-Haridwar Exp,SF,Superfast,WR,BL,VALSAD,HW,HARIDWAR JN,1433,24,35,16:15:00,15:40:00,12912,1,1,1,0,0,0
12910,H.Nizamuddin-Bandra Terminus Garib Rath Express,GR,Garib Rath,WR,NZM,DELHI H NIZAMUDDIN,BDTS,MUMBAI BANDRA TERMINUS,1366,16,30,08:10:00,15:40:00,12909,0,1,0,0,0,1
12913,Indore-Nagpur Weekly Express,SF,Superfast,WR,INDB,INDORE JN BG,NGP,NAGPUR,652,11,50,08:25:00,20:35:00,12914,1,1,1,0,0,0
12912,Haridwar Valsad Superfast Express,SF,Superfast,WR,HW,HARIDWAR JN,BL,VALSAD,1433,23,35,18:15:00,18:40:00,12911,1,1,1,0,0,0
12919,Malwa Express,SF,Superfast,WR,INDB,INDORE JN BG,JAT,JAMMU TAWI,1540,27,30,15:55:00,12:25:00,12920,1,1,1,0,0,0
12914,Nagpur-Indore Weekly Express,SF,Superfast,WR,NGP,NAGPUR,INDB,INDORE JN BG,652,11,35,06:50:00,19:15:00,12913,1,1,1,0,0,0
12921,Flying Rani Express,SF,Superfast,WR,BCT,Mumbai Central,ST,SURAT,263,4,40,22:35:00,17:55:00,12922,0,0,0,0,0,1
12920,Malwa Express,SF,Superfast,WR,JAT,JAMMU TAWI,INDB,INDORE JN BG,1540,27,50,12:50:00,09:00:00,12919,1,1,1,0,0,0
12923,Indore Nagpur Express,SF,Superfast,WR,INDB,INDORE JN BG,NGP,NAGPUR,607,11,0,08:25:00,21:25:00,12924,1,1,1,0,0,0
12922,Flying Rani Express,SF,Superfast,WR,ST,SURAT,BCT,Mumbai Central,263,4,45,10:10:00,05:25:00,12921,0,0,0,0,1,1
12925,Paschim Express,SF,Superfast,WR,BDTS,MUMBAI BANDRA TERMINUS,ASR,AMRITSAR JN,1821,31,40,19:15:00,11:35:00,12926,1,1,1,1,0,0
12924,Indore Express,SF,Superfast,WR,NGP,NAGPUR,INDB,INDORE JN BG,607,10,25,05:40:00,19:15:00,12923,1,1,1,0,0,0
12925-Slip,Paschim Express Slip,SF,Superfast,WR,BDTS,MUMBAI BANDRA TERMINUS,ASR,AMRITSAR JN,1821,31,40,19:15:00,11:35:00,12926,1,1,0,0,0,0
12926,Paschim Express,SF,Superfast,WR,ASR,AMRITSAR JN,BDTS,MUMBAI BANDRA TERMINUS,1821,31,5,15:15:00,08:10:00,12925,1,1,1,1,0,0
12927,Mumbai Central -Vadodara Express,SF,Superfast,WR,BCT,Mumbai Central,BRC,VADODARA JN,392,6,25,06:05:00,23:40:00,12928,1,1,1,1,0,0
12928,Vadodara - Mumbai Central Express,SF,Superfast,WR,BRC,VADODARA JN,BCT,Mumbai Central,392,6,15,04:55:00,22:40:00,12927,1,1,1,1,0,0
12929,Valsad Dahod InterCity Express,SF,Superfast,WR,BL,VALSAD,DHD,DAHOD,344,6,0,13:15:00,07:15:00,12930,0,0,0,0,0,0
12930,Dahod Valsad InterCity Express,SF,Superfast,WR,DHD,DAHOD,BL,VALSAD,344,6,10,21:00:00,14:50:00,12929,0,0,0,0,1,0
12935,Bandra Surat InterCity Express,SF,Superfast,WR,BDTS,MUMBAI BANDRA TERMINUS,ST,SURAT,252,4,20,11:10:00,06:50:00,12936,0,0,0,0,1,1
12936,Surat Bandra InterCity Express,SF,Superfast,WR,ST,SURAT,BDTS,MUMBAI BANDRA TERMINUS,252,4,20,20:30:00,16:10:00,12935,0,0,0,0,1,1
12937,GANDHIDHAM - HOWRAH Garbha Exp,SF,Superfast,WR,GIMB,GANDHIDHAM BG,HWH,HOWRAH JN,2509,44,5,13:05:00,17:00:00,12938,1,1,1,0,0,0
12938,HOWRAH - GANDHIDHAM Garbha Exp,SF,Superfast,WR,HWH,HOWRAH JN,GIMB,GANDHIDHAM BG,2509,42,15,17:15:00,23:00:00,12937,1,1,1,0,0,0
12939,Pune-Jaipur SF Express,SF,Superfast,NWR,PUNE,PUNE JN,JP,JAIPUR,1302,22,20,13:40:00,15:20:00,12940,1,1,1,0,0,0
12940,Jaipur-Pune SF Express,SF,Superfast,NWR,JP,JAIPUR,PUNE,PUNE JN,1302,22,50,08:05:00,09:15:00,12939,1,1,1,0,0,0
40025,Chennai Beach TambaramEMU (12 car),MEMU,MEMU,SR,MSB,CHENNAI BEACH,TBM,TAMBARAM,33,0,55,09:32:00,08:37:00,,0,0,0,0,0,0
58115,CKP ROU SARANDA PASSENGER,Pass,Passenger,SER,CKP,CHAKRADHARPUR,ROU,ROURKELA,101,2,10,07:45:00,05:35:00,58116,0,0,0,0,0,0
12901,Gujarat Mail,SF,Superfast,WR,BCT,Mumbai Central,ADI,AHMEDABAD JN,491,8,40,06:25:00,21:45:00,12902,1,1,1,1,0,0
12902,Gujarat Mail,SF,Superfast,WR,ADI,AHMEDABAD JN,BCT,Mumbai Central,491,8,45,06:45:00,22:00:00,12901,1,1,1,1,0,0
12907,Maharashtra Sampark Kranti Express,SKr,Sampark Kranti,WR,BDTS,MUMBAI BANDRA TERMINUS,NZM,DELHI H NIZAMUDDIN,1366,20,55,13:45:00,16:50:00,12908,1,1,1,0,0,0
12909,Bandra Terminus- Hazrat Nizamuddin Garib Rath,GR,Garib Rath,WR,BDTS,MUMBAI BANDRA TERMINUS,NZM,DELHI H NIZAMUDDIN,1366,16,50,09:45:00,16:55:00,12910,0,1,0,0,0,1
12915,Ashram SF Express,SF,Superfast,WR,ADI,AHMEDABAD JN,DLI,OLD DELHI,933,15,40,10:10:00,18:30:00,12916,1,1,1,1,0,0
12916,Ashram SF Express,SF,Superfast,WR,DLI,OLD DELHI,ADI,AHMEDABAD JN,933,16,20,07:40:00,15:20:00,12915,1,1,1,1,0,0
12917,Gujarat Sampark Kranti Express,SKr,Sampark Kranti,WR,ADI,AHMEDABAD JN,NZM,DELHI H NIZAMUDDIN,1085,17,20,10:40:00,17:20:00,12918,1,1,1,0,0,0
12933,Karnavati Express,SF,Superfast,WR,BCT,Mumbai Central,ADI,AHMEDABAD JN,491,7,45,21:25:00,13:40:00,12934,0,0,0,0,0,1
12934,Karnavati Express,SF,Superfast,WR,ADI,AHMEDABAD JN,BCT,Mumbai Central,491,7,40,12:35:00,04:55:00,12933,0,0,0,0,0,1
12943,Valsad-Kanpur Udyogkarmi Express,SF,Superfast,WR,BL,VALSAD,CNB,KANPUR CENTRAL,1305,23,50,19:30:00,19:40:00,12944,1,1,1,0,0,0
12944,Kanpur-Valsad Udyogkarmi Express,SF,Superfast,WR,CNB,KANPUR CENTRAL,BL,VALSAD,1305,23,35,07:35:00,08:00:00,12943,1,1,1,0,0,0
12945,SURAT - MAHUVA SF Exp,SF,Superfast,WR,ST,SURAT,MHV,MAHUVA JN,1409,25,5,10:40:00,09:35:00,12946,1,1,0,0,0,0
12947,Azimabad Express,SF,Superfast,WR,ADI,AHMEDABAD JN,PNBE,PATNA JN,1772,31,0,04:30:00,21:30:00,12948,1,1,0,0,0,0
12948,Azimabad Express,SF,Superfast,WR,PNBE,PATNA JN,ADI,AHMEDABAD JN,1772,30,20,05:50:00,23:30:00,12947,1,1,0,0,0,0
12949,PORBANDAR - K SANTRAGANCHI Kavi Guru SF Exp,SF,Superfast,WR,PBR,PORBANDAR,SRC,SANTRAGACHI JN,2657,48,15,08:10:00,07:55:00,12950,1,1,1,0,0,0
12951,Mumbai Central-New Delhi Rajdhani Express,Raj,Rajdhani,WR,BCT,Mumbai Central,NDLS,NEW DELHI,1384,15,50,08:30:00,16:40:00,12952,0,1,1,1,0,0
12955,Mumbai-Jaipur SF Express,SF,Superfast,WR,BCT,Mumbai Central,JP,JAIPUR,1159,18,0,12:50:00,18:50:00,12956,1,1,1,1,0,0
12956,Jaipur-Mumbai SF Express,SF,Superfast,WR,JP,JAIPUR,BCT,Mumbai Central,1159,17,40,07:50:00,14:10:00,12955,1,1,1,1,0,0
12959,MUMBAI DADAR - BHUJ SF Exp,SF,Superfast,WR,DDR,MUMBAI DADAR WEST,BHUJ,BHUJ,977,17,45,17:40:00,23:55:00,12960,1,1,1,0,0,0
12960,BHUJ - MUMBAI DADAR SF Exp,SF,Superfast,WR,BHUJ,BHUJ,DDR,MUMBAI DADAR WEST,977,17,45,12:15:00,18:30:00,12959,1,1,1,0,0,0
12961,Avantika Express,SF,Superfast,WR,BCT,Mumbai Central,INDB,INDORE JN BG,829,13,55,09:00:00,19:05:00,12962,1,1,1,1,0,0
12962,Avantika Express,SF,Superfast,WR,INDB,INDORE JN BG,BCT,Mumbai Central,829,14,45,06:35:00,15:50:00,12961,1,1,1,1,0,0
12965,Gwalior Udaipur Express,SF,Superfast,NWR,GWL,GWALIOR JN,UDZ,UDAIPUR CITY,794,14,20,06:10:00,15:50:00,12966,1,1,1,1,0,0
12966,Udaipur Gwalior Express,SF,Superfast,NWR,UDZ,UDAIPUR CITY,GWL,GWALIOR JN,794,14,25,12:45:00,22:20:00,12965,1,1,1,1,0,0
12967,Chennai-Jaipur SF Express,SF,Superfast,NWR,MAS,CHENNAI CENTRAL,JP,JAIPUR,2185,36,20,05:55:00,17:35:00,12968,1,1,1,1,0,0
12968,Jaipur-Chennai SF Express,SF,Superfast,NWR,JP,JAIPUR,MAS,CHENNAI CENTRAL,2185,38,5,09:45:00,19:40:00,12967,1,1,1,1,0,0
12969,Coimbatore-Jaipur Express,SF,Superfast,NWR,CBE,COIMBATORE JN,JP,JAIPUR,2682,44,40,05:55:00,09:15:00,12970,1,1,1,1,0,0
12970,Jaipur-Coimbatore Express,SF,Superfast,NWR,JP,JAIPUR,CBE,COIMBATORE JN,2682,46,20,18:00:00,19:40:00,12969,1,1,1,1,0,0
12971,Bhavnagar Express,SF,Superfast,WR,BDTS,MUMBAI BANDRA TERMINUS,BVC,BHAVNAGAR TERMINUS,778,14,5,11:30:00,21:25:00,12972,1,1,1,0,0,0
12973,Indore-Jaipur SF Express,SF,Superfast,WR,INDB,INDORE JN BG,JP,JAIPUR,599,9,30,08:00:00,22:30:00,12974,1,1,1,0,0,0
12974,Jaipur Indore SF Express,SF,Superfast,WR,JP,JAIPUR,INDB,INDORE JN BG,599,10,0,07:10:00,21:10:00,12973,1,1,1,0,0,0
12975,Mysore-Jaipur SF Express,SF,Superfast,NWR,MYS,MYSORE JN,JP,JAIPUR,2479,43,40,05:55:00,10:15:00,12976,1,1,1,1,0,0
12976,Jaipur-Mysore SF Express,SF,Superfast,NWR,JP,JAIPUR,MYS,MYSORE JN,2479,44,40,16:20:00,19:40:00,12975,1,1,1,1,0,0
12977,ERNAKULAM - AJMER Marusagar Exp,SF,Superfast,NWR,ERS,ERNAKULAM JN,AII,AJMER JN,2859,44,25,16:15:00,19:50:00,12978,1,1,1,1,0,0
12978,AJMER - ERNAKULAM Marusagar Exp,SF,Superfast,NWR,AII,AJMER JN,ERS,ERNAKULAM JN,2859,44,40,04:20:00,07:40:00,12977,1,1,1,1,0,0
12979,Mumbai Bandra (T.) - Jaipur (Tri-weekly) SF Exp,SF,Superfast,WR,BDTS,MUMBAI BANDRA TERMINUS,JP,JAIPUR,1148,18,45,10:30:00,15:45:00,12980,1,1,1,1,0,0
12981,Chetak Express,SF,Superfast,NWR,DEE,DELHI SARAI ROHILLA,UDZ,UDAIPUR CITY,673,12,10,07:50:00,19:40:00,12982,1,1,1,0,0,0
12982,Chetak Express,SF,Superfast,NWR,UDZ,UDAIPUR CITY,DEE,DELHI SARAI ROHILLA,673,11,50,05:10:00,17:20:00,12981,1,1,1,0,0,0
12983,Ajmer-Chandigarh GaribRath Express,GR,Garib Rath,NWR,AII,AJMER JN,CDG,CHANDIGARH,740,12,45,06:40:00,17:55:00,12984,0,1,0,0,0,0
12984,Chandigarh-Ajmer GaribRath,GR,Garib Rath,NWR,CDG,CHANDIGARH,AII,AJMER JN,740,12,50,09:55:00,21:05:00,12983,0,1,0,0,0,0
12988,Ajmer Sealdah Express,SF,Superfast,NWR,AII,AJMER JN,SDAH,KOLKATA SEALDAH,1642,27,10,15:55:00,12:45:00,12987,1,1,1,0,0,0
12989,Dadar Ajmer Superfast Express,SF,Superfast,NWR,DDR,MUMBAI DADAR WEST,AII,AJMER JN,976,17,30,08:05:00,14:35:00,12990,1,1,1,0,0,0
12990,Ajmer-Dadar SF Express,SF,Superfast,NWR,AII,AJMER JN,DDR,MUMBAI DADAR WEST,976,17,30,12:50:00,19:20:00,12989,1,1,1,0,0,0
12991,Udaipur-Ajmer Express,SF,Superfast,WR,UDZ,UDAIPUR CITY,AII,AJMER JN,301,5,25,11:40:00,06:15:00,12992,0,0,0,0,0,1
12992,Ajmer Udaipur Express,SF,Superfast,WR,AII,AJMER JN,UDZ,UDAIPUR CITY,301,5,15,21:30:00,16:15:00,12991,0,0,0,0,0,1
40027,Chennai Beach TambaramEMU (12 car),MEMU,MEMU,SR,MSB,CHENNAI BEACH,TBM,TAMBARAM,33,0,55,09:41:00,08:46:00,,0,0,0,0,0,0
40033,Chennai Beach TambaramEMU (12 car),MEMU,MEMU,?,MSB,CHENNAI BEACH,TBM,TAMBARAM,33,0,55,10:11:00,09:16:00,,0,0,0,0,0,0
40055,Chennai Beach TambaramEMU,MEMU,MEMU,?,MSB,CHENNAI BEACH,TBM,TAMBARAM,29,0,55,11:25:00,10:30:00,,0,0,0,0,0,0
58610,Chakradharpur Tatanagar Passenger,Pass,Passenger,SER,CKP,CHAKRADHARPUR,TATA,TATANAGAR JN,62,1,45,07:45:00,06:00:00,58609,0,0,0,0,0,0
12941,Ahmedabad-Asansol (Weekly) SF Parasnath Express,SF,Superfast,WR,ADI,AHMEDABAD JN,ASN,ASANSOL JN,2021,34,55,10:20:00,23:25:00,12942,1,1,0,0,0,0
12942,Asansol Ahmedabad (Weekly) SF Express,SF,Superfast,WR,ASN,ASANSOL JN,ADI,AHMEDABAD JN,2021,34,0,05:50:00,19:50:00,12941,1,1,0,0,0,0
12954,August Kranti Rajdhani Express,Raj,Rajdhani,WR,NZM,DELHI H NIZAMUDDIN,BCT,Mumbai Central,1377,17,40,10:35:00,16:55:00,12953,0,1,1,1,0,0
12957,Ahmadabad-New Delhi Swarna Jayanti Rajdhani Expres,Raj,Rajdhani,WR,ADI,AHMEDABAD JN,NDLS,NEW DELHI,934,13,40,07:25:00,17:45:00,12958,0,1,1,1,0,0
12958,New Delhi-Ahmedabad Swarna Jayanti Rajdhani Expres,Raj,Rajdhani,WR,NDLS,NEW DELHI,ADI,AHMEDABAD JN,934,13,40,09:35:00,19:55:00,12957,0,1,1,1,0,0
12963,Mewar Express,SF,Superfast,WR,NZM,DELHI H NIZAMUDDIN,UDZ,UDAIPUR CITY,743,12,15,07:20:00,19:05:00,12964,1,1,1,1,0,0
12964,Mewar Express,SF,Superfast,WR,UDZ,UDAIPUR CITY,NZM,DELHI H NIZAMUDDIN,743,12,15,06:30:00,18:15:00,12963,1,1,1,1,0,0
12995,Bandra-Udaipur SF Express,SF,Superfast,WR,BDTS,MUMBAI BANDRA TERMINUS,UDZ,UDAIPUR CITY,945,17,10,08:55:00,15:45:00,12996,1,1,1,0,0,0
12996,Udaipur Bandra SF Express Slip,SF,Superfast,NWR,UDZ,UDAIPUR CITY,BDTS,MUMBAI BANDRA TERMINUS,945,16,55,14:30:00,21:35:00,12995,1,1,1,0,0,0
12997,Tirunelveli - Hapa (Biweekly) SF Express,SF,Superfast,WR,TEN,TIRUNELVELI,HAPA,HAPA,2730,44,5,02:00:00,05:55:00,12998,1,1,0,0,0,0
12998,Hapa-Tirunelveli Express,SF,Superfast,WR,HAPA,HAPA,TEN,TIRUNELVELI,2730,44,10,17:30:00,21:20:00,12997,1,1,0,0,0,0
13005,Howrah-Amritsar Mail,Mail,Mail/Express,ER,HWH,HOWRAH JN,ASR,AMRITSAR JN,1910,37,45,08:55:00,19:10:00,13006,1,1,1,1,0,0
13007,Udyan Abha Toofan Express,Exp,Express,ER,HWH,HOWRAH JN,SGNR,SHRI GANGANAGAR,1978,45,35,07:10:00,09:35:00,13008,1,1,0,0,0,0
13008-Slip,Udyan Abha Toofan Express Slip,Exp,Express,NR,SGNR,SHRI GANGANAGAR,KLK,Kalka,433,9,0,05:50:00,20:50:00,,1,0,0,0,0,0
13009,Doon Express,Exp,Express,ER,HWH,HOWRAH JN,DDN,DEHRADUN,1557,34,35,07:10:00,20:35:00,13010,1,1,1,0,0,0
13009-Slip,Doon Express Slip,Exp,Express,ER,HWH,HOWRAH JN,KTW,KOTDWARA,1461,33,20,05:55:00,20:35:00,,1,1,1,0,0,0
13010,Doon Express,Exp,Express,ER,DDN,DEHRADUN,HWH,HOWRAH JN,1557,34,30,06:55:00,20:25:00,13009,1,1,1,0,0,0
13011,InterCity Express,Exp,Express,ER,HWH,HOWRAH JN,MLDT,MALDA TOWN,340,7,25,22:50:00,15:25:00,13012,0,0,0,0,0,1
13012,InterCity Express,Exp,Express,ER,MLDT,MALDA TOWN,HWH,HOWRAH JN,340,6,55,11:25:00,04:30:00,13011,0,0,0,0,0,1
13015,Howrah Bolpur KaviGuru Express,Exp,Express,ER,HWH,HOWRAH JN,BHP,BOLPUR SHANTINIKETAN,158,3,0,13:45:00,10:45:00,13016,0,0,0,0,0,1
13017,Ganadevta Express,Exp,Express,ER,HWH,HOWRAH JN,AZ,AZIMGANJ JN,278,7,0,13:05:00,06:05:00,13018,0,0,0,0,0,1
13018,Ganadevta Express,Exp,Express,ER,AZ,AZIMGANJ JN,HWH,HOWRAH JN,278,6,15,21:45:00,15:30:00,13017,0,0,0,0,0,1
13019,Bagh Express,Exp,Express,ER,HWH,HOWRAH JN,KGM,KATHGODAM,1521,35,45,09:30:00,21:45:00,13020,1,1,1,0,0,0
13020,Bagh Express,Exp,Express,ER,KGM,KATHGODAM,HWH,HOWRAH JN,1521,38,45,12:40:00,21:55:00,13019,1,1,1,0,0,0
13021,Mithila Express,Exp,Express,ER,HWH,HOWRAH JN,RXL,RAXAUL JN,693,16,45,08:30:00,15:45:00,13022,1,1,1,0,0,0
13022,Mithila Express,Exp,Express,ER,RXL,RAXAUL JN,HWH,HOWRAH JN,693,18,0,04:00:00,10:00:00,13021,1,1,1,0,0,0
13023,Howrah-Gaya Express,Exp,Express,ER,HWH,HOWRAH JN,GAYA,GAYA JN,654,15,5,10:55:00,19:50:00,13024,1,0,0,0,0,0
13025,Howrah-Bhopal Express,Exp,Express,ER,HWH,HOWRAH JN,BPL,BHOPAL JN,1459,29,5,18:30:00,13:25:00,13026,1,1,1,0,0,0
13026,Bhopal-Howrah Express,Exp,Express,ER,BPL,BHOPAL JN,HWH,HOWRAH JN,1459,31,25,15:00:00,07:35:00,13025,1,1,1,0,0,0
13027,Kaviguru Express,Exp,Express,ER,HWH,HOWRAH JN,AZ,AZIMGANJ JN,278,5,50,04:30:00,22:40:00,13028,1,0,0,0,0,0
13028,Kaviguru Express,Exp,Express,ER,AZ,AZIMGANJ JN,HWH,HOWRAH JN,278,6,15,13:55:00,07:40:00,13027,1,0,0,0,0,0
13039,Howrah-Rajgir Express Slip,Exp,Express,ER,HWH,HOWRAH JN,RGD,Rajgir,552,15,50,12:10:00,20:20:00,,1,0,0,0,0,0
13040,Janata Express,Exp,Express,ER,DLI,OLD DELHI,HWH,HOWRAH JN,1540,38,25,06:05:00,15:40:00,,0,0,0,0,0,0
13049,Howrah-Amritsar Express,Exp,Express,ER,HWH,HOWRAH JN,ASR,AMRITSAR JN,1922,44,10,10:10:00,14:00:00,13050,1,1,0,0,0,0
13050,Amritsar Howrah Express,Exp,Express,ER,ASR,AMRITSAR JN,HWH,HOWRAH JN,1922,45,35,15:45:00,18:10:00,13049,1,1,0,0,0,0
13051,Hool Express,Exp,Express,ER,HWH,HOWRAH JN,SURI,SIURI,241,4,55,11:40:00,06:45:00,13052,0,0,0,0,0,1
13052,Hool Express,Exp,Express,ER,SURI,SIURI,HWH,HOWRAH JN,241,4,55,18:25:00,13:30:00,13051,0,0,0,0,0,1
13054,Siuri-Howrah Intercity Express,Exp,Express,ER,SURI,SIURI,HWH,HOWRAH JN,211,4,50,22:40:00,17:50:00,13053,0,0,0,0,0,1
13072,Howrah Express,Exp,Express,ER,JMP,JAMALPUR JN,HWH,HOWRAH JN,467,10,0,05:30:00,19:30:00,13071,1,1,1,1,0,0
13104,Bhagirathi Express,Exp,Express,ER,LGL,Lalgola,SDAH,KOLKATA SEALDAH,227,4,35,10:25:00,05:50:00,13103,0,0,0,0,0,1
13105,Sealdah-Ballia Express,Exp,Express,ER,SDAH,KOLKATA SEALDAH,BUI,BALLIA,679,16,45,06:10:00,13:25:00,13106,1,1,0,0,0,0
13106,Ballia-Sealdah Express,Exp,Express,ER,BUI,BALLIA,SDAH,KOLKATA SEALDAH,679,18,35,03:35:00,09:00:00,13105,1,1,0,0,0,0
13107,Maitree Express BR,Exp,Express,ER,DHCA,Dhaca Cantt.,KOAA,KOLKATA CHITPUR,375,11,45,18:45:00,07:00:00,13108,0,0,0,0,0,0
13108,Maitree Express BR,Exp,Express,ER,KOAA,KOLKATA CHITPUR,DHCA,Dhaca Cantt.,375,10,50,18:00:00,07:10:00,13107,0,0,0,1,0,1
13109,Maitree Express IR,Exp,Express,ER,KOAA,KOLKATA CHITPUR,DHCA,Dhaca Cantt.,375,10,50,18:00:00,07:10:00,13110,0,0,0,1,0,1
13110,Maitree Express,Exp,Express,ER,DHCA,Dhaca Cantt.,KOAA,KOLKATA CHITPUR,375,11,45,18:45:00,07:00:00,13109,0,0,0,0,0,0
13111,Lal Quila Express,Exp,Express,ER,KOAA,KOLKATA CHITPUR,DLI,OLD DELHI,1527,30,55,03:10:00,20:15:00,13112,1,1,0,0,0,0
13111-Slip,Lal Quila Express Slip,Exp,Express,ER,KOAA,KOLKATA CHITPUR,GRD,Giridih,322,8,15,04:30:00,20:15:00,,1,1,0,0,0,0
40035,Chennai Beach TambaramEMU (12 car),MEMU,MEMU,?,MSB,CHENNAI BEACH,TBM,TAMBARAM,33,0,55,10:16:00,09:21:00,,0,0,0,0,0,0
40059,Chennai Beach TambaramEMU,MEMU,MEMU,?,MSB,CHENNAI BEACH,TBM,TAMBARAM,29,0,55,11:35:00,10:40:00,,0,0,0,0,0,0
13008,Udyan Abha Toofan Express,Exp,Express,ER,MGS,MUGHAL SARAI JN,HWH,HOWRAH JN,755,17,55,19:20:00,01:25:00,13007,1,1,0,0,0,0
13013,Barddhaman Rampurhat Tri-Weekly Express,Exp,Express,ER,BWN,BARDDHAMAN JN,RPH,RAMPUR HAT,112,2,20,09:35:00,07:15:00,13014,0,0,0,0,0,0
13014,Rampurhat-Barddhaman Tri-Weekly Express,Exp,Express,ER,RPH,RAMPUR HAT,BWN,BARDDHAMAN JN,112,2,40,21:20:00,18:40:00,13013,0,0,0,0,0,1
13016,Bolpur-Howrah Kavi Guru Express,Exp,Express,ER,BHP,BOLPUR SHANTINIKETAN,HWH,HOWRAH JN,158,3,5,17:15:00,14:10:00,13015,0,0,0,0,0,1
13024,Gaya-Howrah Express,Exp,Express,ER,GAYA,GAYA JN,HWH,HOWRAH JN,654,15,30,03:40:00,12:10:00,13023,1,0,0,0,0,0
13112,Lal Quila Express,Exp,Express,ER,DLI,OLD DELHI,KOAA,KOLKATA CHITPUR,1552,34,40,07:30:00,20:50:00,13111,1,1,0,0,0,0
13113,Hazarduari Express,Exp,Express,ER,KOAA,KOLKATA CHITPUR,LGL,Lalgola,223,5,20,12:10:00,06:50:00,13114,0,0,0,0,0,1
13114,Hazarduari Express,Exp,Express,ER,LGL,Lalgola,KOAA,KOLKATA CHITPUR,223,5,35,21:25:00,15:50:00,13113,0,0,0,0,0,1
13117,Kolkata Berhampore Court Express,Exp,Express,ER,KOAA,KOLKATA CHITPUR,BPC,Berhampore Court,182,3,50,00:20:00,20:30:00,13118,0,0,0,0,0,1
13118,Berhampore Court Kolkata Express,Exp,Express,ER,BPC,Berhampore Court,KOAA,KOLKATA CHITPUR,182,4,15,11:35:00,07:20:00,13117,0,0,0,0,0,1
13133,Sealdah-Varanasi Express,Exp,Express,ER,SDAH,KOLKATA SEALDAH,BSB,VARANASI JN,871,24,25,21:40:00,21:15:00,13134,1,0,0,0,0,0
13134,Varanasi- Sealdah Express,Exp,Express,ER,BSB,VARANASI JN,SDAH,KOLKATA SEALDAH,871,26,15,10:55:00,08:40:00,13133,1,0,0,0,0,0
13141,Testa Torsa Express,Exp,Express,ER,SDAH,KOLKATA SEALDAH,NOQ,NEW ALIPURDAUR,716,17,35,07:15:00,13:40:00,13142,1,1,1,0,0,0
13141-Slip,Testa Torsa Express Slip,Exp,Express,ER,SDAH,KOLKATA SEALDAH,HDB,HALDIBARI,628,15,25,05:05:00,13:40:00,,1,1,1,0,0,0
13142,Teesta Torsa Express,Exp,Express,ER,NOQ,NEW ALIPURDAUR,SDAH,KOLKATA SEALDAH,716,16,50,04:35:00,11:45:00,13141,1,1,1,0,0,0
13145,Radhikapur Express,Exp,Express,ER,KOAA,KOLKATA CHITPUR,RDP,Radhikapur,476,11,20,06:50:00,19:30:00,13146,1,1,1,0,0,0
13146,Radhikapur Express,Exp,Express,ER,RDP,Radhikapur,KOAA,KOLKATA CHITPUR,476,11,45,05:35:00,17:50:00,13145,1,1,1,0,0,0
13147,Uttar Banga Express,Exp,Express,ER,SDAH,KOLKATA SEALDAH,NCB,NEW COOCH BEHAR,693,13,50,09:25:00,19:35:00,13148,1,1,1,0,0,0
13148,Uttar Banga Express,Exp,Express,ER,NCB,NEW COOCH BEHAR,SDAH,KOLKATA SEALDAH,693,13,55,05:10:00,15:15:00,13147,1,1,1,0,0,0
13149,Kanchan Kanya Express,Exp,Express,ER,SDAH,KOLKATA SEALDAH,APDJ,ALIPUR DUAR JN,735,15,40,12:10:00,20:30:00,13150,1,1,1,0,0,0
13150,Kanchan Kanya Express,Exp,Express,ER,APDJ,ALIPUR DUAR JN,SDAH,KOLKATA SEALDAH,735,15,30,08:15:00,16:45:00,13149,1,1,1,0,0,0
13152,JammuTawi-Kolkata Chitpur Express,Exp,Express,ER,JAT,JAMMU TAWI,KOAA,KOLKATA CHITPUR,1982,44,50,15:50:00,19:00:00,13151,1,1,1,0,0,0
13153-Slip,Gour Express Slip,Exp,Express,ER,SDAH,KOLKATA SEALDAH,BLGT,BALURGHAT,454,11,25,09:40:00,22:15:00,,1,1,0,0,0,0
13154,Malda Town-Sealdah Gour Express,Exp,Express,ER,MLDT,MALDA TOWN,SDAH,KOLKATA SEALDAH,347,7,45,05:20:00,21:35:00,13153,1,1,1,1,0,0
13156,SITAMARHI - KOLKATA CHITPUR Mithilanchal Exp,Exp,Express,ER,SMI,SITAMARHI JN,KOAA,KOLKATA CHITPUR,553,13,0,03:45:00,14:45:00,13155,1,1,0,0,0,0
13159,KOLKATA CHITPUR - JOGBANI Exp,Exp,Express,ER,KOAA,KOLKATA CHITPUR,JBN,JOGBANI,542,14,20,11:15:00,20:55:00,13160,1,1,1,0,0,0
13160,JOGBANI - KOLKATA CHITPUR Exp,Exp,Express,ER,JBN,JOGBANI,KOAA,KOLKATA CHITPUR,542,13,10,03:45:00,14:35:00,13159,1,1,1,0,0,0
13161,KOLKATA CHITPUR - BALURGHAT Tebhaga Exp,Exp,Express,ER,KOAA,KOLKATA CHITPUR,BLGT,BALURGHAT,438,9,10,22:05:00,12:55:00,13162,0,0,0,0,0,0
13162,BALURGHAT - KOLKATA CHITPUR Tebhaga Exp,Exp,Express,ER,BLGT,BALURGHAT,KOAA,KOLKATA CHITPUR,437,8,50,14:25:00,05:35:00,13161,0,0,0,0,0,0
13163,Hatey Bazare Express,Exp,Express,ER,SDAH,KOLKATA SEALDAH,SHC,SAHARSA JN,589,16,5,12:15:00,20:10:00,13164,1,1,1,0,0,0
13164,Hatey Bazare Express,Exp,Express,ER,SHC,SAHARSA JN,SDAH,KOLKATA SEALDAH,589,16,55,07:15:00,14:20:00,13163,1,1,1,0,0,0
13185,Ganga Sagar Express,Exp,Express,ER,SDAH,KOLKATA SEALDAH,JYG,JAYNAGAR,624,16,15,07:55:00,15:40:00,13186,1,1,1,0,0,0
13186,Ganga Sagar Express,Exp,Express,ER,JYG,JAYNAGAR,SDAH,KOLKATA SEALDAH,624,14,50,06:55:00,16:05:00,13185,1,1,1,0,0,0
13188,Rampurhat- Sealdah Express,Exp,Express,ER,RPH,RAMPUR HAT,SDAH,KOLKATA SEALDAH,226,4,40,18:45:00,14:05:00,13187,0,0,0,0,0,1
13202,MUMBAI LTT - RAJENDRA NAGAR PATNA Janta Exp,Exp,Express,ECR,LTT,LOKMANYA TILAK TERM,RJPB,RAJENDRA NAGAR BIHAR,1715,35,40,09:55:00,22:15:00,13201,1,1,1,0,0,0
13225,Jaynagar-Danapur Intercity,Exp,Express,ECR,JYG,JAYNAGAR,DNR,DANAPUR,277,9,55,20:40:00,10:45:00,13226,0,0,0,0,0,1
13226,Danapur-Jaynagar Intercity,Exp,Express,ECR,DNR,DANAPUR,JYG,JAYNAGAR,277,8,15,15:00:00,06:45:00,13225,0,0,0,0,0,1
13233,Rajgriha Express,Exp,Express,ECR,RGD,Rajgir,DNR,DANAPUR,109,3,25,18:05:00,14:40:00,13234,0,0,0,0,0,1
13234,Rajgriha Express,Exp,Express,ECR,DNR,DANAPUR,RGD,Rajgir,109,3,45,12:30:00,08:45:00,13233,0,0,0,0,0,1
13237,Patna Mathura Express,Exp,Express,ECR,PNBE,PATNA JN,MTJ,MATHURA JN,938,19,30,07:20:00,11:50:00,13238,1,1,1,0,0,0
13238,Mathura Patna Express,Exp,Express,ECR,MTJ,MATHURA JN,PNBE,PATNA JN,936,19,20,17:20:00,22:00:00,13237,1,1,1,0,0,0
13239,Patna Mathura Express,Exp,Express,ECR,PNBE,PATNA JN,MTJ,MATHURA JN,895,19,30,07:20:00,11:50:00,13238,1,1,1,0,0,0
13240,Mathura Patna Express,Exp,Express,ECR,MTJ,MATHURA JN,PNBE,PATNA JN,895,19,20,17:20:00,22:00:00,13239,1,1,1,0,0,0
13241,Banka Patna Express,Exp,Express,ECR,BAKA,Banka,RJPB,RAJENDRA NAGAR BIHAR,272,7,45,15:15:00,07:30:00,13242,1,1,0,0,0,0
13242,Patna Banka Express,Exp,Express,ECR,RJPB,RAJENDRA NAGAR BIHAR,BAKA,Banka,272,7,25,06:50:00,23:25:00,13241,1,1,0,0,0,0
13243,Patna Dehri On Sone InterCity Express,Exp,Express,ECR,PNBE,PATNA JN,DOS,DEHRI ON SONE,177,4,55,22:25:00,17:30:00,13244,0,0,0,0,0,1
13248,RAJENDRA NAGAR - GUWAHATI Capital Exp,Exp,Express,ECR,RJPB,RAJENDRA NAGAR BIHAR,GHY,GUWAHATI,980,22,50,21:05:00,22:15:00,13247,1,1,1,0,0,0
19321,Indore-Rajendranagar Express,Exp,Express,WR,INDB,INDORE JN BG,RJPB,RAJENDRA NAGAR BIHAR,1400,26,55,16:55:00,14:00:00,19322,1,1,1,0,0,0
40037,Chennai Beach TambaramEMU (12 car),MEMU,MEMU,?,MSB,CHENNAI BEACH,TBM,TAMBARAM,33,0,55,10:21:00,09:26:00,,0,0,0,0,0,0
13235,Sahibganj-Danapur InterCity,Exp,Express,ECR,SBG,SAHIBGANJ JN,DNR,DANAPUR,306,9,12,23:37:00,14:25:00,13236,0,0,0,0,0,1
13236,Danapur-Sahibganj InterCity,Exp,Express,ECR,DNR,DANAPUR,SBG,SAHIBGANJ JN,306,8,0,13:05:00,05:05:00,13235,0,0,0,0,0,1
13244,Dehri On Sone Patna InterCity Express,Exp,Express,ECR,DOS,DEHRI ON SONE,PNBE,PATNA JN,177,4,40,10:00:00,05:20:00,13243,0,0,0,0,0,1
13246,Capital Express,Exp,Express,ECR,DNR,DANAPUR,NJP,NEW JALPAIGURI,501,14,5,12:20:00,22:15:00,13245,1,1,1,0,0,0
13247,GUWAHATI - RAJENDRA NAGAR Capital Exp,Exp,Express,ECR,GHY,GUWAHATI,RJPB,RAJENDRA NAGAR BIHAR,980,23,50,04:50:00,05:00:00,13248,1,1,1,0,0,0
13251,Islampur Rajendra Nagar Express,Exp,Express,ECR,IPR,Islampur,RJPB,RAJENDRA NAGAR BIHAR,63,2,15,13:00:00,10:45:00,13252,1,1,1,0,0,0
13252,Rajendra Nagar Islampur Express,Exp,Express,ECR,RJPB,RAJENDRA NAGAR BIHAR,IPR,Islampur,63,2,0,10:00:00,08:00:00,13251,1,1,1,0,0,0
13287,DURG - RAJENDRA NAGAR South Bihar Exp,Exp,Express,ECR,DURG,DURG,RJPB,RAJENDRA NAGAR BIHAR,1130,24,50,07:55:00,07:05:00,13288,1,1,1,0,0,0
13288,RAJENDRA NAGAR BIHAR - DURG South Bihar Exp,Exp,Express,ECR,RJPB,RAJENDRA NAGAR BIHAR,DURG,DURG,1130,24,50,20:40:00,19:50:00,13287,1,1,1,0,0,0
13301,Suvarna Rekha Express,Exp,Express,ECR,DHN,DHANBAD JN,TATA,TATANAGAR JN,193,5,40,11:15:00,05:35:00,13302,0,0,0,0,0,1
13302,Suvarna Rekha Express,Exp,Express,ECR,TATA,TATANAGAR JN,DHN,DHANBAD JN,193,5,25,18:45:00,13:20:00,13301,0,0,0,0,0,1
13304,Dhanbad InterCity Express,Exp,Express,ECR,RNC,RANCHI,DHN,DHANBAD JN,162,4,10,22:25:00,18:15:00,13303,0,0,0,0,0,0
13305,Dhanbad-Gaya InterCity,Exp,Express,ECR,DHN,DHANBAD JN,GAYA,GAYA JN,199,3,25,09:35:00,06:10:00,13306,0,0,0,0,0,0
13306,Gaya-Dhanbad InterCity,Exp,Express,ECR,GAYA,GAYA JN,DHN,DHANBAD JN,199,3,35,21:20:00,17:45:00,13305,0,0,0,0,0,0
13307,Ganga Sutlej Express,Exp,Express,ECR,DHN,DHANBAD JN,FZR,FIROZPUR CANT,1599,37,0,10:20:00,21:20:00,13308,1,1,1,0,0,0
13308,Ganga Sutlej Express,Exp,Express,ECR,FZR,FIROZPUR CANT,DHN,DHANBAD JN,1599,34,30,04:55:00,18:25:00,13307,1,1,1,0,0,0
13317,Black Diamond Express,Exp,Express,ECR,HWH,HOWRAH JN,DHN,DHANBAD JN,271,4,55,11:10:00,06:15:00,13318,0,0,0,0,0,1
13319,Baidyanthdham-Ranchi Express,Exp,Express,ECR,BDME,Baidyanathdham Deoghar,RNC,RANCHI,328,7,40,12:40:00,05:00:00,13320,0,0,0,0,0,0
13320,Ranchi-Baidyanathdham Express,Exp,Express,ECR,RNC,RANCHI,BDME,Baidyanathdham Deoghar,333,8,15,21:40:00,13:25:00,13319,0,0,0,0,0,0
13329,Ganga Damodar Express,Exp,Express,ECR,DHN,DHANBAD JN,PNBE,PATNA JN,291,6,5,05:15:00,23:10:00,13330,1,1,1,0,0,0
13330,Ganga Damodar Express,Exp,Express,ECR,PNBE,PATNA JN,DHN,DHANBAD JN,291,5,50,05:20:00,23:30:00,13329,1,1,1,0,0,0
13331,Dhanbad Patna Express,Exp,Express,ECR,DHN,DHANBAD JN,PNBE,PATNA JN,373,8,40,17:10:00,08:30:00,13332,1,1,1,0,0,0
13332,Patna Dhanbad Express,Exp,Express,ECR,PNBE,PATNA JN,DHN,DHANBAD JN,373,7,50,16:30:00,08:40:00,13331,1,1,1,0,0,0
13345,Varanasi-Singrauli Intercity,Exp,Express,ECR,BSB,VARANASI JN,SGRL,SINGRAULI,209,5,55,21:05:00,15:10:00,13346,0,0,0,0,0,0
13347,Palamau Express,Exp,Express,ECR,BRKA,BARKAKANA,PNBE,PATNA JN,494,11,20,04:40:00,17:20:00,13348,1,0,0,0,0,0
13348,Palamau Express,Exp,Express,ECR,PNBE,PATNA JN,BRKA,BARKAKANA,494,12,50,10:05:00,21:15:00,13347,1,0,0,0,0,0
13352,ALAPPUZHA - DHANBAD (Bokaro) Express,Exp,Express,ECR,ALLP,ALLEPPEY,DHN,DHANBAD JN,2536,55,15,13:15:00,06:00:00,13351,1,1,1,0,0,0
13404,Vananchal Express,Exp,Express,ER,BGP,BHAGALPUR,RNC,RANCHI,561,13,45,05:15:00,15:30:00,13403,1,1,0,0,0,0
13413,Farakka Express,Exp,Express,ER,MLDT,MALDA TOWN,DLI,OLD DELHI,1416,33,20,04:30:00,19:10:00,13414,1,1,1,0,0,0
13414,Farakka Express,Exp,Express,ER,DLI,OLD DELHI,MLDT,MALDA TOWN,1416,33,30,07:20:00,21:50:00,13413,1,1,1,0,0,0
13415,Malda Patna Express,Exp,Express,ER,MLDT,MALDA TOWN,PNBE,PATNA JN,399,9,0,05:30:00,20:30:00,13416,1,1,1,0,0,0
13416,Patna-Malda Express,Exp,Express,ER,PNBE,PATNA JN,MLDT,MALDA TOWN,399,10,35,08:20:00,21:45:00,13415,1,1,1,0,0,0
13419,Jan Sewa Express,Exp,Express,ER,BGP,BHAGALPUR,MFP,MUZAFFARPUR JN,240,6,45,20:50:00,14:05:00,13420,1,0,0,0,0,0
13421,Nabadwipdham Malda Express,Exp,Express,ER,NDAE,NABADWIP DHAM,MLDT,MALDA TOWN,226,5,0,09:30:00,04:30:00,13422,0,0,0,0,0,0
13422,Malda Nabadwipdham Express,Exp,Express,ER,MLDT,MALDA TOWN,NDAE,NABADWIP DHAM,226,5,10,21:00:00,15:50:00,13421,0,0,0,0,0,0
13465,InterCity Express,Exp,Express,ER,HWH,HOWRAH JN,MLDT,MALDA TOWN,331,7,5,22:20:00,15:15:00,13466,0,0,0,0,0,1
13466,InterCity Express,Exp,Express,ER,MLDT,MALDA TOWN,HWH,HOWRAH JN,331,6,40,12:50:00,06:10:00,13465,0,0,0,0,0,1
13483,Farakka Express,Exp,Express,ER,MLDT,MALDA TOWN,DLI,OLD DELHI,1456,33,20,04:30:00,19:10:00,13484,1,1,1,0,0,0
13484,Farakka Express,Exp,Express,ER,DLI,OLD DELHI,MLDT,MALDA TOWN,1456,33,30,07:20:00,21:50:00,13483,1,1,1,0,0,0
13501,Haldia-Asansol Express,Exp,Express,ER,HLZ,Haldia,ASN,ASANSOL JN,322,6,25,20:35:00,14:10:00,13502,0,0,0,0,0,0
40039,Chennai Beach TambaramEMU (12 car),MEMU,MEMU,?,MSB,CHENNAI BEACH,TBM,TAMBARAM,33,0,55,10:27:00,09:32:00,,0,0,0,0,0,0
40041,Chennai Beach TambaramEMU (12 car),MEMU,MEMU,?,MSB,CHENNAI BEACH,TBM,TAMBARAM,33,0,55,10:37:00,09:42:00,,0,0,0,0,0,0
40043,Chennai Beach TambaramEMU,MEMU,MEMU,?,MSB,CHENNAI BEACH,TBM,TAMBARAM,33,0,55,10:47:00,09:52:00,,0,0,0,0,0,0
40047,Chennai Beach TambaramEMU (12 car),MEMU,MEMU,SR,MSB,CHENNAI BEACH,TBM,TAMBARAM,29,0,55,10:57:00,10:02:00,,0,0,0,0,0,0
40049,Chennai Beach TambaramEMU (12 car),MEMU,MEMU,SR,MSB,CHENNAI BEACH,TBM,TAMBARAM,29,0,55,11:02:00,10:07:00,,0,0,0,0,0,0
40051,Chennai Beach TambaramEMU (12 car),MEMU,MEMU,SR,MSB,CHENNAI BEACH,TBM,TAMBARAM,29,0,55,11:12:00,10:17:00,,0,0,0,0,0,0
40053,Chennai Beach TambaramEMU (12 car),MEMU,MEMU,?,MSB,CHENNAI BEACH,TBM,TAMBARAM,29,0,55,11:18:00,10:23:00,,0,0,0,0,0,0
56842,Erode Tiruchchirapalli Passenger,Pass,Passenger,SR,ED,ERODE JN,TPJ,TIRUCHIRAPPALLI,141,3,45,20:15:00,16:30:00,56841,0,0,0,0,0,0
56860,Villupuram Tambaram Passenger,Pass,Passenger,SR,VM,VILLUPURAM JN,TBM,TAMBARAM,133,3,0,08:00:00,05:00:00,56859,0,0,0,0,0,0
12259,Sealdah-New Delhi AC Duronto Express,Drnt,Duronto,ER,SDAH,KOLKATA SEALDAH,NDLS,NEW DELHI,1453,16,20,11:00:00,18:40:00,12260,0,1,1,1,0,0
13346,Singrauli-Varanasi Intercity,Exp,Express,ECR,SGRL,SINGRAULI,BSB,VARANASI JN,209,6,35,12:50:00,06:15:00,13345,0,0,0,0,0,0
13502,Asansol Haldia Express,Exp,Express,ER,ASN,ASANSOL JN,HLZ,Haldia,322,6,30,12:10:00,05:40:00,13501,0,0,0,0,0,0
13504,Asansol-Sealdah InterCity Express,Exp,Express,ER,ASN,ASANSOL JN,SDAH,KOLKATA SEALDAH,220,4,10,10:45:00,06:35:00,13503,0,0,0,0,0,0
13506,Asansol Digha Express,Exp,Express,ER,ASN,ASANSOL JN,DGHA,Digha Flag Station,372,7,55,13:35:00,05:40:00,,0,0,0,0,0,0
13507,Asansol-Gorakhpur Express,Exp,Express,ER,ASN,ASANSOL JN,GKP,GORAKHPUR JN,644,13,50,06:00:00,16:10:00,13508,1,1,0,0,0,0
13509,Asansol-Gonda Express,Exp,Express,ER,ASN,ASANSOL JN,GD,GONDA JN,862,20,50,13:00:00,16:10:00,13510,1,1,0,0,0,0
13510,Gonda-Asansol Express,Exp,Express,ER,GD,GONDA JN,ASN,ASANSOL JN,862,20,15,11:15:00,15:00:00,13509,1,1,0,0,0,0
14001,OLD DELHI - ATARI SHYAM SINGH Samjhauta Exp,Exp,Express,NR,DLI,OLD DELHI,ATT,ATARI,472,8,10,07:15:00,23:05:00,14002,1,1,0,0,0,0
14002,ATARI SHYAM SINGH - OLD DELHI Samjhauta Exp,Exp,Express,NR,ATT,ATARI,DLI,OLD DELHI,472,7,5,03:20:00,20:15:00,14001,1,1,0,0,0,0
14004,New Delhi-New Farakka Express,Exp,Express,NR,NDLS,NEW DELHI,NFK,NEW FARAKKA JN,1387,29,15,23:00:00,17:45:00,14003,1,1,1,0,0,0
14005,Lichhavi Express,Exp,Express,NR,SMI,SITAMARHI JN,ANVT,ANAND VIHAR TRM,1285,28,25,04:20:00,23:55:00,14006,1,1,1,0,0,0
14006,Lichhavi Express,Exp,Express,NR,ANVT,ANAND VIHAR TRM,SMI,SITAMARHI JN,1285,30,30,22:15:00,15:45:00,14005,1,1,1,0,0,0
14007,Muzaffarpur-Old Delhi Sadbhavna Express,Exp,Express,NR,MFP,MUZAFFARPUR JN,DLI,OLD DELHI,1106,24,35,04:50:00,04:15:00,14008,1,1,0,0,0,0
14008,Old Delhi-Muzaffarpur Sadbhavana Express,Exp,Express,NR,DLI,OLD DELHI,MFP,MUZAFFARPUR JN,1106,25,40,18:00:00,16:20:00,14007,1,1,0,0,0,0
14009,Patalkot Express,Exp,Express,NR,CWA,Chhindwara Junction,DEE,DELHI SARAI ROHILLA,1050,20,0,06:15:00,10:15:00,14010,1,1,0,0,0,0
14010,Patalkot Express,Exp,Express,NR,DEE,DELHI SARAI ROHILLA,CWA,Chhindwara Junction,1050,21,30,09:50:00,12:20:00,14009,1,1,0,0,0,0
14011,Kathgodam-Anand Vihar AC Express,Exp,Express,NR,KGM,KATHGODAM,ANVT,ANAND VIHAR TRM,271,5,35,21:20:00,15:45:00,14012,0,1,1,1,0,0
14012,Anand Vihar-Kathgodam AC Express,Exp,Express,NR,ANVT,ANAND VIHAR TRM,KGM,KATHGODAM,271,5,55,11:55:00,06:00:00,14011,0,1,1,1,0,0
14013,Sadbhavna Express,Exp,Express,NR,SLN,SULTANPUR,DLI,OLD DELHI,645,13,20,04:50:00,15:30:00,14014,1,1,1,0,0,0
14014,Sadbhavna Express,Exp,Express,NR,DLI,OLD DELHI,SLN,SULTANPUR,645,13,50,06:10:00,16:20:00,14013,1,1,1,0,0,0
14015,Sadbhavna Express,Exp,Express,NR,RXL,RAXAUL JN,DLI,OLD DELHI,1236,28,15,04:50:00,00:35:00,14016,1,1,0,0,0,0
14016,Sadbhavana Express,Exp,Express,NR,DLI,OLD DELHI,RXL,RAXAUL JN,1236,29,10,21:30:00,16:20:00,14015,1,1,0,0,0,0
14017,Sadbhavna Express,Exp,Express,NR,MFP,MUZAFFARPUR JN,DLI,OLD DELHI,1147,24,35,04:50:00,04:15:00,14018,1,1,1,0,0,0
14018,Sadbhavana Expres,Exp,Express,NR,DLI,OLD DELHI,MFP,MUZAFFARPUR JN,1147,25,40,18:00:00,16:20:00,14017,1,1,1,0,0,0
14020,Delhi SR Chhindwara Kanhan Valley Express,Exp,Express,NR,DEE,DELHI SARAI ROHILLA,CWA,Chhindwara Junction,1050,21,30,09:50:00,12:20:00,14019,1,1,0,0,0,0
14033,Jammu Mail,Mail,Mail/Express,NR,DLI,OLD DELHI,UHP,UDHAMPUR,637,15,20,11:40:00,20:20:00,14034,1,1,1,1,0,0
14034,Jammu Mail,Mail,Mail/Express,NR,UHP,UDHAMPUR,DLI,OLD DELHI,637,15,10,05:45:00,14:35:00,14033,1,1,1,1,0,0
14035,Dhauladhar Express,Exp,Express,NR,DLI,OLD DELHI,PTK,PATHANKOT,496,9,50,08:00:00,22:10:00,14036,1,1,1,1,0,0
14036,Dhauladhar Express,Exp,Express,NR,PTK,PATHANKOT,DLI,OLD DELHI,496,9,15,07:45:00,22:30:00,14035,1,1,1,1,0,0
14037,Delhi-Pathankot Express,Exp,Express,NR,DLI,OLD DELHI,PTK,PATHANKOT,554,10,0,18:00:00,08:00:00,14036,0,0,0,0,0,1
14038,Pathankot Delhi Express,Exp,Express,NR,PTK,PATHANKOT,DLI,OLD DELHI,554,10,25,17:25:00,07:00:00,14037,0,0,0,0,0,1
14041-Slip,Mussoorie Express Slip,Exp,Express,?,DEE,DELHI SARAI ROHILLA,KTW,KOTDWARA,243,8,25,05:55:00,21:30:00,,1,1,0,0,0,0
14042,DEHRADUN - DELHI SARAI ROHILLA Mussoorie Exp,Exp,Express,NR,DDN,DEHRADUN,DEE,DELHI SARAI ROHILLA,339,11,15,08:35:00,21:20:00,14041,1,1,1,1,0,0
14043,KOTDWAR - OLD DELHI Garhwal Exp,Exp,Express,NR,KTW,KOTDWARA,DLI,OLD DELHI,238,7,15,22:15:00,15:00:00,14044,0,0,0,0,0,1
14044,OLD DELHI - KOTDWAR Garhwal Exp,Exp,Express,NR,DLI,OLD DELHI,KTW,KOTDWARA,238,7,0,14:20:00,07:20:00,14043,0,0,0,0,0,1
14056,OLD DELHI - DIBRUGARH Brahmaputra Exp,Mail,Mail/Express,NR,DLI,OLD DELHI,DBRG,DIBRUGARH,2589,52,30,04:00:00,23:30:00,14055,1,1,1,0,0,0
14083,Sikkim Mahananda Express,Exp,Express,NR,APDJ,ALIPUR DUAR JN,DLI,OLD DELHI,1651,34,55,18:10:00,07:15:00,14084,1,1,1,0,0,0
14084,Sikkim Mahananda Express,Exp,Express,NR,DLI,OLD DELHI,APDJ,ALIPUR DUAR JN,1651,35,15,17:55:00,06:40:00,14083,1,1,1,0,0,0
14085,Haryana Express,Exp,Express,NR,TKJ,TILAK BRIDGE,SSA,Sirsa,264,6,30,00:30:00,18:00:00,14086,0,0,0,0,0,0
14086,Haryana Express,Exp,Express,NR,SSA,Sirsa,TKJ,TILAK BRIDGE,264,6,25,10:00:00,03:35:00,14085,0,0,0,0,0,0
14095,Himalayan Queen,Exp,Express,NR,DEE,DELHI SARAI ROHILLA,KLK,Kalka,305,5,25,11:10:00,05:45:00,14096,0,0,0,0,0,1
14096,Himalayan Queen,Exp,Express,NR,KLK,Kalka,DEE,DELHI SARAI ROHILLA,305,5,50,22:40:00,16:50:00,14095,0,0,0,0,0,1
14096-Slip,Himalayan Queen Slip,Exp,Express,?,KLK,Kalka,BNW,Bhiwani,335,6,30,23:20:00,16:50:00,,0,0,0,0,0,0
14109,Chitrakoot Kanpur Express,Exp,Express,NCR,CKTD,CHITRAKUTDHAM KARWI,CNB,KANPUR CENTRAL,213,4,45,19:40:00,14:55:00,14110,0,0,0,0,0,0
14110,Kanpur Chitrakoot Express,Exp,Express,NCR,CNB,KANPUR CENTRAL,CKTD,CHITRAKUTDHAM KARWI,213,4,35,14:35:00,10:00:00,14109,0,0,0,0,0,0
14114,Link Express,Exp,Express,NCR,DDN,DEHRADUN,ALD,ALLAHABAD JN,863,18,45,08:10:00,13:25:00,,1,0,1,0,0,0
40057,Chennai Beach TambaramEMU (12 car),MEMU,MEMU,?,MSB,CHENNAI BEACH,TBM,TAMBARAM,29,0,55,11:30:00,10:35:00,,0,0,0,0,0,0
51672,KATNI - ITARSI Fast Passenger,Pass,Passenger,CR,KTE,KATNI,ET,ITARSI JN,335,6,20,21:05:00,14:45:00,51671,0,0,0,0,0,0
12343,Darjeeling Mail,SF,Superfast,ER,SDAH,KOLKATA SEALDAH,NJP,NEW JALPAIGURI,567,9,55,08:00:00,22:05:00,,1,1,1,1,0,0
12483,KOCHUVELI - AMRITSAR SF Exp,SF,Superfast,NR,KCVL,KOCHUVELI,ASR,AMRITSAR JN,3597,58,30,19:40:00,09:10:00,12484,1,1,1,0,0,0
14119,Kathgodam Dehradun Express,Exp,Express,NCR,KGM,KATHGODAM,DDN,DEHRADUN,335,8,35,04:20:00,19:45:00,14120,1,0,1,1,0,0
14120,Dehradun Kathgodam Express,Exp,Express,NCR,DDN,DEHRADUN,KGM,KATHGODAM,335,8,20,07:10:00,22:50:00,14119,1,0,1,1,0,0
14123,Pratapgarh Kanpur InterCity Express,Exp,Express,NCR,PBH,PARTAPGARH JN,CNB,KANPUR CENTRAL,245,4,55,09:40:00,04:45:00,14124,0,0,0,0,0,0
14124,Kanpur Pratapgarh InterCity Express,Exp,Express,NCR,CNB,KANPUR CENTRAL,PBH,PARTAPGARH JN,245,5,15,22:50:00,17:35:00,14123,0,0,0,0,0,0
14126,Saryu Express,Exp,Express,NCR,FD,FAIZABAD JN,ALD,ALLAHABAD JN,157,4,45,09:20:00,04:35:00,14125,0,0,0,0,0,0
14163,Sangam Express,Exp,Express,NCR,ALD,ALLAHABAD JN,MTC,MEERUT CITY,639,12,55,06:40:00,17:45:00,14164,1,1,1,0,0,0
14163-Slip,Sangam Express Slip,Exp,Express,NCR,ALD,ALLAHABAD JN,DDN,DEHRADUN,863,19,25,13:10:00,17:45:00,,1,0,1,0,0,0
14164,Sangam Express,Exp,Express,NCR,MTC,MEERUT CITY,ALD,ALLAHABAD JN,639,13,10,08:10:00,19:00:00,14163,1,1,1,0,0,0
14201,Jaunpur-Rae Bareliy Express,Exp,Express,NR,JNU,JAUNPUR JN,RBL,RAE BARELI JN,203,5,30,21:30:00,16:00:00,14202,0,0,0,0,0,0
14203,Varanasi Lucknow InterCity Express,Exp,Express,NR,BSB,VARANASI JN,LKO,LUCKNOW,302,5,50,22:10:00,16:20:00,14204,0,0,0,0,0,1
14204,Lucknow Varanasi InterCity Express,Exp,Express,NR,LKO,LUCKNOW,BSB,VARANASI JN,302,6,30,13:30:00,07:00:00,14203,0,0,0,0,0,1
14205,Faizabad Delhi Express,Exp,Express,NR,FD,FAIZABAD JN,DLI,OLD DELHI,615,12,5,09:35:00,21:30:00,14206,1,1,1,0,0,0
14206,Delhi-Faizabad Express,Exp,Express,NR,DLI,OLD DELHI,FD,FAIZABAD JN,615,12,40,07:20:00,18:40:00,14205,1,1,1,0,0,0
14207,Padmavat Express,Exp,Express,NR,PBH,PARTAPGARH JN,DLI,OLD DELHI,660,14,10,07:10:00,17:00:00,14208,1,1,1,0,0,0
14208,Padmavat Express,Exp,Express,NR,DLI,OLD DELHI,PBH,PARTAPGARH JN,660,12,30,08:20:00,19:50:00,14207,1,1,1,0,0,0
14210,Lucknow-Vindhyachal InterCity,Exp,Express,NR,LKO,LUCKNOW,BDL,VINDHYACHAL,284,5,40,13:10:00,07:30:00,14209,0,0,0,0,0,1
14211,Agra-New Delhi Intercity Express,Exp,Express,NCR,AGC,AGRA CANTT,NDLS,NEW DELHI,195,4,20,10:20:00,06:00:00,14212,0,0,1,1,0,1
14212,NewDelhi-Agra InterCity Express,Exp,Express,NCR,NDLS,NEW DELHI,AGC,AGRA CANTT,195,4,10,21:50:00,17:40:00,14211,0,0,1,1,0,1
14213,Varanasi-Gonda Intercity Express,Exp,Express,NR,BSB,VARANASI JN,GD,GONDA JN,256,5,35,19:50:00,14:15:00,14214,0,0,0,0,0,1
14214,Gonda-Varanasi Intercity Express,Exp,Express,NR,GD,GONDA JN,BSB,VARANASI JN,256,6,45,13:40:00,06:55:00,14213,0,0,0,0,0,1
14215,Ganga Gomti Express,Exp,Express,NR,ALD,ALLAHABAD JN,LKO,LUCKNOW,201,4,10,10:10:00,06:00:00,14216,0,0,0,0,0,1
14216,Ganga Gomti Express,Exp,Express,NR,LKO,LUCKNOW,ALD,ALLAHABAD JN,201,4,20,22:20:00,18:00:00,14215,0,0,0,0,0,1
14217,Unchahar Express,Exp,Express,NCR,ALD,ALLAHABAD JN,CDG,CHANDIGARH,913,20,0,10:15:00,14:15:00,14218,1,1,1,0,0,0
14227,Varuna Express,Exp,Express,NR,BSB,VARANASI JN,LKO,LUCKNOW,284,4,55,09:50:00,04:55:00,14228,0,0,0,0,0,1
14228,Varuna Express,Exp,Express,NR,LKO,LUCKNOW,BSB,VARANASI JN,284,5,30,23:20:00,17:50:00,14227,0,0,0,0,0,1
14235,Varanasi Bareilly Express,Exp,Express,NR,BSB,VARANASI JN,BE,BAREILLY,559,14,5,13:50:00,23:45:00,14236,1,1,0,0,1,0
14236,Bareilly Varanasi Express,Exp,Express,NR,BE,BAREILLY,BSB,VARANASI JN,559,15,20,06:50:00,15:30:00,14235,1,1,0,0,1,0
14257,Kashi Vishwanath Express,Exp,Express,NR,BSB,VARANASI JN,NDLS,NEW DELHI,794,16,25,06:10:00,13:45:00,14258,1,1,1,1,0,0
14258,Kashi Vishwanath Express,Exp,Express,NR,NDLS,NEW DELHI,BSB,VARANASI JN,794,17,5,04:45:00,11:40:00,14257,1,1,1,1,0,0
14259,MUGHAL SARAI - LUCKNOW Ekatmata Exp,Exp,Express,NR,MGS,MUGHAL SARAI JN,LKO,LUCKNOW,2796,53,40,04:40:00,23:00:00,14260,1,1,1,0,0,0
14265,Varanasi Dehradun Janata Express,Exp,Express,NR,BSB,VARANASI JN,DDN,DEHRADUN,846,22,10,06:40:00,08:30:00,14266,1,1,1,0,0,0
14265-Slip,Varanasi-Ramnagar Express Slip,Exp,Express,NER,BSB,VARANASI JN,RMR,RAMNAGAR,705,21,40,06:10:00,08:30:00,,1,0,0,0,0,0
14266,Dehradun Varanasi Janata Express,Exp,Express,NR,DDN,DEHRADUN,BSB,VARANASI JN,846,21,30,15:45:00,18:15:00,14265,1,1,1,0,0,0
14307,Bareilly Express,Exp,Express,NR,PRG,PRAYAG,BE,BAREILLY,461,12,40,10:55:00,22:15:00,14308,1,0,0,0,0,0
14308,Bareilly-Prayag Passenger,Pass,Passenger,NR,BE,BAREILLY,PRG,PRAYAG,461,12,30,05:30:00,17:00:00,14307,1,0,0,0,0,0
14309,Ujjaini Express,Exp,Express,WR,UJN,UJJAIN JN,DDN,DEHRADUN,1241,28,0,19:00:00,15:00:00,14310,1,1,1,0,0,0
14310,Ujjaini Express,Exp,Express,WR,DDN,DEHRADUN,UJN,UJJAIN JN,1241,27,0,09:00:00,06:00:00,14309,1,1,1,0,0,0
14311,BAREILLY - BHUJ Ala Hazrat Exp,Exp,Express,NR,BE,BAREILLY,BHUJ,BHUJ,1543,31,55,14:20:00,06:25:00,14312,1,1,1,0,0,0
14314,BAREILLY - MUMBAI LTT Weekly Exp,Exp,Express,NR,BE,BAREILLY,LTT,LOKMANYA TILAK TERM,1608,33,15,20:00:00,10:45:00,14313,1,1,1,0,0,0
14315,Bareilly-NewDelhi InterCity,Exp,Express,NR,BE,BAREILLY,NDLS,NEW DELHI,258,5,10,10:05:00,04:55:00,14316,0,0,0,0,0,1
14316,NewDelhi-Bareilly InterCity,Exp,Express,NR,NDLS,NEW DELHI,BE,BAREILLY,258,5,20,21:55:00,16:35:00,14315,0,0,0,0,0,1
14317,INDORE - DEHRADUN Exp,Exp,Express,NR,INDB,INDORE JN BG,DDN,DEHRADUN,1183,27,55,19:00:00,15:05:00,14318,1,1,1,0,0,0
14318,DEHRADUN - INDORE Exp,Exp,Express,NR,DDN,DEHRADUN,INDB,INDORE JN BG,1179,24,35,06:35:00,06:00:00,14317,1,1,1,0,0,0
14321,BAREILLY - BHUJ Ala Hazrat Exp,Exp,Express,NR,BE,BAREILLY,BHUJ,BHUJ,1410,27,50,10:15:00,06:25:00,14322,1,1,1,0,0,0
19131,MUMBAI BANDRA - BHUJ Kutch Exp,Exp,Express,WR,BDTS,MUMBAI BANDRA TERMINUS,BHUJ,BHUJ,839,16,20,09:30:00,17:10:00,19132,1,1,1,0,0,0
40107,Chennai Beach Tambaram EMU,MEMU,MEMU,?,MSB,CHENNAI BEACH,TBM,TAMBARAM,29,0,55,18:15:00,17:20:00,,0,0,0,0,0,0
40555,Chennai Beach Chengalpet Semi Fast EMU,MEMU,MEMU,SR,MSB,CHENNAI BEACH,CGL,CHENGALPATTU,59,1,40,20:10:00,18:30:00,,0,0,0,0,0,0
14322,BHUJ - BAREILLY Ala Hazrat Exp,Exp,Express,NR,BHUJ,BHUJ,BE,BAREILLY,1410,28,0,20:20:00,16:20:00,14321,1,1,1,0,0,0
14323,New Delhi-Rohtak Express,Exp,Express,NR,NDLS,NEW DELHI,ROK,ROHTAK JN,72,2,10,12:45:00,10:35:00,14324,0,0,0,0,0,1
14324,New Delhi Express,Exp,Express,NR,ROK,ROHTAK JN,NDLS,NEW DELHI,72,1,45,16:00:00,14:15:00,14323,0,0,0,0,0,1
14369,Tribeni Express,Exp,Express,NR,SGRL,SINGRAULI,BE,BAREILLY,723,18,5,12:30:00,18:25:00,14370,1,0,1,0,0,0
14370,Triveni Express,Exp,Express,NR,BE,BAREILLY,SGRL,SINGRAULI,723,19,15,07:15:00,12:00:00,14369,1,0,1,0,0,0
14370-Slip,Triveni Express Slip,Exp,Express,?,BE,BAREILLY,BRWD,BARWADIH JN,862,22,45,10:45:00,12:00:00,,1,0,0,0,0,0
14511-Slip,Allahabad-Saharanpur Nauchandi Express Slip,Exp,Express,?,ALD,ALLAHABAD JN,KRJ,KHURJA JN,695,15,35,09:15:00,17:40:00,,1,0,1,0,0,0
14512,Saharanpur-Allahabad Nauchandi Express,Exp,Express,NR,SRE,SAHARANPUR,ALD,ALLAHABAD JN,774,17,10,09:55:00,16:45:00,14511,1,0,1,0,0,0
14519,Kissan Express,Exp,Express,NR,DLI,OLD DELHI,BTI,BHATINDA JN,337,7,25,22:20:00,14:55:00,14520,0,0,0,0,0,1
14520,Kisan Express,Exp,Express,NR,BTI,BHATINDA JN,DLI,OLD DELHI,337,7,25,14:20:00,06:55:00,14519,0,0,0,0,0,1
14524,Harihar Express,Exp,Express,NR,UMB,AMBALA CANT JN,MFP,MUZAFFARPUR JN,1201,25,15,23:50:00,22:35:00,14523,1,1,0,0,0,0
14525,Ambala Cantt-Shri GangaNagar InterCity Express,Exp,Express,NR,UMB,AMBALA CANT JN,SGNR,SHRI GANGANAGAR,328,7,10,12:25:00,05:15:00,14526,0,0,0,0,0,1
14526,Shri Ganganagar-Ambala Cantt InterCity Express,Exp,Express,NR,SGNR,SHRI GANGANAGAR,UMB,AMBALA CANT JN,328,6,55,20:55:00,14:00:00,14525,0,0,0,0,0,1
14545,Farukhnagar Saharanpur Express,Exp,Express,NR,FN,Farukhnagar,SRE,SAHARANPUR,216,8,10,21:20:00,13:10:00,14546,0,0,0,0,0,0
14546,Saharanpur Farukhnagar Express,Exp,Express,NR,SRE,SAHARANPUR,FN,Farukhnagar,216,6,35,12:40:00,06:05:00,14545,0,0,0,0,0,0
14553,Himachal Express,Exp,Express,NR,DLI,OLD DELHI,UHL,Una Himachal,371,9,5,07:50:00,22:45:00,14554,1,1,1,0,0,0
14554,Himachal Express,Exp,Express,NR,UHL,Una Himachal,DLI,OLD DELHI,371,8,40,05:30:00,20:50:00,14553,1,1,1,0,0,0
14555,Bareilly-Delhi Express,Exp,Express,NR,BE,BAREILLY,DLI,OLD DELHI,274,6,55,21:25:00,14:30:00,14556,0,1,1,0,0,0
14556,Delhi-Bareilly Express,Exp,Express,NR,DLI,OLD DELHI,BE,BAREILLY,274,6,55,13:00:00,06:05:00,14555,0,1,1,0,0,0
14603,SAHARSA - AMRITSAR Jan Sadharan Exp,Exp,Express,NR,SHC,SAHARSA JN,ASR,AMRITSAR JN,1580,34,30,02:50:00,16:20:00,14604,0,0,0,0,0,0
14607,Amritsar Atari Samjhauta Express,Exp,Express,NR,ASR,AMRITSAR JN,ATT,ATARI,24,0,40,10:10:00,09:30:00,14608,0,0,0,0,0,0
14608,Atari Amritsar Samjhauta Express,Exp,Express,NR,ATT,ATARI,ASR,AMRITSAR JN,24,0,40,15:00:00,14:20:00,14607,0,0,0,0,0,0
14609,Hemkunt Express,Exp,Express,NR,RKSH,RISHIKESH,JAT,JAMMU TAWI,558,12,10,04:30:00,16:20:00,14610,1,1,1,0,0,0
14610,Hemkunt Express,Exp,Express,NR,JAT,JAMMU TAWI,RKSH,RISHIKESH,558,13,20,08:00:00,18:40:00,14609,1,1,1,0,0,0
14629,Ludhiana Firozpur Sutlej Express,Exp,Express,NR,LDH,LUDHIANA JN,FZR,FIROZPUR CANT,124,2,25,09:40:00,07:15:00,14630,0,0,0,0,0,0
14630,Firozpur Ludhiana Sutlej Express,Exp,Express,NR,FZR,FIROZPUR CANT,LDH,LUDHIANA JN,124,2,35,19:55:00,17:20:00,14629,0,0,0,0,0,0
14631,Dehradun Amritsar Express,Exp,Express,NR,DDN,DEHRADUN,ASR,AMRITSAR JN,463,11,50,07:30:00,19:40:00,14632,1,1,0,0,1,0
14632,Amritsar Dehradun Express,Exp,Express,NR,ASR,AMRITSAR JN,DDN,DEHRADUN,463,11,50,10:05:00,22:15:00,14631,1,1,0,0,1,0
14633,Ravi Express,Exp,Express,NR,ASR,AMRITSAR JN,PTK,PATHANKOT,107,2,25,11:40:00,09:15:00,14634,0,0,0,0,0,0
14634,Ravi Express,Exp,Express,NR,PTK,PATHANKOT,ASR,AMRITSAR JN,107,2,25,16:40:00,14:15:00,14633,0,0,0,0,0,0
14645,Shalimar Express,Exp,Express,NR,DLI,OLD DELHI,JAT,JAMMU TAWI,640,13,25,05:15:00,15:50:00,14646,1,1,1,1,0,0
14646,Shalimar Express,Exp,Express,NR,JAT,JAMMU TAWI,DLI,OLD DELHI,640,13,55,10:55:00,21:00:00,14645,1,1,1,1,0,0
14650,Saryu Yamuna Express,Exp,Express,NR,ASR,AMRITSAR JN,JYG,JAYNAGAR,1670,38,5,02:00:00,11:55:00,14649,1,1,1,0,0,0
14659-Slip,Delhi-Jaisalmer Express Slip,Exp,Express,NWR,DLI,OLD DELHI,BME,BARMER,829,16,15,09:45:00,17:30:00,,1,1,1,0,0,0
14660,Jaisalmer Delhi Express,Exp,Express,NR,JSM,JAISALMER,DLI,OLD DELHI,918,17,55,11:10:00,17:15:00,14659,1,1,1,1,0,0
14661,Delhi Barmer Link Express,Exp,Express,NR,JU,JODHPUR JN,BME,BARMER,209,4,40,09:45:00,05:05:00,,1,1,1,0,0,0
14662,Barmer-Delhi MALANI Express,Exp,Express,NR,BME,BARMER,DLI,OLD DELHI,829,16,40,11:10:00,18:30:00,,1,1,1,0,0,0
14673,Shaheed Express,Exp,Express,NR,JYG,JAYNAGAR,ASR,AMRITSAR JN,1654,40,25,22:55:00,06:30:00,14674,1,1,1,0,0,0
14674,Shaheed Express,Exp,Express,NR,ASR,AMRITSAR JN,JYG,JAYNAGAR,1654,38,5,02:00:00,11:55:00,14673,1,1,1,0,0,0
14681,New Delhi-Jalandhar Express,Exp,Express,NR,NDLS,NEW DELHI,JUC,JALANDHAR CITY,439,8,40,23:30:00,14:50:00,14682,0,0,0,0,0,1
14682,Jalandhar NDLS Express,Exp,Express,NR,JUC,JALANDHAR CITY,NDLS,NEW DELHI,439,8,30,12:50:00,04:20:00,14681,0,0,0,0,0,1
14701,Jaisalmer-Bikaner Express,Exp,Express,NWR,JSM,JAISALMER,BKN,BIKANER JN,327,5,55,04:35:00,22:40:00,14702,1,0,0,0,0,0
14702,Bikaner-Jaisalmer Express,Exp,Express,NWR,BKN,BIKANER JN,JSM,JAISALMER,327,5,55,05:30:00,23:35:00,14701,1,0,0,0,0,0
14703,Bikaner Express,Exp,Express,NWR,JSM,JAISALMER,LGH,LALGARH JN,323,5,25,16:35:00,11:10:00,14704,0,0,0,0,0,0
14704,Jaisalmer Express,Exp,Express,NWR,LGH,LALGARH JN,JSM,JAISALMER,323,6,0,13:20:00,07:20:00,14703,0,0,0,0,0,0
14705,Delhi Sarai Rohilla Sadulpur Express,Exp,Express,NWR,DEE,DELHI SARAI ROHILLA,SDLP,Sadulpur Junction,220,4,10,12:50:00,08:40:00,14706,1,1,1,0,0,0
14706,Sadulpur Delhi Sarai Rohilla Express,Exp,Express,NWR,SDLP,Sadulpur Junction,DEE,DELHI SARAI ROHILLA,220,4,15,20:25:00,16:10:00,14705,1,1,1,0,0,0
15011,LUCKNOW - CHANDIGARH Exp,Exp,Express,NER,LJN,LUCKNOW JN,CDG,CHANDIGARH,724,15,55,14:50:00,22:55:00,15012,1,0,1,0,0,0
15012,CHANDIGARH - LUCKNOW Exp,Exp,Express,NER,CDG,CHANDIGARH,LJN,LUCKNOW JN,724,15,55,09:05:00,17:10:00,15011,1,0,1,0,0,0
13103,Bhagirathi Express,Exp,Express,ER,SDAH,KOLKATA SEALDAH,LGL,Lalgola,227,4,30,22:55:00,18:25:00,13104,0,0,0,0,0,1
13245,Capital Express,Exp,Express,ECR,NJP,NEW JALPAIGURI,DNR,DANAPUR,501,14,10,04:50:00,14:40:00,13246,1,1,1,0,0,0
14708,MUMBAI BANDRA - BIKANER Ranakpur Exp,Exp,Express,NWR,BDTS,MUMBAI BANDRA TERMINUS,BKN,BIKANER JN,1212,24,35,15:35:00,15:00:00,14707,1,1,1,0,0,0
14711,Haridwar Shri Ganganagar InterCity Express,Exp,Express,NWR,HW,HARIDWAR JN,SGNR,SHRI GANGANAGAR,485,9,50,23:55:00,14:05:00,14712,0,0,0,0,0,1
14712,Shriganganagar Haridwar Express,Exp,Express,NWR,SGNR,SHRI GANGANAGAR,HW,HARIDWAR JN,485,9,25,13:35:00,04:10:00,14711,0,0,0,0,0,1
14723,Kalindi Express,Exp,Express,NCR,CNB,KANPUR CENTRAL,BNW,Bhiwani,605,16,35,09:40:00,17:05:00,14724,1,1,0,0,0,0
14724,Kalindi Express,Exp,Express,NCR,BNW,Bhiwani,CNB,KANPUR CENTRAL,605,16,55,11:10:00,18:15:00,14723,1,1,0,0,0,0
14731,Delhi Bhatinda Intercity Express,Exp,Express,NWR,DLI,OLD DELHI,BTI,BHATINDA JN,399,8,0,22:15:00,14:15:00,14732,0,0,0,0,0,1
14732,Bhatinda Delhi Express,Exp,Express,NWR,BTI,BHATINDA JN,DLI,OLD DELHI,399,7,40,12:45:00,05:05:00,14731,0,0,0,0,0,1
14795,Ekta Express,Exp,Express,NWR,BNW,Bhiwani,KLK,Kalka,299,6,40,11:10:00,04:30:00,14796,0,0,0,0,0,0
14796,Ekta Express,Exp,Express,NWR,KLK,Kalka,BNW,Bhiwani,299,6,30,23:20:00,16:50:00,14795,0,0,0,0,0,0
14801,Jodhpur Gandhidham Express,Exp,Express,NWR,JU,JODHPUR JN,GIMB,GANDHIDHAM BG,559,9,45,06:30:00,20:45:00,14802,1,1,0,0,0,0
14802,Gandhidham Jodhpur Express,Exp,Express,NWR,GIMB,GANDHIDHAM BG,JU,JODHPUR JN,559,9,10,05:40:00,20:30:00,14801,1,1,0,0,0,0
14809,Jaisalmer Jodhpur Express,Exp,Express,NWR,JSM,JAISALMER,JU,JODHPUR JN,301,5,45,05:15:00,23:30:00,14810,1,1,0,0,0,0
14810,Jaisalmer Express,Exp,Express,NWR,JU,JODHPUR JN,JSM,JAISALMER,301,5,45,05:30:00,23:45:00,14809,1,1,0,0,0,0
14853,Marudhar Express,Exp,Express,NWR,BSB,VARANASI JN,JU,JODHPUR JN,1201,23,40,17:00:00,17:20:00,14854,1,1,1,0,0,0
14854,Marudhar Express,Exp,Express,NWR,JU,JODHPUR JN,BSB,VARANASI JN,1201,24,40,10:30:00,09:50:00,14853,1,1,1,0,0,0
14863,Marudhar Express,Exp,Express,NWR,BSB,VARANASI JN,JU,JODHPUR JN,1161,22,45,17:00:00,18:15:00,14864,1,1,1,0,0,0
14864,Marudhar Express,Exp,Express,NWR,JU,JODHPUR JN,BSB,VARANASI JN,1161,22,45,08:35:00,09:50:00,14863,1,1,1,0,0,0
14865,Marudhar Express,Exp,Express,NWR,BSB,VARANASI JN,JU,JODHPUR JN,1179,23,15,17:00:00,17:45:00,14864,1,1,1,0,0,0
14866,Marudhar Express,Exp,Express,NWR,JU,JODHPUR JN,BSB,VARANASI JN,1179,23,40,09:30:00,09:50:00,14865,1,1,1,0,0,0
14887-Slip,Kalka - Sriganganar Express (Slip),Exp,Express,NR,KLK,Kalka,SGNR,SHRI GANGANAGAR,433,9,25,07:10:00,21:45:00,,1,1,1,0,0,0
14887S,KALKA BARMER Express Slip,Exp,Express,?,KLK,Kalka,BME,BARMER,1117,22,15,20:00:00,21:45:00,14888,1,1,1,0,0,0
14888,Barmer-Kalka Express,Exp,Express,NWR,BME,BARMER,KLK,Kalka,1117,23,5,05:50:00,06:45:00,14887,1,1,0,0,0,0
14889,Thar Link Express,Exp,Express,NWR,BGKT,BHAGAT KI KOTHI,MBF,Munabao,325,6,0,07:00:00,01:00:00,14890,1,0,0,0,0,0
14890,Thar Link Express,Exp,Express,NWR,MBF,Munabao,BGKT,BHAGAT KI KOTHI,325,4,50,23:50:00,19:00:00,14889,0,0,0,0,0,0
15001,Rapti Ganga Express,Exp,Express,NER,MFP,MUZAFFARPUR JN,DDN,DEHRADUN,1124,24,0,14:00:00,14:00:00,15002,1,1,1,0,0,0
15002,Rapti Ganga Express,Exp,Express,NER,DDN,DEHRADUN,MFP,MUZAFFARPUR JN,1124,24,20,15:55:00,15:35:00,15001,1,1,1,0,0,0
15004,Chauri Chaura Express,Exp,Express,NER,GKP,GORAKHPUR JN,CPA,KANPUR ANWARGANJ,552,13,45,12:15:00,22:30:00,15003,1,1,1,1,0,0
15005,Rapti Ganga Express,Exp,Express,NER,GKP,GORAKHPUR JN,DDN,DEHRADUN,815,16,50,14:00:00,21:10:00,15006,1,1,1,0,0,0
15006,Rapti Ganga Express,Exp,Express,NER,DDN,DEHRADUN,GKP,GORAKHPUR JN,815,16,30,08:05:00,15:35:00,15005,1,1,1,0,0,0
15007,Krishak Express,Exp,Express,NER,MUV,MANDUADIH,LJN,LUCKNOW JN,513,13,10,05:50:00,16:40:00,15008,1,1,1,1,0,0
15009,Chitrakoot Express,Exp,Express,NER,LJN,LUCKNOW JN,JBP,JABALPUR,582,14,10,07:40:00,17:30:00,15010,1,1,1,0,0,0
15010,Chitrakoot Express,Exp,Express,NER,JBP,JABALPUR,LJN,LUCKNOW JN,582,12,50,09:30:00,20:40:00,15009,1,1,1,0,0,0
15013,Ranikhet Express,Exp,Express,NER,DLI,OLD DELHI,KGM,KATHGODAM,278,6,30,05:10:00,22:40:00,15014,1,1,1,1,0,0
15013-Slip,Ranikhet Express Slip,Exp,Express,NR,DLI,OLD DELHI,RMR,RAMNAGAR,239,6,15,04:55:00,22:40:00,,1,1,0,0,0,0
15014,Ranikhet Express,Exp,Express,NER,KGM,KATHGODAM,DLI,OLD DELHI,278,7,15,03:55:00,20:40:00,15013,1,1,1,1,0,0
15016,YESVANTPUR - GORAKHPUR Exp,Exp,Express,NER,YPR,YESVANTPUR JN,GKP,GORAKHPUR JN,2515,54,40,14:20:00,07:40:00,15015,1,1,1,0,0,0
15018,GORAKHPUR - MUMBAI LTT Kashi Exp,Exp,Express,NER,GKP,GORAKHPUR JN,LTT,LOKMANYA TILAK TERM,1714,37,10,18:40:00,05:30:00,15017,1,1,1,0,0,0
15018-Slip,Gorakhpur -Kolhapur Slip,Exp,Express,CR,GKP,GORAKHPUR JN,KOP,C SHAHU M RAJ KOLHAPUR TERM,2108,55,15,12:45:00,05:30:00,,1,1,1,0,0,0
15019,Gorakhpur Nautanwa Express,Exp,Express,NER,GKP,GORAKHPUR JN,NTV,Nautanwa,82,2,30,14:00:00,11:30:00,15020,0,1,0,0,0,0
15020,Gorakhpur Nautanwa Express,Exp,Express,NER,NTV,Nautanwa,GKP,GORAKHPUR JN,82,2,0,16:40:00,14:40:00,15019,0,1,0,0,0,0
15021,Kolkata Shalimar-Gorakhpur Bhojpuri Express,Exp,Express,NER,SHM,KOLKATA SHALIMAR,GKP,GORAKHPUR JN,1050,19,55,16:20:00,20:25:00,15022,1,1,1,0,0,0
15022,Bhojpuri Express,Exp,Express,NER,GKP,GORAKHPUR JN,SHM,KOLKATA SHALIMAR,1050,20,15,09:55:00,13:40:00,15021,1,1,1,0,0,0
15023,GORAKHPUR - YESVANTPUR Exp,Exp,Express,NER,GKP,GORAKHPUR JN,YPR,YESVANTPUR JN,2473,51,15,11:15:00,08:00:00,15024,1,1,1,0,0,0
15035,Uttarakhand Sampark Kranti Express,SKr,Sampark Kranti,NER,DLI,OLD DELHI,KGM,KATHGODAM,278,6,40,22:40:00,16:00:00,15036,0,1,0,0,0,1
15035-Slip,Uttarakhand Sampark Kranti Express Slip,SKr,Sampark Kranti,NER,DLI,OLD DELHI,RMR,RAMNAGAR,239,4,35,20:35:00,16:00:00,,0,1,0,0,0,1
15236,Darbhanga-Howrah Express,Exp,Express,ECR,DBG,DARBHANGA JN,HWH,HOWRAH JN,536,10,50,03:00:00,16:10:00,15235,1,1,1,0,0,0
41057,Chennai Beach Velachery EMU,MEMU,MEMU,SR,MSB,CHENNAI BEACH,VLCY,Velachery,19,0,40,10:55:00,10:15:00,,0,0,0,0,0,0
41501,Chennai Beach Velachery EMU,MEMU,MEMU,SR,MSB,CHENNAI BEACH,VLCY,Velachery,18,0,40,06:45:00,06:05:00,,0,0,0,0,0,0
14649,Saryu Yamuna Express,Exp,Express,NR,JYG,JAYNAGAR,ASR,AMRITSAR JN,1670,40,25,22:55:00,06:30:00,14650,1,1,1,0,0,0
15003,Chauri Chaura Express,Exp,Express,NER,CPA,KANPUR ANWARGANJ,GKP,GORAKHPUR JN,552,14,5,06:50:00,16:45:00,15004,1,1,1,1,0,0
15008,Krishak Express,Exp,Express,NER,LJN,LUCKNOW JN,MUV,MANDUADIH,513,13,55,13:00:00,23:05:00,15007,1,1,1,1,0,0
15027,Maurya Express,Exp,Express,NER,HTE,HATIA,GKP,GORAKHPUR JN,857,24,15,17:10:00,16:55:00,15028,1,1,1,0,0,0
15028,Maurya Express,Exp,Express,NER,GKP,GORAKHPUR JN,HTE,HATIA,864,24,45,08:10:00,07:25:00,15027,1,1,1,0,0,0
15037,Kanpur Kasganj Express,Exp,Express,NER,CNB,KANPUR CENTRAL,KSJ,KASGANJ,247,5,45,16:30:00,10:45:00,15038,0,0,0,0,0,0
15038,Kasganj Kanpur Express,Exp,Express,NER,KSJ,KASGANJ,CNB,KANPUR CENTRAL,247,5,35,17:35:00,12:00:00,15037,0,0,0,0,0,0
15039,Farrukhabad Kasganj Express,Exp,Express,NER,FBD,FARRUKHABAD,KSJ,KASGANJ,107,2,35,09:10:00,06:35:00,15040,0,0,0,0,0,0
15040,Farrukhabad Express,Exp,Express,NER,KSJ,KASGANJ,FBD,FARRUKHABAD,107,2,5,10:45:00,08:40:00,15041,0,0,0,0,0,0
15041,Farrukhabad Kasganj Express,Exp,Express,NER,FBD,FARRUKHABAD,KSJ,KASGANJ,107,2,15,20:45:00,18:30:00,15040,0,0,0,0,0,0
15042,Farrukhabad Express,Exp,Express,NER,KSJ,KASGANJ,FBD,FARRUKHABAD,107,2,25,21:20:00,18:55:00,15041,0,0,0,0,0,0
15045,Gorakhpur-Okha Express,Exp,Express,NER,GKP,GORAKHPUR JN,OKHA,OKHA,2306,48,25,04:30:00,04:05:00,15046,1,1,1,0,0,0
15046,Okha-Gorakhpur Express,Exp,Express,NER,OKHA,OKHA,GKP,GORAKHPUR JN,2306,49,25,20:20:00,18:55:00,15045,1,1,1,0,0,0
15047,Purvanchal Express,Exp,Express,NER,KOAA,KOLKATA CHITPUR,GKP,GORAKHPUR JN,859,17,25,07:55:00,14:30:00,15048,1,1,1,0,0,0
15048,Purvanchal Express,Exp,Express,NER,GKP,GORAKHPUR JN,KOAA,KOLKATA CHITPUR,859,16,45,04:15:00,11:30:00,15049,1,1,1,0,0,0
15049,Poorvanchal Express,Exp,Express,NER,KOAA,KOLKATA CHITPUR,GKP,GORAKHPUR JN,883,19,10,09:40:00,14:30:00,15050,1,1,1,0,0,0
15050,Poorvanchal Express,Exp,Express,NER,GKP,GORAKHPUR JN,KOAA,KOLKATA CHITPUR,883,20,15,04:15:00,08:00:00,15049,1,1,1,0,0,0
15051,Poorvanchal Express,Exp,Express,NER,KOAA,KOLKATA CHITPUR,GKP,GORAKHPUR JN,875,17,40,08:10:00,14:30:00,15050,1,1,1,0,0,0
15052,Gorakhpur Kolkata Express,Exp,Express,NER,GKP,GORAKHPUR JN,KOAA,KOLKATA CHITPUR,876,18,5,04:15:00,10:10:00,15051,1,1,1,0,0,0
15097,Barauni-Jammu Amarnath Express,Exp,Express,ECR,BJU,BARAUNI JN,JAT,JAMMU TAWI,1648,31,20,12:20:00,05:00:00,15098,1,1,1,0,0,0
15098,Jammu-Barauni Amarnath Express,Exp,Express,ECR,JAT,JAMMU TAWI,BJU,BARAUNI JN,1648,31,0,05:45:00,22:45:00,15097,1,1,1,0,0,0
15101,Chhapra-Mumbai Jansadharan Express,Exp,Express,NER,CPR,CHHAPRA,CSTM,MUMBAI CST,1973,33,15,06:30:00,21:15:00,15102,0,0,0,0,0,0
15102,Mumbai CST Chhapra Jansadharan Express,Exp,Express,NER,CSTM,MUMBAI CST,CPR,CHHAPRA,1973,37,45,05:20:00,15:35:00,15101,0,0,0,0,0,0
15103,Gorakhpur Manduadih Intercity Express,Exp,Express,NER,GKP,GORAKHPUR JN,MUV,MANDUADIH,235,5,40,21:40:00,16:00:00,15104,0,1,0,0,0,0
15104,Manduadih Gorakhpur InterCity,Exp,Express,NER,MUV,MANDUADIH,GKP,GORAKHPUR JN,235,5,40,11:10:00,05:30:00,15103,0,1,0,0,0,0
15105,Chhapra Gorakhpur InterCity Express,Exp,Express,NER,CPR,CHHAPRA,GKP,GORAKHPUR JN,180,4,0,10:30:00,06:30:00,15106,0,1,0,0,0,0
15106,Gorakhpur Chhapra InterCity Express,Exp,Express,NER,GKP,GORAKHPUR JN,CPR,CHHAPRA,180,4,15,21:15:00,17:00:00,15105,0,1,0,0,0,0
15107,Chhapra Mathura Express,Exp,Express,NER,CPR,CHHAPRA,MTJ,MATHURA JN,874,16,55,21:55:00,05:00:00,15108,1,1,0,0,0,0
15108,Mathura Chhapra Express,Exp,Express,NER,MTJ,MATHURA JN,CPR,CHHAPRA,874,17,50,17:05:00,23:15:00,15107,1,1,0,0,0,0
15109,Budhpurnima Express,Exp,Express,NER,RGD,Rajgir,BSB,VARANASI JN,410,9,10,08:40:00,23:30:00,15110,1,0,0,0,0,0
15110,Budhpurnima Express,Exp,Express,NER,BSB,VARANASI JN,RGD,Rajgir,410,8,30,05:05:00,20:35:00,15109,1,0,0,0,0,0
15159,Sarnath Express,Exp,Express,NER,CPR,CHHAPRA,DURG,DURG,1083,24,10,07:30:00,07:20:00,15160,1,1,1,0,0,0
15160,Sarnath Express,Exp,Express,NER,DURG,DURG,CPR,CHHAPRA,1083,25,5,21:40:00,20:35:00,15159,1,1,1,0,0,0
15201,Hajipur Raxaul InterCity,Exp,Express,NER,HJP,HAJIPUR JN,RXL,RAXAUL JN,184,5,35,22:55:00,17:20:00,15202,0,0,0,0,0,0
15203,Barauni-Lucknow Express,Exp,Express,ECR,BJU,BARAUNI JN,LJN,LUCKNOW JN,674,16,15,12:45:00,20:30:00,15204,1,1,0,0,0,0
15209,SAHARSA - AMRITSAR Jan Seva Exp,Exp,Express,NER,SHC,SAHARSA JN,ASR,AMRITSAR JN,1521,33,5,17:50:00,08:45:00,15210,0,0,0,0,0,0
15210,AMRITSAR - SAHARSA Jan Seva Exp,Exp,Express,NER,ASR,AMRITSAR JN,SHC,SAHARSA JN,1533,32,50,15:30:00,06:40:00,15209,0,0,0,0,0,0
15211,DARBHANGA - AMRITSAR Jan Nayak Exp,Exp,Express,ECR,DBG,DARBHANGA JN,ASR,AMRITSAR JN,1499,32,25,01:45:00,17:20:00,15212,0,0,0,0,0,0
15215,Muzaffarpur-Narkatiaganj Express,Exp,Express,NER,MFP,MUZAFFARPUR JN,NKE,NARKATIAGANJ JN,160,3,55,12:35:00,08:40:00,15216,0,0,0,0,0,0
15216,Narkatiaganj-Muzaffarpur Express,Exp,Express,NER,NKE,NARKATIAGANJ JN,MFP,MUZAFFARPUR JN,160,3,35,16:55:00,13:20:00,15215,0,0,0,0,0,0
15228,MUZAFFARPUR - YESVANTPUR Weekly Exp,Exp,Express,ECR,MFP,MUZAFFARPUR JN,YPR,YESVANTPUR JN,2733,51,55,11:20:00,07:25:00,15227,1,1,1,0,0,0
15267,RAXAUL - MUMBAI LTT Jan Sadharan Exp,Exp,Express,NER,RXL,RAXAUL JN,LTT,LOKMANYA TILAK TERM,1979,37,20,06:15:00,16:55:00,15268,0,0,0,0,0,0
15273,Satyagraha Express,Exp,Express,NER,RXL,RAXAUL JN,DLI,OLD DELHI,964,24,30,09:20:00,08:50:00,15274,1,1,0,0,0,0
15274,Satyagraha Express,Exp,Express,NER,DLI,OLD DELHI,RXL,RAXAUL JN,964,23,35,16:50:00,17:15:00,15273,1,1,0,0,0,0
15283,Janaki Express,Exp,Express,ECR,SHC,SAHARSA JN,JYG,JAYNAGAR,245,6,5,05:20:00,23:15:00,15284,1,1,0,0,0,0
15284,Janaki Express,Exp,Express,ECR,JYG,JAYNAGAR,SHC,SAHARSA JN,245,6,10,05:40:00,23:30:00,15283,1,1,0,0,0,0
15320,AISHBAGH - PALIA KALAN EXP,Exp,Express,NER,ASSH,AISHBAGH,PLK,PALIA KALAN,222,6,45,23:55:00,17:10:00,15319,0,0,0,0,0,0
15322,Kapilavastu Express,Exp,Express,NER,GD,GONDA JN,ANDN,Anand Nagar,179,5,25,15:20:00,09:55:00,15321,0,0,0,0,0,0
15902,DIBRUGARH - BENGALURU CITY Weekly Exp,Exp,Express,NFR,DBRG,DIBRUGARH,SBC,BANGALORE CITY JN,3578,65,40,12:10:00,18:30:00,15901,1,1,1,0,0,0
15204,Lucknow-Barauni Express,Exp,Express,ECR,LJN,LUCKNOW JN,BJU,BARAUNI JN,674,17,30,08:30:00,15:00:00,15203,1,1,0,0,0,0
15269,MUZAFFARPUR - AHMEDABAD Jan Sadharan Exp,Exp,Express,NER,MFP,MUZAFFARPUR JN,ADI,AHMEDABAD JN,1752,37,30,10:50:00,21:20:00,15270,0,0,0,0,0,0
15272,Muzzafarpur-Howrah JanSadharan Express,Exp,Express,ECR,MFP,MUZAFFARPUR JN,HWH,HOWRAH JN,549,11,40,03:00:00,15:20:00,15271,0,0,0,0,0,0
15275,Saharsa-Barauni Express,Exp,Express,NER,SHC,SAHARSA JN,BJU,BARAUNI JN,107,3,15,21:15:00,18:00:00,15276,0,0,0,0,0,0
15276,Barauni-Saharsa Express,Exp,Express,NER,BJU,BARAUNI JN,SHC,SAHARSA JN,107,3,5,06:50:00,03:45:00,15275,0,0,0,0,0,0
15279,Poorbiya Express,Exp,Express,NER,SHC,SAHARSA JN,ANDI,ADARSH NAGAR DELHI,1210,27,15,14:15:00,11:00:00,15280,1,1,0,0,0,0
15280,Poorabiya Express,Exp,Express,NER,ANDI,ADARSH NAGAR DELHI,SHC,SAHARSA JN,1202,27,10,18:50:00,15:40:00,15279,1,1,0,0,0,0
15281,Kosi Express,Exp,Express,NER,SHC,SAHARSA JN,PNBE,PATNA JN,224,5,15,10:25:00,05:10:00,15282,0,0,0,0,0,1
15282,Kosi Express,Exp,Express,NER,PNBE,PATNA JN,SHC,SAHARSA JN,224,5,35,22:30:00,16:55:00,15281,0,0,0,0,0,1
15307,Nainital Express,Exp,Express,NER,LKU,LAL KUAN,ASH,AISHBAGH,363,9,50,06:35:00,20:45:00,15308,1,0,1,0,1,0
15308,Nainital Express,Exp,Express,NER,ASH,AISHBAGH,LKU,LAL KUAN,363,9,35,06:10:00,20:35:00,15307,1,0,1,0,1,0
15308-Slip,Nainital Express Slip,Exp,Express,NER,ASH,AISHBAGH,TPU,Tanakpur,322,12,40,09:25:00,20:45:00,,1,0,0,0,0,0
15309,Rohilkhand Express,Exp,Express,NER,KSJF,Kasganj Mg,ASH,AISHBAGH,421,11,40,16:40:00,05:00:00,15310,0,0,0,0,0,0
15310,Rohilkhand Express,Exp,Express,NER,ASH,AISHBAGH,KSJF,Kasganj Mg,421,12,30,19:40:00,07:10:00,15309,0,0,0,0,0,0
15311,KUMAON EXPRESS,Exp,Express,NER,KSJF,Kasganj Mg,LKKA,Lal Kuan,188,5,40,15:20:00,09:40:00,15312,0,0,0,0,0,0
15312,Kumaun Express,Exp,Express,NER,LKKA,Lal Kuan,KSJF,Kasganj Mg,188,5,55,23:40:00,17:45:00,15311,1,0,1,0,1,0
15313,Aishbagh Bareilly Express,Exp,Express,NER,ASH,AISHBAGH,BRY,BAREILLY,317,9,45,23:50:00,14:05:00,15314,0,0,0,0,0,0
15314,Aishbagh Express,Exp,Express,NER,BRY,BAREILLY,ASH,AISHBAGH,317,9,0,13:30:00,04:30:00,15313,1,0,0,0,0,0
15315,Gonda-Kasganj Gokul Express,Exp,Express,NER,GD,GONDA JN,KSJ,KASGANJ,499,13,15,09:30:00,20:15:00,15316,1,0,0,0,0,0
15316,Kasganj-Gonda Gokul Express,Exp,Express,NER,KSJ,KASGANJ,GD,GONDA JN,498,13,35,07:10:00,17:35:00,15315,1,0,0,0,0,0
15319,PALIA KALAN - AISHBAGH  Exp,Exp,Express,NER,PLK,PALIA KALAN,ASSH,AISHBAGH,222,6,25,09:30:00,03:05:00,15320,0,0,0,0,0,0
15321,Kapilavastu Express,Exp,Express,NER,ANDN,Anand Nagar,GD,GONDA JN,179,5,15,21:45:00,16:30:00,15322,0,0,0,0,0,0
15603,Guwahati Ledo Intercity Express,Exp,Express,NFR,GHY,GUWAHATI,LEDO,Ledo,571,13,45,12:15:00,22:30:00,15604,1,1,1,0,0,0
15604,Ledo Guwahati Intercity Express,Exp,Express,NFR,LEDO,Ledo,GHY,GUWAHATI,571,13,20,04:35:00,15:15:00,15603,1,1,1,0,0,0
15606,Guwahati InterCity Express,Exp,Express,NFR,MXN,MARIANI JN,GHY,GUWAHATI,405,10,5,04:35:00,18:30:00,15605,1,1,0,0,0,0
15609,Awadh Assam Express,Exp,Express,NFR,GHY,GUWAHATI,LGH,LALGARH JN,2559,56,15,05:45:00,21:30:00,15610,1,1,1,0,0,0
15609-Slip,Jivachh Link Express,Exp,Express,NFR,GHY,GUWAHATI,DBG,DARBHANGA JN,877,22,25,19:55:00,21:30:00,,1,1,0,0,0,0
15610,Awadh Assam Express,Exp,Express,NFR,LGH,LALGARH JN,GHY,GUWAHATI,2559,56,15,04:00:00,19:45:00,15609,1,1,1,0,0,0
15611,Lokmanya Tilak (T)-Kamakhya Karmabhoomi Express,Exp,Express,NFR,LTT,LOKMANYA TILAK TERM,KYQ,KAMAKHYA,2942,55,50,19:15:00,11:25:00,15612,0,0,0,0,0,0
15612,Kamakhya-Mumbai LTT Karmabhoomi Express,Exp,Express,NFR,KYQ,KAMAKHYA,LTT,LOKMANYA TILAK TERM,2942,52,30,23:15:00,18:45:00,15611,0,0,0,0,0,0
15620,KAMAKHYA - GAYA Weekly Exp,Exp,Express,NFR,KYQ,KAMAKHYA,GAYA,GAYA JN,1091,22,35,05:35:00,07:00:00,15619,1,1,0,0,0,0
15629,CHENNAI EGMORE - GUWAHATI Exp,Exp,Express,NFR,MS,CHENNAI EGMORE,GHY,GUWAHATI,2795,54,25,04:55:00,22:30:00,15630,1,1,1,0,0,0
15630,GUWAHATI - CHENNAI EGMORE Exp,Exp,Express,NFR,GHY,GUWAHATI,MS,CHENNAI EGMORE,2796,53,15,20:15:00,15:00:00,15629,1,1,1,0,0,0
15631,BARMER - GUWAHATI Exp,Exp,Express,NFR,BME,BARMER,GHY,GUWAHATI,2473,48,15,23:15:00,23:00:00,15632,1,1,1,0,0,0
15632,GUWAHATI - BARMER Exp,Exp,Express,NFR,GHY,GUWAHATI,BME,BARMER,2473,46,5,08:50:00,10:45:00,15631,1,1,1,0,0,0
15635,OKHA - GUWAHATI EXP,Exp,Express,NFR,OKHA,OKHA,GHY,GUWAHATI,3237,67,40,07:05:00,11:25:00,15636,1,1,1,0,0,0
15636,GUWAHATI - OKHA DWARKA EXP,Exp,Express,NFR,GHY,GUWAHATI,OKHA,OKHA,3237,65,45,04:30:00,10:45:00,15635,1,1,1,0,0,0
15639,PURI - GUWAHATI Exp,Exp,Express,NFR,PURI,PURI,GHY,GUWAHATI,1528,31,55,22:00:00,14:05:00,15640,1,1,1,0,0,0
15643,PURI - KAMAKHYA Weekly Express,Exp,Express,NFR,PURI,PURI,KYQ,KAMAKHYA,1572,30,5,04:20:00,22:15:00,15644,1,1,0,0,0,0
15644,KAMAKHYA - PURI Weekly Spl,Exp,Express,NFR,KYQ,KAMAKHYA,PURI,PURI,1572,32,0,07:45:00,23:45:00,15643,1,1,0,0,0,0
15669,Nagaland Express,Exp,Express,NFR,KYQ,KAMAKHYA,DMV,DIMAPUR,256,6,10,05:20:00,23:10:00,15670,1,1,1,0,0,0
15670,Nagaland Express,Exp,Express,NFR,DMV,DIMAPUR,KYQ,KAMAKHYA,256,5,30,12:00:00,06:30:00,15669,1,1,1,0,0,0
15691,Cachar Express,Exp,Express,NFR,LMG,LUMDING JN,SCL,SILCHAR,215,10,50,08:50:00,22:00:00,15692,1,0,1,0,0,0
15714,InterCity Express,Exp,Express,NFR,PNBE,PATNA JN,KIR,KATIHAR JN,290,7,20,21:35:00,14:15:00,15713,0,0,0,0,0,1
15743,InterCity Express,Exp,Express,NFR,APDJ,ALIPUR DUAR JN,KYQ,KAMAKHYA,297,6,10,11:35:00,05:25:00,,1,0,0,0,0,0
15771,AlipurDuar-Kamakhya Intercity Express,Exp,Express,NFR,APDJ,ALIPUR DUAR JN,KYQ,KAMAKHYA,297,6,30,11:55:00,05:25:00,15772,0,0,0,0,0,0
15772,Kamakhya-AlipurDuar Intercity Express,Exp,Express,NFR,KYQ,KAMAKHYA,APDJ,ALIPUR DUAR JN,297,6,15,22:45:00,16:30:00,15771,0,0,0,0,0,0
22602,SAINAGAR SHIRDI - CHENNAI CENT SF Exp,SF,Superfast,SR,SNSI,SAINAGAR SHIRDI,MAS,CHENNAI CENTRAL,1392,25,15,09:40:00,08:25:00,22601,1,1,1,0,0,0
51631,Bhopal Bina Passenger,Pass,Passenger,WCR,BPL,BHOPAL JN,BINA,BINA JN,139,3,45,14:05:00,10:20:00,51632,0,0,0,0,0,0
13508,Gorakhpur-Asansol Express,Exp,Express,ER,GKP,GORAKHPUR JN,ASN,ASANSOL JN,644,14,20,11:15:00,20:55:00,13507,1,1,0,0,0,0
15645,MUMBAI LTT - GUWAHATI Exp,Exp,Express,NFR,LTT,LOKMANYA TILAK TERM,GHY,GUWAHATI,2594,51,25,11:30:00,08:05:00,15646,1,1,1,0,0,0
15646,GUWAHATI - MUMBAI LTT Exp,Exp,Express,NFR,GHY,GUWAHATI,LTT,LOKMANYA TILAK TERM,2594,51,15,20:00:00,16:45:00,15645,1,1,1,0,0,0
15647,MUMBAI LTT - GUWAHATI Exp,Exp,Express,NFR,LTT,LOKMANYA TILAK TERM,GHY,GUWAHATI,2735,52,55,13:00:00,08:05:00,15648,1,1,1,0,0,0
15648,GUWAHATI - MUMBAI LTT Exp,Exp,Express,NFR,GHY,GUWAHATI,LTT,LOKMANYA TILAK TERM,2735,53,0,20:00:00,15:00:00,15647,1,1,1,0,0,0
15652,JAMMU TAWI - GUWAHATI Lohit Exp,Exp,Express,NFR,JAT,JAMMU TAWI,GHY,GUWAHATI,2352,48,10,22:55:00,22:45:00,15651,1,1,1,0,0,0
15654,JAMMU TAWI - GUWAHATI Amarnath Exp,Exp,Express,NFR,JAT,JAMMU TAWI,GHY,GUWAHATI,2431,48,10,22:55:00,22:45:00,15653,1,1,1,0,0,0
15658,GUWAHATI - KOLKATA SEALDAH KanchanJungha Exp,Exp,Express,NFR,GHY,GUWAHATI,SDAH,KOLKATA SEALDAH,975,20,55,19:25:00,22:30:00,15657,1,1,1,0,0,0
15661,RANCHI - KAMAKHYA Exp,Exp,Express,NFR,RNC,RANCHI,KYQ,KAMAKHYA,1216,25,20,22:00:00,20:40:00,15662,1,1,0,0,0,0
15662,KAMAKHYA - RANCHI Exp,Exp,Express,NFR,KYQ,KAMAKHYA,RNC,RANCHI,1216,25,45,14:15:00,12:30:00,15661,1,1,0,0,0,0
15665,Guwahati-Dimapur Express,Exp,Express,NFR,GHY,GUWAHATI,DMV,DIMAPUR,250,5,25,19:40:00,14:15:00,15666,1,1,1,0,0,0
15666,Dimapur-Guwahati Express,Exp,Express,NFR,DMV,DIMAPUR,GHY,GUWAHATI,250,6,0,03:45:00,21:45:00,15665,1,1,1,0,0,0
15667,GANDHIDHAM - KAMAKHYA Exp,Exp,Express,NFR,GIMB,GANDHIDHAM BG,KYQ,KAMAKHYA,3157,64,45,06:00:00,13:15:00,15668,1,1,1,0,0,0
15668,KAMAKHYA - GANDHIDHAM Exp,Exp,Express,NFR,KYQ,KAMAKHYA,GIMB,GANDHIDHAM BG,3159,65,0,04:00:00,11:00:00,15667,1,1,1,0,0,0
15692,Cachar Express,Exp,Express,NFR,SCL,SILCHAR,LMG,LUMDING JN,215,11,10,06:10:00,19:00:00,15693,1,0,1,0,0,0
15693,Barak Valley Express,Exp,Express,NFR,LMG,LUMDING JN,SCL,SILCHAR,215,12,30,18:45:00,06:15:00,15694,1,0,0,0,0,0
15694,Barak Valley Express,Exp,Express,NFR,SCL,SILCHAR,LMG,LUMDING JN,215,11,30,20:00:00,08:30:00,15693,1,0,0,0,0,0
15695,Lumding Agartala Express,Exp,Express,NFR,LMG,LUMDING JN,AGTL,Agartala,412,16,20,13:15:00,20:55:00,15696,1,0,1,0,0,0
15696,Agartala Lumding Express,Exp,Express,NFR,AGTL,Agartala,LMG,LUMDING JN,412,18,20,08:30:00,14:10:00,15695,1,0,1,0,0,0
15713,InterCity Express,Exp,Express,NFR,KIR,KATIHAR JN,PNBE,PATNA JN,290,6,30,12:40:00,06:10:00,15714,0,0,0,0,0,1
15715,Garib Nawaz Express,Exp,Express,NFR,KNE,KISHANGANJ,AII,AJMER JN,1835,39,50,21:30:00,05:40:00,15716,1,1,0,1,0,0
15716,Garib Nawaz Express Slip,Exp,Express,NFR,AII,AJMER JN,KNE,KISHANGANJ,1816,40,10,03:30:00,11:20:00,15715,1,1,0,0,0,0
15716-Slip,Garib Nawaz Express,Exp,Express,NFR,AII,AJMER JN,RDP,Radhikapur,1812,40,10,03:30:00,11:20:00,,1,1,0,0,0,0
15717,Guwahati Mariani Intercity Express,Exp,Express,NFR,GHY,GUWAHATI,MXN,MARIANI JN,404,10,45,22:30:00,11:45:00,15718,0,0,0,0,0,0
15719,Katihar sguj InterCity Express,Exp,Express,NFR,KIR,KATIHAR JN,SGUJ,SILIGURI JN,190,4,10,10:15:00,06:05:00,15720,0,0,0,0,0,0
15720,Siliguri Katihar InterCity Express,Exp,Express,NFR,SGUJ,SILIGURI JN,KIR,KATIHAR JN,190,4,50,21:50:00,17:00:00,15719,0,0,0,0,0,0
15721,Paharia Express,Exp,Express,NFR,DGHA,Digha Flag Station,NJP,NEW JALPAIGURI,752,16,15,08:45:00,16:30:00,15722,1,1,0,1,0,0
15722,Paharia Express,Exp,Express,NFR,NJP,NEW JALPAIGURI,DGHA,Digha Flag Station,752,14,45,12:00:00,21:15:00,15721,1,1,0,1,0,0
15723,NewJalpaiguri-Darbhanga Weekly Express,Exp,Express,NFR,NJP,NEW JALPAIGURI,DBG,DARBHANGA JN,469,10,30,08:30:00,22:00:00,15724,1,1,0,1,0,0
15724,Darbhanga-NewJalpaiguri Weekly Express,Exp,Express,NFR,DBG,DARBHANGA JN,NJP,NEW JALPAIGURI,469,10,50,05:50:00,19:00:00,15723,1,1,0,1,0,0
15764,NewJalpaiguri-Balurghat Intercity Express,Exp,Express,NFR,NJP,NEW JALPAIGURI,BLGT,BALURGHAT,303,5,55,16:15:00,10:20:00,15763,0,0,0,0,0,0
15765,New Jalpaiguri Alipur Duar Intercity Express,Exp,Express,NFR,NJP,NEW JALPAIGURI,APDJ,ALIPUR DUAR JN,169,3,45,09:30:00,05:45:00,15766,0,0,0,0,0,0
15766,Alipur Duar-New Jalpaiguri Intercity Express,Exp,Express,NFR,APDJ,ALIPUR DUAR JN,NJP,NEW JALPAIGURI,169,4,5,19:35:00,15:30:00,15767,0,0,0,0,0,0
15767,New Jalpaiguri-Alipur Duar Intercity Express,Exp,Express,NFR,NJP,NEW JALPAIGURI,APDJ,ALIPUR DUAR JN,169,4,20,21:10:00,16:50:00,15768,0,0,0,0,0,0
15768,Alipurduar Jn-New Jalpaiguri InterCity Express,Exp,Express,NFR,APDJ,ALIPUR DUAR JN,NJP,NEW JALPAIGURI,169,4,10,10:10:00,06:00:00,15767,0,0,0,0,0,0
15769,Alipurduar Lumding Express,Exp,Express,NFR,APDJ,ALIPUR DUAR JN,LMG,LUMDING JN,447,9,45,13:45:00,04:00:00,15770,0,0,0,0,0,0
15770,Lumding Alipurduar Express,Exp,Express,NFR,LMG,LUMDING JN,APDJ,ALIPUR DUAR JN,447,9,40,00:40:00,15:00:00,15769,0,0,0,0,0,0
15903,Dibrugarh-Chandigarh Weekly Express,Exp,Express,NFR,DBRG,DIBRUGARH,CDG,CHANDIGARH,2661,53,5,13:45:00,08:40:00,,1,1,1,0,0,0
15904,Chandigarh-Dibrugarh Weekly Express,Exp,Express,NFR,CDG,CHANDIGARH,DBRT,DIBRUGARH TOWN,2664,55,5,06:15:00,23:10:00,,1,1,1,0,0,0
16053,Tirupati Express,Exp,Express,SR,MAS,CHENNAI CENTRAL,TPTY,TIRUPATI MAIN,151,3,10,17:00:00,13:50:00,16054,0,0,0,0,0,1
16054,Chennai Express,Exp,Express,SR,TPTY,TIRUPATI MAIN,MAS,CHENNAI CENTRAL,151,3,20,13:15:00,09:55:00,16053,0,0,0,0,0,1
16057,Saptagiri Express,Exp,Express,SR,MAS,CHENNAI CENTRAL,TPTY,TIRUPATI MAIN,151,3,5,09:30:00,06:25:00,16058,0,0,0,0,0,1
16058,Saptagiri Express,Exp,Express,SR,TPTY,TIRUPATI MAIN,MAS,CHENNAI CENTRAL,151,3,15,20:35:00,17:20:00,16057,0,0,0,0,0,1
16093,Chennai Lucknow Express,Exp,Express,SR,MAS,CHENNAI CENTRAL,LKO,LUCKNOW,2088,39,20,20:35:00,05:15:00,16094,1,1,0,0,0,0
16094,Lucknow Chennai Express,Exp,Express,SR,LJN,LUCKNOW JN,MAS,CHENNAI CENTRAL,2088,41,50,10:10:00,16:20:00,16093,1,1,0,0,0,0
16203,Garudadri Express,Exp,Express,SWR,MAS,CHENNAI CENTRAL,TPTY,TIRUPATI MAIN,151,3,30,20:05:00,16:35:00,16204,0,0,0,0,1,0
16204,Garudadri Express,Exp,Express,SWR,TPTY,TIRUPATI MAIN,MAS,CHENNAI CENTRAL,151,4,10,10:30:00,06:20:00,16203,0,0,0,0,1,0
55201,Narkatiaganj Gorakhpur Passenger,Pass,Passenger,NER,NKE,NARKATIAGANJ JN,GKP,GORAKHPUR JN,150,4,25,09:15:00,04:50:00,,0,0,0,0,0,0
15640,GUWAHATI - PURI Exp,Exp,Express,NFR,GHY,GUWAHATI,PURI,PURI,1528,32,35,03:20:00,18:45:00,15639,1,1,1,0,0,0
15905,KANNIYAKUMARI - DIBRUGARH Vivek Exp,Exp,Express,NFR,CAPE,KANYAKUMARI,DBRG,DIBRUGARH,4279,85,30,03:30:00,14:00:00,15906,1,1,1,0,0,0
15906,DIBRUGARH - KANNIYAKUMARI Vivek Exp,Exp,Express,NFR,DBRG,DIBRUGARH,CAPE,KANYAKUMARI,4278,82,40,10:25:00,23:45:00,15905,1,1,1,0,0,0
15927,Kamakhya Dibrugarh Express,Exp,Express,NFR,KYQ,KAMAKHYA,DBRG,DIBRUGARH,512,11,25,18:15:00,06:50:00,15928,0,0,0,0,0,0
15928,Dibrugarh Kamakhya Express,Exp,Express,NFR,DBRG,DIBRUGARH,KYQ,KAMAKHYA,512,11,35,17:35:00,06:00:00,15927,0,0,0,0,0,0
15929,CHENNAI EGMORE - DIBRUGARH Weekly Exp,Exp,Express,NFR,MS,CHENNAI EGMORE,DBRG,DIBRUGARH,3352,67,30,18:00:00,22:30:00,15930,1,1,1,0,0,0
15930,DIBRUGARH - CHENNAI EGMORE Weekly Exp,Exp,Express,NFR,DBRG,DIBRUGARH,MS,CHENNAI EGMORE,3352,68,30,20:15:00,23:45:00,15929,1,1,1,0,0,0
15933,Dibrugarh-Amritsar Weekly Express,Exp,Express,NFR,DBRG,DIBRUGARH,ASR,AMRITSAR JN,2870,61,45,20:45:00,07:00:00,,1,1,1,0,0,0
15934,Amritsar-DibrugarhTown Weekly Express,Exp,Express,NFR,ASR,AMRITSAR JN,DBRT,DIBRUGARH TOWN,2877,60,35,04:25:00,15:50:00,,1,1,1,0,0,0
15942,DIBRUGARH - JHAJHA Exp,Exp,Express,NFR,DBRG,DIBRUGARH,JAJ,JHAJHA,1710,35,15,17:50:00,06:35:00,15941,1,1,1,0,0,0
15960,DIBRUGARH - HOWRAH Kamrup Exp,Exp,Express,NFR,DBRG,DIBRUGARH,HWH,HOWRAH JN,1528,35,10,05:35:00,18:25:00,15959,1,1,1,0,0,0
16031,Andaman Express,Exp,Express,SR,MAS,CHENNAI CENTRAL,JAT,JAMMU TAWI,2800,55,55,13:10:00,05:15:00,16032,1,1,0,0,0,0
16032,Andaman Express,Exp,Express,SR,JAT,JAMMU TAWI,MAS,CHENNAI CENTRAL,2800,58,25,10:10:00,23:45:00,16031,1,1,0,0,0,0
16041,Chennai- Alapuzha Alleppey Express,Exp,Express,SR,MAS,CHENNAI CENTRAL,ALLP,ALLEPPEY,746,13,30,10:45:00,21:15:00,16042,1,1,1,0,1,0
16085,Arakkonam-Jolarpettai Express,Exp,Express,SR,AJJ,ARAKKONAM,JTJ,JOLARPETTAI,145,3,5,21:10:00,18:05:00,16086,0,0,0,0,0,0
16086,Arakkonam Express,Exp,Express,SR,JTJ,JOLARPETTAI,AJJ,ARAKKONAM,145,2,50,09:45:00,06:55:00,16085,0,0,0,0,0,0
16089,Yelagiri Express,Exp,Express,SR,MAS,CHENNAI CENTRAL,TPT,TIRUPATTUR JN,220,4,35,22:30:00,17:55:00,16090,0,0,0,0,0,0
16090,Yelagiri Express,Exp,Express,SR,TPT,TIRUPATTUR JN,MAS,CHENNAI CENTRAL,220,4,30,09:05:00,04:35:00,16089,0,0,0,0,0,0
16108,Mangalore Chennai Egmore Express,Exp,Express,SR,MAQ,MANGALORE CNTL,MS,CHENNAI EGMORE,983,22,15,05:05:00,06:50:00,16107,1,1,1,1,0,0
16115,Chennai Egmore Puducherry Express,Exp,Express,SR,MS,CHENNAI EGMORE,PDY,Puducherry,196,3,40,21:50:00,18:10:00,16116,0,0,0,0,0,0
16116,Puducherry Chennai Express,Exp,Express,SR,PDY,Puducherry,MS,CHENNAI EGMORE,196,3,45,09:20:00,05:35:00,16115,0,0,0,0,0,0
16125,CHENNAI EGMORE - JODHPUR Exp,Exp,Express,SR,MS,CHENNAI EGMORE,JU,JODHPUR JN,2356,43,45,11:00:00,15:15:00,16126,1,1,1,0,0,0
16127,CHENNAI EGMORE - GURUVAYUR Exp,Exp,Express,SR,MS,CHENNAI EGMORE,GUV,GURUVAYUR,1100,23,0,06:40:00,07:40:00,16128,1,1,1,0,0,0
16128,GURUVAYUR - CHENNAI EGMORE Exp,Exp,Express,SR,GUV,GURUVAYUR,MS,CHENNAI EGMORE,1100,24,25,21:15:00,20:50:00,16127,1,1,1,0,0,0
16175,Kamban Express,Exp,Express,SR,MS,CHENNAI EGMORE,NCR,Nagore,436,10,0,09:15:00,23:15:00,16176,1,1,1,1,1,0
16176,Kamban Express,Exp,Express,SR,NCR,Nagore,MS,CHENNAI EGMORE,436,9,20,05:25:00,20:05:00,16175,1,1,1,1,1,0
16177,Rock Fort Express,Exp,Express,SR,MS,CHENNAI EGMORE,KMU,KUMBAKONAM,425,9,10,07:40:00,22:30:00,16178,1,1,1,1,1,0
16178,Rock Fort (Malai Kottai) Express,Exp,Express,SR,KMU,KUMBAKONAM,MS,CHENNAI EGMORE,425,9,20,05:15:00,19:55:00,16177,1,1,1,1,1,0
16179,Mannai Express,Exp,Express,SR,MS,CHENNAI EGMORE,MQ,Mannargudi,395,8,25,06:25:00,22:00:00,16180,1,1,1,1,0,0
16180,Mannai Express,Exp,Express,SR,MQ,Mannargudi,MS,CHENNAI EGMORE,395,8,35,05:50:00,21:15:00,16179,1,1,1,1,0,0
16201,Bangalore City-Shimoga InterCity,Exp,Express,SWR,SBC,BANGALORE CITY JN,SMET,Shimoga Town,274,5,30,22:00:00,16:30:00,16202,0,0,0,0,0,1
16202,Shimoga-Bangalore City InterCity,Exp,Express,SWR,SMET,Shimoga Town,SBC,BANGALORE CITY JN,274,5,35,11:55:00,06:20:00,16201,0,0,0,0,0,1
16205,Talaguppa Mysore Intercity Express,Exp,Express,SWR,TLGP,Talguppa,MYS,MYSORE JN,373,7,55,22:40:00,14:45:00,16206,0,0,0,0,0,1
16206,Mysore - Talguppa Intercity Express,Exp,Express,SWR,MYS,MYSORE JN,TLGP,Talguppa,373,8,15,14:15:00,06:00:00,16205,0,0,0,0,0,1
16209,Ajmer-Mysore Express,Exp,Express,SWR,AII,AJMER JN,MYS,MYSORE JN,2290,49,35,07:10:00,05:35:00,16210,1,1,1,0,0,0
16210,Mysore-Ajmer Express,Exp,Express,SWR,MYS,MYSORE JN,AII,AJMER JN,2290,47,15,17:30:00,18:15:00,16209,1,1,1,0,0,0
16215,Chamundi Express,Exp,Express,SWR,MYS,MYSORE JN,SBC,BANGALORE CITY JN,139,2,55,09:40:00,06:45:00,16216,0,0,0,0,0,1
16216,Chamundi Express,Exp,Express,SWR,SBC,BANGALORE CITY JN,MYS,MYSORE JN,139,2,55,21:10:00,18:15:00,16215,0,0,0,0,0,1
16227,Bangalore-Shimoga Express,Exp,Express,SWR,SBC,BANGALORE CITY JN,SMET,Shimoga Town,274,6,55,06:10:00,23:15:00,16228,1,1,0,1,1,0
16228,Shimoga-Bangalore Express,Exp,Express,SWR,SMET,Shimoga Town,SBC,BANGALORE CITY JN,274,6,20,04:30:00,22:10:00,16227,1,1,0,1,1,0
16231,Mayiladuturai Mysore Express,Exp,Express,SWR,MV,MAYILADUTURAI JN,MYS,MYSORE JN,680,15,35,09:20:00,17:45:00,16232,1,1,1,0,0,0
16232,Mysore Mayiladuturai Express,Exp,Express,SWR,MYS,MYSORE JN,MV,MAYILADUTURAI JN,680,15,15,07:00:00,15:45:00,16231,1,1,1,0,0,0
16302,Venad Express,Exp,Express,SR,TVC,TRIVANDRUM CENTRAL,SRR,SHORANUR JN,327,7,40,12:40:00,05:00:00,16301,0,0,0,0,0,1
16305,Ernakulam Kannur InterCity Express,Exp,Express,SR,ERS,ERNAKULAM JN,CAN,KANNUR,283,5,45,12:35:00,06:50:00,16306,1,0,0,0,0,1
16309,Ernakulam-Patna Express,Exp,Express,SR,ERS,ERNAKULAM JN,PNBE,PATNA JN,2790,51,35,20:15:00,16:40:00,16310,1,1,1,0,0,0
16310,Patna - Ernakulam Express,Exp,Express,SR,PNBE,PATNA JN,ERS,ERNAKULAM JN,2790,51,30,17:30:00,14:00:00,16309,1,1,1,0,0,0
16322,Tiruvananthapuram Bangalore Weekly Express,Exp,Express,SR,TVC,TRIVANDRUM CENTRAL,SBC,BANGALORE CITY JN,843,16,30,08:35:00,16:05:00,16321,1,1,1,0,0,0
16323,Trivandrum Shalimar Biweekly Express,Exp,Express,SR,TVC,TRIVANDRUM CENTRAL,SHM,KOLKATA SHALIMAR,2566,45,15,13:50:00,16:35:00,16324,1,1,1,0,0,0
16326,Ahilyanagari Express,Exp,Express,SR,TVC,TRIVANDRUM CENTRAL,INDB,INDORE JN BG,2653,47,30,05:00:00,05:30:00,16325,1,1,1,0,0,0
11271,ITARSI - BHOPAL Vindhyachal Exp,Exp,Express,WCR,ET,ITARSI JN,BPL,BHOPAL JN,738,17,5,09:25:00,16:20:00,11272,1,0,0,0,0,0
12809,MUMBAI CST - HOWRAH SF Mail (via NAGPUR),SF,Superfast,SER,CSTM,MUMBAI CST,HWH,HOWRAH JN,1968,33,15,05:50:00,20:35:00,12810,1,1,1,1,0,0
14003,New Farakka-New Delhi Express,Exp,Express,NR,NFK,NEW FARAKKA JN,NDLS,NEW DELHI,1387,28,40,14:25:00,09:45:00,14004,1,1,1,0,0,0
16221,Kaveri Express,Exp,Express,SWR,MYS,MYSORE JN,MAS,CHENNAI CENTRAL,500,10,55,07:25:00,20:30:00,16222,1,1,1,0,0,0
16233,Mayiladuturai Tiruchirappalli Express,Exp,Express,SWR,MV,MAYILADUTURAI JN,TPJ,TIRUCHIRAPPALLI,120,2,40,10:40:00,08:00:00,16234,0,0,0,0,0,0
16234,Tiruchchirapalli Mayiladuturai Express,Exp,Express,SWR,TPJ,TIRUCHIRAPPALLI,MV,MAYILADUTURAI JN,120,2,40,15:45:00,13:05:00,16233,0,0,0,0,0,0
16301,Venad Express,Exp,Express,SR,SRR,SHORANUR JN,TVC,TRIVANDRUM CENTRAL,327,7,50,22:10:00,14:20:00,16302,0,0,0,0,0,1
16303,Vanchinad Express,Exp,Express,SR,ERS,ERNAKULAM JN,TVC,TRIVANDRUM CENTRAL,220,4,40,09:40:00,05:00:00,16304,0,0,0,0,0,1
16304,Vanchinad Express,Exp,Express,SR,TVC,TRIVANDRUM CENTRAL,ERS,ERNAKULAM JN,220,4,40,22:20:00,17:40:00,16303,0,0,0,0,0,1
16306,Kannur Ernakulam InterCity Express,Exp,Express,SR,CAN,KANNUR,ERS,ERNAKULAM JN,283,6,0,20:30:00,14:30:00,16305,0,0,0,0,0,1
16308,Executive Express,Exp,Express,SR,CAN,KANNUR,ALLP,ALLEPPEY,339,8,0,13:00:00,05:00:00,16307,0,0,0,0,0,1
16313,Executive Express,Exp,Express,SR,ERS,ERNAKULAM JN,CAN,KANNUR,283,6,40,23:00:00,16:20:00,16314,0,0,0,0,0,1
16314,Executive Express,Exp,Express,SR,CAN,KANNUR,ERS,ERNAKULAM JN,283,6,30,11:30:00,05:00:00,16313,0,0,0,0,0,1
16315,BANGALORE - KOCHUVELI Exp,Exp,Express,SR,SBC,BANGALORE CITY JN,KCVL,KOCHUVELI,837,16,10,09:25:00,17:15:00,16316,1,1,1,0,0,0
16316,KOCHUVELI - BANGALORE Exp,Exp,Express,SR,KCVL,KOCHUVELI,SBC,BANGALORE CITY JN,837,16,30,08:35:00,16:05:00,16315,1,1,1,0,0,0
16317,Himsagar Express,Exp,Express,SR,CAPE,KANYAKUMARI,JAT,JAMMU TAWI,3715,71,10,13:10:00,14:00:00,16318,1,1,0,0,0,0
16318,Himsagar Express,Exp,Express,SR,JAT,JAMMU TAWI,CAPE,KANYAKUMARI,3715,70,15,22:00:00,23:45:00,16317,1,1,1,0,0,0
16318-Slip,Himsagar Express Slip,Exp,Express,SR,JAT,JAMMU TAWI,TEN,TIRUNELVELI,3561,66,35,18:20:00,23:45:00,,1,0,1,0,0,0
16324,Shalimar Tiruvananthapuram Express,Exp,Express,SR,SHM,KOLKATA SHALIMAR,TVC,TRIVANDRUM CENTRAL,2566,47,45,22:30:00,22:45:00,16323,1,1,1,0,0,0
16325,Ahilyanagari Express,Exp,Express,SR,INDB,INDORE JN BG,TVC,TRIVANDRUM CENTRAL,2653,49,45,17:50:00,16:05:00,16326,1,1,1,0,0,0
16327,Korba Tiruvananthapuram Express,Exp,Express,SR,KRBA,Korba,TVC,TRIVANDRUM CENTRAL,2519,46,0,17:50:00,19:50:00,16328,1,1,1,0,0,0
16328,Trivandrum-Korba Express,Exp,Express,SR,TVC,TRIVANDRUM CENTRAL,KRBA,Korba,2516,46,30,04:00:00,05:30:00,16327,1,1,1,0,0,0
16331,MUMBAI CST - TRIVANDRUM Exp,Exp,Express,SR,CSTM,MUMBAI CST,TVC,TRIVANDRUM CENTRAL,1946,38,55,03:00:00,12:05:00,16332,1,1,1,0,0,0
16332,TRIVANDRUM - MUMBAI CST Exp,Exp,Express,SR,TVC,TRIVANDRUM CENTRAL,CSTM,MUMBAI CST,1946,40,35,20:50:00,04:15:00,16331,1,1,1,0,0,0
16333,VERAVAL - TRIVANDRUM Exp,Exp,Express,SR,VRL,VERAVAL,TVC,TRIVANDRUM CENTRAL,2709,48,10,03:10:00,03:00:00,16334,1,1,1,0,0,0
16334,TRIVANDRUM - VERAVAL Exp,Exp,Express,SR,TVC,TRIVANDRUM CENTRAL,VRL,VERAVAL,2709,49,25,16:40:00,15:15:00,16333,1,1,1,0,0,0
16335,GANDHIDHAM - NAGERCOIL Weekly Exp,Exp,Express,SR,GIMB,GANDHIDHAM BG,NCJ,NAGERCOIL JN,2649,47,25,04:45:00,05:20:00,16336,1,1,1,0,0,0
16336,NAGERCOIL - GANDHIDHAM Weekly Exp,Exp,Express,SR,NCJ,NAGERCOIL JN,GIMB,GANDHIDHAM BG,2649,47,40,13:10:00,13:30:00,16335,1,1,1,0,0,0
16337,OKHA - ERNAKULAM Exp,Exp,Express,SR,OKHA,OKHA,ERS,ERNAKULAM JN,2557,44,40,22:40:00,02:00:00,16338,1,1,1,0,0,0
16338,ERNAKULAM - OKHA Exp,Exp,Express,SR,ERS,ERNAKULAM JN,OKHA,OKHA,2557,45,35,17:25:00,19:50:00,16337,1,1,1,0,0,0
16339,MUMBAI CST - NAGERCOIL Exp,Exp,Express,SR,CSTM,MUMBAI CST,NCJ,NAGERCOIL JN,1882,39,10,03:15:00,12:05:00,16340,1,1,1,0,0,0
16340,NAGERCOIL - MUMBAI CST Exp,Exp,Express,SR,NCJ,NAGERCOIL JN,CSTM,MUMBAI CST,1882,37,55,20:50:00,06:55:00,16339,1,1,1,0,0,0
16341,Guruvayur-Ernakulam-Trivandrum Intercity Express,Exp,Express,SR,GUV,GURUVAYUR,TVC,TRIVANDRUM CENTRAL,303,6,45,10:05:00,03:20:00,16342,0,0,0,0,0,1
16342,Trivandrum-Ernakulam-Guruvayur Intercity Express,Exp,Express,SR,TVC,TRIVANDRUM CENTRAL,GUV,GURUVAYUR,303,6,50,00:15:00,17:25:00,16341,0,0,0,0,0,1
16343,Amrita Express,Exp,Express,SR,TVC,TRIVANDRUM CENTRAL,PGTN,PALGHAT TOWN,376,9,30,08:00:00,22:30:00,16344,1,0,1,0,0,0
16344,Amrita Express,Exp,Express,SR,PGTN,PALGHAT TOWN,TVC,TRIVANDRUM CENTRAL,376,8,35,06:20:00,21:45:00,16343,1,0,1,0,0,0
16347,Trivandrum Mangalore Express,Exp,Express,SR,TVC,TRIVANDRUM CENTRAL,MAQ,MANGALORE CNTL,634,14,30,11:10:00,20:40:00,16348,1,1,1,0,0,0
16348,Trivandrum Express,Exp,Express,SR,MAQ,MANGALORE CNTL,TVC,TRIVANDRUM CENTRAL,634,14,20,04:50:00,14:30:00,16347,1,1,1,0,0,0
16349,Trivandrum Nilambur Road Rajya Rani Express,Exp,Express,SR,TVC,TRIVANDRUM CENTRAL,NIL,Nilambur Road,393,8,55,07:25:00,22:30:00,16350,1,1,0,0,0,0
16350,Nilambur Road Trivandrum Rajya Rani Express,Exp,Express,SR,NIL,Nilambur Road,TVC,TRIVANDRUM CENTRAL,393,9,40,06:20:00,20:40:00,16349,1,1,0,0,0,0
16381,Mumbai CST - Kanyakumari Express,Exp,Express,SR,CSTM,MUMBAI CST,CAPE,KANYAKUMARI,2135,45,0,12:45:00,15:45:00,16382,1,1,1,0,0,0
16382,Kanniyakumari-Mumbai CST Express,Exp,Express,SR,CAPE,KANYAKUMARI,CSTM,MUMBAI CST,2135,47,20,04:50:00,05:30:00,16381,1,1,1,0,0,0
16517,Yeshvantapur-Kannur Express,Exp,Express,SWR,YPR,YESVANTPUR JN,CAN,KANNUR,640,15,0,11:35:00,20:35:00,16518,1,1,1,0,0,0
16527,Yesvantpur - Kannur Express,Exp,Express,SWR,YPR,YESVANTPUR JN,CAN,KANNUR,649,12,30,08:30:00,20:00:00,16528,1,1,1,0,0,0
16529,Udyan Express,Exp,Express,SWR,CSTM,MUMBAI CST,SBC,BANGALORE CITY JN,1153,24,45,08:50:00,08:05:00,16530,1,1,1,1,0,0
16530,Udyan Express,Exp,Express,SWR,SBC,BANGALORE CITY JN,CSTM,MUMBAI CST,1153,23,40,19:50:00,20:10:00,16529,1,1,1,1,0,0
16532,Garib Nawaz Express,Exp,Express,SWR,YPR,YESVANTPUR JN,AII,AJMER JN,2218,48,10,17:30:00,17:20:00,16531,1,1,1,0,0,0
16560,Yeshvantapur-Mysore Express,Exp,Express,SWR,YPR,YESVANTPUR JN,MYS,MYSORE JN,143,3,40,13:50:00,10:10:00,16559,0,0,0,0,0,0
58402,Paradip Cuttack Passenger,Pass,Passenger,ECoR,PRDP,Paradip,CTC,CUTTACK,83,2,15,08:45:00,06:30:00,58401,0,0,0,0,0,0
14511,Allahabad-Saharanpur Nauchandi Express,Exp,Express,NR,ALD,ALLAHABAD JN,SRE,SAHARANPUR,774,18,5,11:45:00,17:40:00,14512,1,0,1,0,0,0
16345,MUMBAI LTT - TRIVANDRUM Netravati Exp,Exp,Express,SR,LTT,LOKMANYA TILAK TERM,TVC,TRIVANDRUM CENTRAL,1804,31,0,18:40:00,11:40:00,16346,1,1,1,0,0,0
16346,TRIVANDRUM - MUMBAI LTT Netravati Exp,Exp,Express,SR,TVC,TRIVANDRUM CENTRAL,LTT,LOKMANYA TILAK TERM,1804,30,50,16:40:00,09:50:00,16345,1,1,1,0,0,0
16351,MUMBAI CST - NAGERCOIL Balaji Exp,Exp,Express,SR,CSTM,MUMBAI CST,NCJ,NAGERCOIL JN,1967,41,30,05:35:00,12:05:00,16352,1,1,1,0,0,0
16360,PATNA - ERNAKULAM Express,Exp,Express,SR,PNBE,PATNA JN,ERS,ERNAKULAM JN,2988,54,30,23:00:00,16:30:00,16359,1,1,1,0,0,0
16501,Ahmedabad Bangalore Express,Exp,Express,SWR,ADI,AHMEDABAD JN,SBC,BANGALORE CITY JN,1802,34,50,04:50:00,18:00:00,16502,1,1,1,0,0,0
16502,Bangalore - Ahmedabad (Weekly) Express,Exp,Express,SWR,SBC,BANGALORE CITY JN,ADI,AHMEDABAD JN,1802,38,15,03:45:00,13:30:00,16501,1,1,1,0,0,0
16505,GANDHIDHAM - BANGALORE Exp,Exp,Express,SWR,GIMB,GANDHIDHAM BG,SBC,BANGALORE CITY JN,1962,43,0,04:00:00,09:00:00,16506,1,1,1,0,0,0
16506,BANGALORE - GANDHIDHAM Exp,Exp,Express,SWR,SBC,BANGALORE CITY JN,GIMB,GANDHIDHAM BG,1962,39,35,13:30:00,21:55:00,16505,1,1,1,0,0,0
16508,BANGALORE - BHAGAT KI KOTHI Exp,Exp,Express,SWR,SBC,BANGALORE CITY JN,JU,JODHPUR JN,2121,42,40,16:35:00,21:55:00,16507,1,1,1,0,0,0
16516,Karwar-Yeshvantpur Express,Exp,Express,SWR,KAWR,KARWAR,YPR,YESVANTPUR JN,794,16,55,22:25:00,05:30:00,16515,0,0,0,0,0,1
16518,Kannur-Yesvantpur Express,Exp,Express,SWR,CAN,KANNUR,YPR,YESVANTPUR JN,640,14,55,07:40:00,16:45:00,16517,1,1,1,0,0,0
16520,BANGALORE - JOLARPETTAI Exp,Exp,Express,SWR,SBC,BANGALORE CITY JN,JTJ,JOLARPETTAI,145,3,20,20:50:00,17:30:00,16519,0,0,0,0,0,0
16521,Bangarpet-Bangalore Express,Exp,Express,SWR,BWT,BANGARAPET,SBC,BANGALORE CITY JN,70,1,45,23:25:00,21:40:00,16522,0,0,0,0,0,0
16522,Bangalore Bangarpet Express,Exp,Express,SWR,SBC,BANGALORE CITY JN,BWT,BANGARAPET,70,1,35,21:10:00,19:35:00,16521,0,0,0,0,0,0
16525,KANNIYAKUMARI - BANGALORE Island Exp,Exp,Express,SWR,CAPE,KANYAKUMARI,SBC,BANGALORE CITY JN,944,20,25,06:55:00,10:30:00,16526,1,1,1,0,0,0
16528,Kannur - Yeshvantpur Express,Exp,Express,SWR,CAN,KANNUR,YPR,YESVANTPUR JN,649,12,55,07:15:00,18:20:00,16527,1,1,1,0,0,0
16531,Garib Nawaz Express,Exp,Express,SWR,AII,AJMER JN,YPR,YESVANTPUR JN,2236,46,55,04:30:00,05:35:00,16532,1,1,1,0,0,0
16533,BHAGAT KI KOTHI - BANGALORE CITY Exp,Exp,Express,SWR,BGKT,BHAGAT KI KOTHI,SBC,BANGALORE CITY JN,2199,47,0,04:30:00,05:30:00,16534,1,1,1,0,0,0
16534,BANGALORE CITY - JODHPUR Exp,Exp,Express,SWR,SBC,BANGALORE CITY JN,JU,JODHPUR JN,2181,47,15,16:35:00,17:20:00,16533,1,1,1,0,0,0
16535,Gol Gumbaz Express,Exp,Express,SWR,YPR,YESVANTPUR JN,SUR,SOLAPUR JN,822,17,40,13:25:00,19:45:00,16536,1,1,1,1,0,0
16536,Gol Gumbaz Express,Exp,Express,SWR,SUR,SOLAPUR JN,YPR,YESVANTPUR JN,822,17,40,09:15:00,15:35:00,16535,1,1,1,1,0,0
16537,Bangalore-Nagercoil Weekly Express,Exp,Express,SWR,SBC,BANGALORE CITY JN,NCJ,NAGERCOIL JN,723,14,55,14:00:00,23:05:00,16538,1,1,1,0,0,0
16538,Nagercoil-Bangalore Express,Exp,Express,SWR,NCJ,NAGERCOIL JN,SBC,BANGALORE CITY JN,723,15,15,04:00:00,12:45:00,16537,1,1,1,0,0,0
16557,Rajya Rani Express,Exp,Express,SWR,MYS,MYSORE JN,SBC,BANGALORE CITY JN,137,3,25,19:40:00,16:15:00,16558,0,0,0,0,0,0
16559,Mysore-Yeshvantapur Express,Exp,Express,SWR,MYS,MYSORE JN,YPR,YESVANTPUR JN,143,3,45,17:15:00,13:30:00,16560,0,0,0,0,0,0
16589,Rani Chennamma Express,Exp,Express,SWR,SBC,BANGALORE CITY JN,KOP,C SHAHU M RAJ KOLHAPUR TERM,795,16,25,13:40:00,21:15:00,16590,1,1,1,1,0,0
16590,Rani Chennamma Express,Exp,Express,SWR,KOP,C SHAHU M RAJ KOLHAPUR TERM,SBC,BANGALORE CITY JN,795,17,15,07:35:00,14:20:00,16589,1,1,1,1,0,0
16591,Hampi Express,Exp,Express,SWR,UBL,HUBLI JN,SBC,BANGALORE CITY JN,567,12,10,06:10:00,18:00:00,16592,1,1,1,1,0,0
16592,Hampi Express,Exp,Express,SWR,SBC,BANGALORE CITY JN,UBL,HUBLI JN,567,13,0,11:00:00,22:00:00,16591,1,1,1,1,0,0
16593,Nanded-Bangalore Express,Exp,Express,SWR,NED,HUZUR SAHIB NANDED,SBC,BANGALORE CITY JN,1042,24,10,06:10:00,06:00:00,16594,1,1,0,1,0,0
16594,Bangalore-Nanded Express,Exp,Express,SWR,SBC,BANGALORE CITY JN,NED,HUZUR SAHIB NANDED,1030,23,55,22:55:00,23:00:00,16593,1,1,0,1,0,0
16605,Eranad Express,Exp,Express,SR,MAQ,MANGALORE CNTL,NCJ,NAGERCOIL JN,690,16,10,23:30:00,07:20:00,16606,0,0,0,0,0,1
16606,Eranad Express,Exp,Express,SR,NCJ,NAGERCOIL JN,MAQ,MANGALORE CNTL,690,15,30,17:30:00,02:00:00,16605,0,0,0,0,0,1
16609,Nagercoil-Coimbatore Express,Exp,Express,SR,NCJ,NAGERCOIL JN,CBE,COIMBATORE JN,536,11,0,07:30:00,20:30:00,16610,1,1,0,0,0,0
16610,Coimbatore-Nagercoil Express,Exp,Express,SR,CBE,COIMBATORE JN,NCJ,NAGERCOIL JN,536,10,25,06:55:00,20:30:00,16609,1,1,0,0,0,0
16612,Coimbatore Tuticorin Link Express,Exp,Express,SR,CBE,COIMBATORE JN,TN,TUTICORIN,465,9,40,06:10:00,20:30:00,16611,1,1,0,0,0,0
16687,Navyug Express,Exp,Express,SR,MAQ,MANGALORE CNTL,JAT,JAMMU TAWI,3609,68,5,13:10:00,17:05:00,16688,1,1,1,0,0,0
16688,Navyug Express,Exp,Express,SR,JAT,JAMMU TAWI,MAQ,MANGALORE CNTL,3609,66,30,18:15:00,23:45:00,16687,1,1,1,0,0,0
16688-Slip,Navyug Express Slip,Exp,Express,SR,JAT,JAMMU TAWI,TEN,TIRUNELVELI,3601,66,35,18:20:00,23:45:00,,1,0,1,0,0,0
16702,Rameswaram-Chennai Egmore Express,Exp,Express,SR,RMM,RAMESWARAM,MS,CHENNAI EGMORE,665,13,30,06:30:00,17:00:00,16701,1,1,1,1,0,0
16713,Setu Express,Exp,Express,SR,MS,CHENNAI EGMORE,RMM,RAMESWARAM,600,11,45,04:45:00,17:00:00,16714,1,1,1,0,0,0
16714,Setu Express,Exp,Express,SR,RMM,RAMESWARAM,MS,CHENNAI EGMORE,600,12,20,08:20:00,20:00:00,16713,1,1,1,0,0,0
16731,Tuticorin Mysore Express,Exp,Express,SR,TN,TUTICORIN,MYS,MYSORE JN,783,17,35,10:10:00,16:35:00,16732,1,1,1,0,0,0
16735,Chendhur Express,Exp,Express,SR,MS,CHENNAI EGMORE,TCN,Tiruchendur,779,15,55,08:00:00,16:05:00,16736,1,1,1,1,0,0
16853,Cholan Express (Day Express),Exp,Express,SR,MS,CHENNAI EGMORE,TPJ,TIRUCHIRAPPALLI,401,8,15,16:35:00,08:20:00,16854,1,1,1,1,0,0
17001,Sainagar Shirdi Secunderabad Express,Exp,Express,SCR,SNSI,SAINAGAR SHIRDI,SC,SECUNDERABAD JN,776,16,10,09:20:00,17:10:00,17002,1,1,1,0,0,0
17015,Visakha Express,Exp,Express,SCR,BBS,BHUBANESWAR,SC,SECUNDERABAD JN,1135,22,55,07:30:00,08:35:00,17016,1,1,1,0,0,0
63151,Jasidih Baidyanathdham Passenger,MEMU,MEMU,ER,JSME,JASIDIH JN,BDME,Baidyanathdham Deoghar,6,0,20,06:10:00,05:50:00,,0,0,0,0,0,0
15653,GUWAHATI - JAMMU TAWI Amarnath Exp,Exp,Express,NFR,GHY,GUWAHATI,JAT,JAMMU TAWI,2431,47,5,12:20:00,13:15:00,15654,1,1,1,0,0,0
16603,Maveli Express,Exp,Express,SR,MAQ,MANGALORE CNTL,TVC,TRIVANDRUM CENTRAL,619,13,30,07:15:00,17:45:00,16604,1,1,1,0,1,0
16604,Maveli Express,Exp,Express,SR,TVC,TRIVANDRUM CENTRAL,MAQ,MANGALORE CNTL,619,13,25,08:50:00,19:25:00,16603,1,1,1,0,1,0
16611,Tuticorin Coimbatore Link Express,Exp,Express,SR,TN,TUTICORIN,CBE,COIMBATORE JN,465,10,0,07:30:00,21:30:00,16612,1,1,0,0,0,0
16613,RAJKOT - COIMBATORE Exp,Exp,Express,SR,RJT,RAJKOT JN,CBE,COIMBATORE JN,2237,45,0,02:00:00,05:00:00,16614,1,1,1,0,0,0
16614,COIMBATORE - RAJKOT Exp,Exp,Express,SR,CBE,COIMBATORE JN,RJT,RAJKOT JN,2237,44,20,20:05:00,23:45:00,16613,1,1,1,0,0,0
16628,West Coast Express,Exp,Express,SR,MAQ,MANGALORE CNTL,MAS,CHENNAI CENTRAL,902,17,30,15:15:00,21:45:00,16627,1,1,1,0,1,0
16629,Malabar Express,Exp,Express,SR,TVC,TRIVANDRUM CENTRAL,MAQ,MANGALORE CNTL,634,15,35,10:05:00,18:30:00,16630,1,1,1,0,1,0
16630,Malabar Express,Exp,Express,SR,MAQ,MANGALORE CNTL,TVC,TRIVANDRUM CENTRAL,634,14,40,09:05:00,18:25:00,16629,1,1,1,0,1,0
16649,Parasuram Express,Exp,Express,SR,MAQ,MANGALORE CNTL,TVC,TRIVANDRUM CENTRAL,634,13,50,18:30:00,04:40:00,16650,0,0,0,0,0,1
16650,Parasuram Express,Exp,Express,SR,TVC,TRIVANDRUM CENTRAL,MAQ,MANGALORE CNTL,634,13,55,20:25:00,06:30:00,16649,0,0,0,0,0,1
16669,Yercaud Express,Exp,Express,SR,MAS,CHENNAI CENTRAL,ED,ERODE JN,396,7,45,06:25:00,22:40:00,16670,1,1,1,1,0,0
16670,Yercaud Express,Exp,Express,SR,ED,ERODE JN,MAS,CHENNAI CENTRAL,396,7,30,04:30:00,21:00:00,16669,1,1,1,1,0,0
16724,TRIVANDRUM - CHENNAI EGMORE Anantapuri Exp,Exp,Express,SR,TVC,TRIVANDRUM CENTRAL,MS,CHENNAI EGMORE,798,16,20,08:40:00,16:20:00,16723,1,1,1,1,0,0
16732,Mysore-Tuticorin Express,Exp,Express,SR,MYS,MYSORE JN,TN,TUTICORIN,783,17,0,11:00:00,18:00:00,16731,1,1,1,0,0,0
16733,Rameswaram-Okha Express,Exp,Express,SR,RMM,RAMESWARAM,OKHA,OKHA,3196,66,25,15:15:00,20:50:00,16734,1,1,1,0,0,0
16734,Okha-Rameswaram Express,Exp,Express,SR,OKHA,OKHA,RMM,RAMESWARAM,3196,61,45,19:50:00,06:05:00,16733,1,1,1,0,0,0
16736,Chendhur Express,Exp,Express,SR,TCN,Tiruchendur,MS,CHENNAI EGMORE,779,15,55,11:40:00,19:45:00,16735,1,1,1,1,0,0
16779,TIRUPATI - RAMESWARAM Exp,Exp,Express,SR,TPTY,TIRUPATI MAIN,RMM,RAMESWARAM,667,16,25,06:00:00,13:35:00,16780,1,1,0,0,1,0
16780,RAMESWARAM - TIRUPATI Exp,Exp,Express,SR,RMM,RAMESWARAM,TPTY,TIRUPATI MAIN,667,15,5,10:20:00,19:15:00,16779,1,1,0,0,1,0
16787,TIRUNELVELI - KATRA Exp,Exp,Express,SR,TEN,TIRUNELVELI,SVDK,S M V D KATRA,3561,69,25,13:10:00,15:45:00,16788,1,0,1,0,0,0
16788,JAMMU ERODE - TIRUNELVELI Link Exp,Exp,Express,SR,ED,ERODE JN,TEN,TIRUNELVELI,458,9,30,18:20:00,08:50:00,16787,1,0,1,0,0,0
16854,Cholan Express( Day Express),Exp,Express,SR,TPJ,TIRUCHIRAPPALLI,MS,CHENNAI EGMORE,401,8,25,17:45:00,09:20:00,16853,1,1,1,1,0,0
16861,Tiruturaipudi Karaikkudi Express,Exp,Express,SR,TTP,Tiruturaipudi Junction,KKDI,Karaikkudi Junction,123,3,30,08:45:00,05:15:00,16862,0,0,0,0,0,0
16862,Karaikkudi Tiruturaipudi Express,Exp,Express,SR,KKDI,Karaikkudi Junction,TTP,Tiruturaipudi Junction,123,3,30,21:15:00,17:45:00,16861,0,0,0,0,0,0
16865,Tea Garden Express,Exp,Express,SR,NCR,Nagore,ERS,ERNAKULAM JN,582,13,45,06:15:00,16:30:00,16866,1,1,1,1,1,0
16866,Tea Garden Express,Exp,Express,SR,ERS,ERNAKULAM JN,NCR,Nagore,582,13,40,11:45:00,22:05:00,16865,1,1,1,1,1,0
17003,Hyderabad-Kolhapur BiWeekly Express,Exp,Express,SCR,HYB,HYDERABAD DECCAN,KOP,C SHAHU M RAJ KOLHAPUR TERM,998,23,35,22:45:00,23:10:00,17004,1,1,1,0,0,0
17004,Kolhapur-Hyderabad BiWeekly Express,Exp,Express,SCR,KOP,C SHAHU M RAJ KOLHAPUR TERM,HYB,HYDERABAD DECCAN,998,23,15,06:45:00,07:30:00,17003,1,1,1,0,0,0
17005,HYDERABAD DECCAN - RAXAUL  Exp,Exp,Express,SCR,HYB,HYDERABAD DECCAN,RXL,RAXAUL JN,2015,39,30,13:00:00,21:30:00,17006,1,1,1,0,0,0
17006,RAXAUL - HYDERABAD Deccan Exp,Exp,Express,SCR,RXL,RAXAUL JN,HYB,HYDERABAD DECCAN,2015,40,10,23:10:00,07:00:00,17005,1,1,1,0,0,0
17013,Pune-Hyderabad Express,Exp,Express,SCR,PUNE,PUNE JN,HYB,HYDERABAD DECCAN,649,14,15,04:30:00,14:15:00,17014,1,1,1,0,0,0
17014,Hyderabad-Pune Express,Exp,Express,SCR,HYB,HYDERABAD DECCAN,PUNE,PUNE JN,649,14,30,13:15:00,22:45:00,17013,1,1,1,0,0,0
17032,Hyderabad-Mumbai Express,Exp,Express,SCR,HYB,HYDERABAD DECCAN,CSTM,MUMBAI CST,790,16,25,13:05:00,20:40:00,17031,1,1,1,1,0,0
17037,SECUNDERABAD - BIKANER Express,Exp,Express,SCR,SC,SECUNDERABAD JN,BKN,BIKANER JN,2113,41,45,17:00:00,23:15:00,17038,1,1,1,0,0,0
17057-Slip,Mumbai -Daund Devagiri Express Slip,Exp,Express,CR,CSTM,MUMBAI CST,DD,DAUND JN,497,14,50,11:55:00,21:05:00,,0,0,0,0,0,0
17203,Bhavnagar(T)-Kakinada Town Express,Exp,Express,SCR,BVC,BHAVNAGAR TERMINUS,CCT,KAKINADA TOWN,2053,40,50,21:00:00,04:10:00,17204,1,1,1,0,0,0
17204,Kakinada Town- Bhavnagar Express,Exp,Express,SCR,CCT,KAKINADA TOWN,BVC,BHAVNAGAR TERMINUS,2053,40,45,20:45:00,04:00:00,17203,1,1,1,0,0,0
17205,Sainagar Shirdi-Kakinada Express,Exp,Express,SCR,SNSI,SAINAGAR SHIRDI,CCT,KAKINADA TOWN,1339,26,10,19:20:00,17:10:00,17206,1,1,1,0,0,0
17206,Kakinada-Sainagar Shirdi Express,Exp,Express,SCR,CCT,KAKINADA TOWN,SNSI,SAINAGAR SHIRDI,1339,27,0,09:15:00,06:15:00,17205,1,1,1,0,0,0
17209,BANGALORE - KAKINADA TOWN Seshadri Exp,Exp,Express,SCR,SBC,BANGALORE CITY JN,CCT,KAKINADA TOWN,963,19,25,08:45:00,13:20:00,17210,1,1,1,0,0,0
17210,KAKINADA TOWN -BANGALORE Seshadri Exp,Exp,Express,SCR,CCT,KAKINADA TOWN,SBC,BANGALORE CITY JN,963,19,0,12:35:00,17:35:00,17209,1,1,1,0,0,0
17212,Machilipatnam Express,Exp,Express,SCR,YPR,YESVANTPUR JN,MTM,Machilipatnam,778,15,50,06:35:00,14:45:00,17211,1,1,1,0,0,0
17213,Narasapur-Nagarsol Express,Exp,Express,SCR,NS,Narasapur,NSL,NAGARSOL,1086,22,0,08:30:00,10:30:00,17214,1,1,1,0,0,0
17229,Sabari Express,Exp,Express,SCR,TVC,TRIVANDRUM CENTRAL,HYB,HYDERABAD DECCAN,1568,30,25,13:40:00,07:15:00,17230,1,1,1,0,0,0
17230,Sabari Express,Exp,Express,SCR,HYB,HYDERABAD DECCAN,TVC,TRIVANDRUM CENTRAL,1568,30,55,18:55:00,12:00:00,17229,1,1,1,0,0,0
17304,Malgudi Express,Exp,Express,SWR,YPR,YESVANTPUR JN,MYS,MYSORE JN,143,3,15,15:00:00,11:45:00,17303,0,0,0,0,0,0
17307,Basava Express,Exp,Express,SWR,YPR,YESVANTPUR JN,BGK,BAGALKOT,860,18,30,12:10:00,17:40:00,17308,1,1,1,0,0,0
17309,YESVANTPUR - VASCO DA GAMA Exp,Exp,Express,SWR,YPR,YESVANTPUR JN,VSG,VASCO DA GAMA,700,14,45,06:00:00,15:15:00,17310,1,1,1,0,0,0
12073,Howrah-Bhubaneswar Jan Shatabdi Express,JShtb,Jan Shatabdi,ECoR,HWH,HOWRAH JN,BBS,BHUBANESWAR,439,6,45,20:20:00,13:35:00,12074,0,0,0,0,0,1
14209,Vindhyachal-Lucknow InterCity,Exp,Express,NR,BDL,VINDHYACHAL,LKO,LUCKNOW,284,5,55,19:40:00,13:45:00,14210,0,0,0,0,0,1
15227,YESVANTPUR - MUZAFFARPUR Weekly Exp,Exp,Express,ECR,YPR,YESVANTPUR JN,MFP,MUZAFFARPUR JN,2733,52,5,04:00:00,23:55:00,15228,1,1,1,0,0,0
16042,Alappuzha-Chennai Express,Exp,Express,SR,ALLP,ALLEPPEY,MAS,CHENNAI CENTRAL,746,14,0,06:05:00,16:05:00,16041,1,1,1,0,1,0
16307,Executive Express,Exp,Express,SR,ALLP,ALLEPPEY,CAN,KANNUR,339,8,0,23:00:00,15:00:00,16308,0,0,0,0,0,1
17017,Rajkot Secunderabad Express,Exp,Express,SCR,RJT,RAJKOT JN,SC,SECUNDERABAD JN,1478,29,30,10:30:00,05:00:00,17018,1,1,1,0,0,0
17035,Telangana Express,Exp,Express,SCR,SC,SECUNDERABAD JN,SKZR,SIRPUR KAGAZNAGAR,297,5,25,13:45:00,08:20:00,17036,0,0,0,0,0,1
17036,Telangana Express,Exp,Express,SCR,SKZR,SIRPUR KAGAZNAGAR,SC,SECUNDERABAD JN,297,5,30,20:20:00,14:50:00,17035,0,0,0,0,0,1
17049,Machilipatnam Secunderabad Express,Exp,Express,SCR,MTM,Machilipatnam,SC,SECUNDERABAD JN,431,9,0,04:45:00,19:45:00,17050,1,1,1,0,0,0
17050,Secunderabad Machilipatnam Express,Exp,Express,SCR,SC,SECUNDERABAD JN,MTM,Machilipatnam,431,8,30,07:15:00,22:45:00,17049,1,1,1,0,0,0
17057,Mumbai-Secunderabad Devagiri Expres,Exp,Express,SCR,CSTM,MUMBAI CST,SC,SECUNDERABAD JN,881,17,10,14:15:00,21:05:00,17058,1,1,1,1,0,0
17058,Devagiri Express,Exp,Express,SCR,SC,SECUNDERABAD JN,CSTM,MUMBAI CST,881,17,35,07:10:00,13:35:00,17057,1,1,1,1,0,0
17063,Ajanta Express,Exp,Express,SCR,MMR,MANMAD JN,SC,SECUNDERABAD JN,621,11,55,08:55:00,21:00:00,17064,1,1,1,0,0,0
17064,Ajanta Express,Exp,Express,SCR,SC,SECUNDERABAD JN,MMR,MANMAD JN,621,12,35,06:45:00,18:10:00,17063,1,1,1,0,0,0
17201,Golconda Express,Exp,Express,SCR,GNT,GUNTUR JN,SC,SECUNDERABAD JN,383,8,0,13:45:00,05:45:00,17202,0,0,0,0,0,1
17202,Golconda Express,Exp,Express,SCR,SC,SECUNDERABAD JN,GNT,GUNTUR JN,383,8,15,21:20:00,13:05:00,17201,0,0,0,0,0,1
17207,Sainagar Shiridi Vijayawada Express,Exp,Express,SCR,SNSI,SAINAGAR SHIRDI,BZA,VIJAYAWADA JN,1127,22,15,15:25:00,17:10:00,17208,1,1,1,0,0,0
17208,Vijayawada Sainagar Shirdi Express,Exp,Express,SCR,BZA,VIJAYAWADA JN,SNSI,SAINAGAR SHIRDI,1127,22,45,09:15:00,10:30:00,17207,1,1,1,0,0,0
17211,Machilipatnam Yeshvantapur Express,Exp,Express,SCR,MTM,Machilipatnam,YPR,YESVANTPUR JN,778,18,30,09:45:00,15:15:00,17212,1,1,1,0,0,0
17214,Nagarsol Narsapur Express,Exp,Express,SCR,NSL,NAGARSOL,NS,Narasapur,1086,22,0,09:30:00,11:30:00,17213,1,1,1,0,0,0
17225,Amaravati Express,Exp,Express,SCR,BZA,VIJAYAWADA JN,UBL,HUBLI JN,693,14,45,09:40:00,18:55:00,17226,1,1,1,0,0,0
17226,Amaravati Express,Exp,Express,SCR,UBL,HUBLI JN,BZA,VIJAYAWADA JN,693,14,35,02:50:00,12:15:00,17225,1,1,1,0,0,0
17226-Slip,Amaravathi Express Slip,Exp,Express,SWR,UBL,HUBLI JN,KCG,KACHEGUDA,617,16,45,05:00:00,12:15:00,,1,0,1,0,0,0
17233,Bhagyanagar Express,Exp,Express,SCR,SC,SECUNDERABAD JN,BPQ,BALHARSHAH,367,9,35,01:00:00,15:25:00,17234,0,0,0,0,0,1
17234,Bhagyanagar Express,Exp,Express,SCR,BPQ,BALHARSHAH,SC,SECUNDERABAD JN,367,8,45,10:45:00,02:00:00,17233,0,0,0,0,0,1
17239,Simhadri Express,Exp,Express,SCR,GNT,GUNTUR JN,VSKP,VISHAKAPATNAM,383,9,50,17:50:00,08:00:00,17240,0,0,0,0,0,1
17240,Simhadri Express,Exp,Express,SCR,VSKP,VISHAKAPATNAM,GNT,GUNTUR JN,383,8,20,15:30:00,07:10:00,17239,0,0,0,0,0,1
17241,Simhadri Link Express,Exp,Express,SCR,NS,Narasapur,NDD,NIDADAVOLU JN,76,2,0,12:00:00,10:00:00,17242,0,0,0,0,0,0
17255,Narasapur Hyderabad Express,Exp,Express,SCR,NS,Narasapur,HYB,HYDERABAD DECCAN,462,10,30,05:25:00,18:55:00,17256,1,1,1,1,0,0
17256,Hyderabad-Narsapur Express,Exp,Express,SCR,HYB,HYDERABAD DECCAN,NS,Narasapur,462,10,55,08:40:00,21:45:00,17255,1,1,1,1,0,0
17301,Mysore Dharwad Express,Exp,Express,SWR,MYS,MYSORE JN,DWR,DHARWAR,491,10,0,08:15:00,22:15:00,17302,1,1,1,0,0,0
17302,Dharwad Mysore Express,Exp,Express,SWR,DWR,DHARWAR,MYS,MYSORE JN,491,10,15,07:00:00,20:45:00,17301,1,1,1,0,0,0
17303,Malgudi Express,Exp,Express,SWR,MYS,MYSORE JN,YPR,YESVANTPUR JN,143,3,20,15:30:00,12:10:00,17304,0,0,0,0,0,0
17305,Hubli-H.Nizamuddin Goa Express,Exp,Express,SWR,UBL,HUBLI JN,NZM,DELHI H NIZAMUDDIN,2147,38,0,06:15:00,16:15:00,,1,0,1,0,0,0
17308,Basava Express,Exp,Express,SWR,BGK,BAGALKOT,YPR,YESVANTPUR JN,860,20,0,10:10:00,14:10:00,17307,1,1,1,0,0,0
17312,VASCO DA GAMA - CHENNAI CENT Exp,Exp,Express,SWR,VSG,VASCO DA GAMA,MAS,CHENNAI CENTRAL,1070,21,25,11:55:00,14:30:00,17311,1,1,1,0,0,0
17313,CHENNAI CENT - HUBLI Weekly Exp,Exp,Express,SWR,MAS,CHENNAI CENTRAL,UBL,HUBLI JN,834,16,35,06:45:00,14:10:00,17314,1,1,1,0,0,0
17314,HUBLI - CHENNAI CENT Weekly Exp,Exp,Express,SWR,UBL,HUBLI JN,MAS,CHENNAI CENTRAL,834,15,35,11:55:00,20:20:00,17313,1,1,1,0,0,0
17315,VASCO DA GAMA - VELANKANNI Weekly Exp,Exp,Express,SWR,VSG,VASCO DA GAMA,VLNK,VELANKANNI,1315,27,10,12:10:00,09:00:00,17316,1,1,1,0,0,0
17316,VELANKANNI - VASCO DA GAMA Weekly Exp,Exp,Express,SWR,VLNK,VELANKANNI,VSG,VASCO DA GAMA,1315,29,30,19:40:00,14:10:00,17315,1,1,1,0,0,0
17403,Tirupati Narasapur Express,Exp,Express,SCR,GDV,GUDIVADA JN,NS,Narasapur,96,2,20,06:00:00,03:40:00,,0,0,0,0,0,0
17479-Slip,Puri-Shirdi Express Slip,Exp,Express,ECoR,PURI,PURI,SNSI,SAINAGAR SHIRDI,1971,44,15,09:15:00,13:00:00,17480,1,0,0,0,0,0
17480,Tirupati-Puri Express,Exp,Express,SCR,TPTY,TIRUPATI MAIN,PURI,PURI,1232,28,45,15:20:00,10:35:00,17479,1,1,0,0,0,0
17610,PURNA - PATNA Exp,Exp,Express,SCR,PAU,PURNA JN,PNBE,PATNA JN,1819,33,20,03:30:00,18:10:00,17609,1,1,1,0,0,0
17643,Circar Express,Exp,Express,SCR,MS,CHENNAI EGMORE,COA,Kakinada Port,702,16,20,09:40:00,17:20:00,17644,1,1,1,0,0,0
17644,Circar Express,Exp,Express,SCR,COA,Kakinada Port,MS,CHENNAI EGMORE,702,15,50,06:30:00,14:40:00,17643,1,1,1,0,0,0
18002,Kandari Express,Exp,Express,SER,DGHA,Digha Flag Station,HWH,HOWRAH JN,189,3,30,21:50:00,18:20:00,18001,0,0,0,0,0,1
18207,Durg Jaipur Express,Exp,Express,SECR,DURG,DURG,JP,JAIPUR,1268,23,40,15:45:00,16:05:00,18208,1,1,1,0,0,0
56261,ARAKKONAM - BANGALORE Passenger,Pass,Passenger,SWR,AJJ,ARAKKONAM,SBC,BANGALORE CITY JN,290,10,45,18:45:00,08:00:00,56262,0,0,0,0,0,0
12175,Chambal Express,SF,Superfast,CR,HWH,HOWRAH JN,GWL,GWALIOR JN,1303,23,35,17:20:00,17:45:00,12176,1,1,1,0,0,0
12574,Howrah-SainagarShirdi Express,SF,Superfast,NFR,HWH,HOWRAH JN,SNSI,SAINAGAR SHIRDI,1791,29,55,20:30:00,14:35:00,12573,1,1,1,0,0,0
12713,Satavahana Express,SF,Superfast,SCR,BZA,VIJAYAWADA JN,SC,SECUNDERABAD JN,351,5,35,11:45:00,06:10:00,12714,0,0,0,0,0,1
17401,Tirupati-Machilipatnam Express,Exp,Express,SCR,TPTY,TIRUPATI MAIN,MTM,Machilipatnam,467,9,40,05:20:00,19:40:00,17402,1,1,0,0,0,0
17402,Machilipatanam-Tirupati Express,Exp,Express,SCR,MTM,Machilipatnam,TPTY,TIRUPATI MAIN,467,9,35,04:35:00,19:00:00,17401,1,1,0,0,0,0
17404,Narasapur Tirupati Link Express,Exp,Express,SCR,NS,Narasapur,TPTY,TIRUPATI MAIN,525,11,15,04:35:00,17:20:00,,1,1,0,0,0,0
17405,Krishna Express,Exp,Express,SCR,TPTY,TIRUPATI MAIN,ADB,ADILABAD,1228,24,50,06:15:00,05:25:00,17406,1,1,0,0,0,1
17406,Krishna Express,Exp,Express,SCR,ADB,ADILABAD,TPTY,TIRUPATI MAIN,1228,24,25,21:25:00,21:00:00,17405,1,1,0,0,0,1
17415,Haripriya Express,Exp,Express,SCR,TPTY,TIRUPATI MAIN,KOP,C SHAHU M RAJ KOLHAPUR TERM,903,20,5,16:35:00,20:30:00,17416,1,1,1,0,0,0
17416,Haripriya Express,Exp,Express,SCR,KOP,C SHAHU M RAJ KOLHAPUR TERM,TPTY,TIRUPATI MAIN,903,20,55,08:30:00,11:35:00,17415,1,1,1,0,0,0
17429,Rayalaseema Express,Exp,Express,SCR,HYB,HYDERABAD DECCAN,TPTY,TIRUPATI MAIN,732,14,45,08:10:00,17:25:00,17430,1,1,1,0,0,0
17430,Rayalaseema Express,Exp,Express,SCR,TPTY,TIRUPATI MAIN,HYB,HYDERABAD DECCAN,732,16,0,08:30:00,16:30:00,17429,1,1,1,0,0,0
17479,Puri-Tirupati Express,Exp,Express,SCR,PURI,PURI,TPTY,TIRUPATI MAIN,1232,27,15,16:15:00,13:00:00,17480,1,1,0,0,0,0
17481,Bilaspur-Tirupati Express,Exp,Express,SECR,BSP,BILASPUR JN,TPTY,TIRUPATI MAIN,1403,30,10,16:15:00,10:05:00,17482,1,1,0,0,0,0
17482,Tirupati-Bilaspur Express,Exp,Express,SCR,TPTY,TIRUPATI MAIN,BSP,BILASPUR JN,1403,31,10,17:45:00,10:35:00,17481,1,1,0,0,0,0
17487,Tirumala Express,Exp,Express,SCR,TPTY,TIRUPATI MAIN,VSKP,VISHAKAPATNAM,736,14,5,10:55:00,20:50:00,17488,1,1,1,0,0,0
17603,Prasanti Nilayam Express,Exp,Express,SCR,KCG,KACHEGUDA,YPR,YESVANTPUR JN,664,13,30,10:30:00,21:00:00,17604,1,1,1,1,0,0
17607,Tungabhadra Express,Exp,Express,SCR,SC,SECUNDERABAD JN,KRNT,KURNOOL TOWN,244,5,0,12:30:00,07:30:00,17608,0,0,0,0,0,1
17608,Tungabhadra Express,Exp,Express,SCR,KRNT,KURNOOL TOWN,SC,SECUNDERABAD JN,244,4,55,19:55:00,15:00:00,17607,0,0,0,0,0,1
17613,Pune Nanded Exp,Exp,Express,SCR,PUNE,PUNE JN,NED,HUZUR SAHIB NANDED,557,12,0,10:00:00,22:00:00,17614,1,1,0,0,0,0
17614,Nanded Pune Express,Exp,Express,SCR,NED,HUZUR SAHIB NANDED,PUNE,PUNE JN,557,12,0,09:20:00,21:20:00,17613,1,1,1,0,0,0
17617,Tapovan Express,Exp,Express,SCR,CSTM,MUMBAI CST,NED,HUZUR SAHIB NANDED,610,11,45,17:55:00,06:10:00,17618,0,0,0,0,0,1
17618,Tapovan Express,Exp,Express,SCR,NED,HUZUR SAHIB NANDED,CSTM,MUMBAI CST,610,11,35,22:05:00,10:30:00,17617,0,0,0,0,0,1
17687,Manmad-Dharmabad Composite Express,Exp,Express,SCR,MMR,MANMAD JN,DAB,DHARMABAD,422,8,50,23:50:00,15:00:00,17688,0,0,0,0,0,1
17688,Dharmabad-Manmad Composit Express,Exp,Express,SCR,DAB,DHARMABAD,MMR,MANMAD JN,422,9,10,13:10:00,04:00:00,17687,0,0,0,0,0,1
18003,Jhargram Purulia Express,Exp,Express,SER,JGM,JHARGRAM,PRR,PURULIA JN,187,3,25,14:15:00,10:50:00,18004,0,0,0,0,0,1
18004,Purulia Jhargram Express,Exp,Express,SER,PRR,PURULIA JN,JGM,JHARGRAM,187,3,10,17:55:00,14:45:00,18003,0,0,0,0,0,1
18007,Shalimar-Baripada Express,Exp,Express,SER,SHM,KOLKATA SHALIMAR,BPO,Baripada,265,5,0,11:40:00,06:40:00,18008,0,0,0,0,0,0
18008,Baripada-Shalimar Express,Exp,Express,SER,BPO,Baripada,SHM,KOLKATA SHALIMAR,265,5,10,18:00:00,12:50:00,18007,0,0,0,0,0,0
18048,VASCO-DA-GAMA - HOWRAH Amaravati Exp,Exp,Express,SER,VSG,VASCO DA GAMA,HWH,HOWRAH JN,2147,39,15,22:25:00,07:10:00,18047,1,1,1,0,0,0
18102,Jammu-Rourkela Express,Exp,Express,SER,JAT,JAMMU TAWI,ROU,ROURKELA,2158,47,35,14:05:00,14:30:00,,1,1,1,0,0,0
18105,Rourkela-Bhubaneswar InterCity,Exp,Express,SER,ROU,ROURKELA,BBS,BHUBANESWAR,419,7,30,13:00:00,05:30:00,18106,0,1,0,0,0,1
18106,Bhubaneswar-Rourkela InterCity,Exp,Express,SER,BBS,BHUBANESWAR,ROU,ROURKELA,419,7,55,21:30:00,13:35:00,18105,0,1,0,0,0,1
18108,KORAPUT - ROURKELA Exp,Exp,Express,SER,KRPU,KORAPUT,ROU,ROURKELA,645,13,50,06:50:00,17:00:00,18107,1,1,0,0,0,0
18190,Allapuzha Dhanbad Slip Express,Exp,Express,SER,ROU,ROURKELA,TATA,TATANAGAR JN,163,2,55,09:10:00,06:15:00,,1,1,1,0,0,0
18191,Utsarg Express,Exp,Express,SER,CPR,CHHAPRA,CPA,KANPUR ANWARGANJ,549,14,40,09:45:00,19:05:00,18192,1,1,0,0,0,0
18192,Utsarg Express,Exp,Express,SER,CPA,KANPUR ANWARGANJ,CPR,CHHAPRA,549,16,10,08:35:00,16:25:00,18191,1,1,0,0,0,0
18201,Durg-Nautanwa (via Varanasi)Express,Exp,Express,SECR,DURG,DURG,NTV,Nautanwa,1224,26,35,22:15:00,19:40:00,18202,1,1,1,0,0,0
18205,Durg -Nautanwa Express,Exp,Express,SECR,DURG,DURG,NTV,Nautanwa,1152,27,20,23:00:00,19:40:00,18206,1,1,1,0,0,0
18208,Jaipur Durg Express,Exp,Express,SECR,JP,JAIPUR,DURG,DURG,1268,24,40,22:15:00,21:35:00,18207,1,1,1,0,0,0
18209,Dalli Rajhara Raipur Express,Exp,Express,SECR,DRZ,Dalli Rajhara,R,RAIPUR JN,126,3,15,10:05:00,06:50:00,18210,0,0,0,0,0,0
18236,Bilaspur Express Cum Passenger,Exp,Express,SECR,BSP,BILASPUR JN,BPL,BHOPAL JN,717,21,50,18:15:00,20:25:00,18235,1,0,0,0,1,0
18239,Gerva Road-Nagpur Express,Exp,Express,SECR,GAD,Gevra Road,NGP,NAGPUR,513,11,45,05:30:00,17:45:00,,1,1,1,0,0,0
18240,Nagpur Bilaspur Express,Exp,Express,SECR,NGP,NAGPUR,BSP,BILASPUR JN,412,7,40,07:15:00,23:35:00,,1,1,1,0,0,0
18241,Durg Ambikapur Express,Exp,Express,SECR,DURG,DURG,ABKP,AMBIKAPUR,469,10,55,07:05:00,20:10:00,18242,1,1,1,0,0,0
18241-Slip,Durg Ambikapur Express Slip,Exp,Express,SECR,DURG,DURG,CHRM,Chirmiri,381,11,55,08:05:00,20:10:00,,1,0,0,0,0,0
18301,Rayagada Express,Exp,Express,ECoR,SBP,SAMBALPUR,RGDA,RAYAGADA,322,6,50,13:20:00,06:30:00,18302,0,0,0,0,0,1
52179,Dhaulpur Sirmuttra Passenger,Pass,Passenger,NCR,DHO,DHAULPUR,SRMT,Sirmuttra,70,3,0,07:00:00,04:00:00,52180,0,0,0,0,0,0
56014,Vellore Cantt-Arakkonam Passenger,Pass,Passenger,SR,VLR,VELLORE CANT,AJJ,ARAKKONAM,71,2,25,11:50:00,09:25:00,56013,0,0,0,0,0,0
12380,Amritsar - Sealdah Superfast Express,SF,Superfast,ER,ASR,AMRITSAR JN,SDAH,KOLKATA SEALDAH,1894,30,35,17:25:00,10:50:00,12379,1,1,1,0,0,0
12663,Howrah-Tiruchirappalli Express,SF,Superfast,SR,HWH,HOWRAH JN,TPJ,TIRUCHIRAPPALLI,2025,36,15,04:25:00,16:10:00,12664,1,1,1,0,0,0
14260,LUCKNOW CHARBAGH - MUGHAL SARAI Ekatmata Exp,Exp,Express,NR,LKO,LUCKNOW,MGS,MUGHAL SARAI JN,2796,52,0,01:15:00,21:15:00,14259,1,1,1,0,0,0
15901,BENGALURU - NEW TINSUKIA Weekly Exp,Exp,Express,NFR,SBC,BANGALORE CITY JN,NTSK,NEW TINSUKIA JN,3578,68,15,20:10:00,23:55:00,15902,1,1,1,0,0,0
16312,KOCHUVELI - BIKANER Express,Exp,Express,SR,KCVL,KOCHUVELI,BKN,BIKANER JN,3002,54,45,22:00:00,15:15:00,16311,1,1,1,0,0,0
16515,Yesvantpur - Karwar Express,Exp,Express,SWR,YPR,YESVANTPUR JN,KAWR,KARWAR,794,15,30,23:00:00,07:30:00,16516,0,0,0,0,0,1
17038,BIKANER - SECUNDERABAD Express,Exp,Express,SCR,BKN,BIKANER JN,SC,SECUNDERABAD JN,2113,41,10,08:50:00,15:40:00,17037,1,1,1,0,0,0
17310,VASCO DA GAMA - YESVANTPUR Exp,Exp,Express,SWR,VSG,VASCO DA GAMA,YPR,YESVANTPUR JN,700,14,40,11:25:00,20:45:00,17309,1,1,1,0,0,0
17609,PATNA - PURNA Exp,Exp,Express,SCR,PNBE,PATNA JN,PAU,PURNA JN,1819,31,55,07:05:00,23:10:00,17610,1,1,1,0,0,0
18029,MUMBAI LTT [Kurla] - KOLKATA SALIMAR Exp,Exp,Express,SER,LTT,LOKMANYA TILAK TERM,SHM,KOLKATA SHALIMAR,1951,38,25,12:15:00,21:50:00,18030,1,1,1,0,0,0
18048-Slip,Amaravati Express,Exp,Express,SCR,VSG,VASCO DA GAMA,KCG,KACHEGUDA,853,21,50,05:00:00,07:10:00,,1,0,1,0,0,0
18101,Tatanagar Jammu Tawi Express,Exp,Express,SER,TATA,TATANAGAR JN,JAT,JAMMU TAWI,2026,46,50,13:40:00,14:50:00,18102-Slip,1,1,1,0,0,0
18102-Slip,Jammu-Tata Muri Express Slip,Exp,Express,SER,JAT,JAMMU TAWI,TATA,TATANAGAR JN,2026,43,50,10:20:00,14:30:00,18101,1,1,1,0,0,0
18103,Jallianwalabagh Express,Exp,Express,SER,TATA,TATANAGAR JN,ASR,AMRITSAR JN,1749,33,15,06:30:00,21:15:00,18104,1,1,1,0,0,0
18181,Tata-Chapra Express,Exp,Express,SER,TATA,TATANAGAR JN,CPR,CHHAPRA,636,18,45,16:20:00,21:35:00,18182,1,1,0,0,0,0
18181-Slip,Tata-Chapra Express Slip,Exp,Express,SER,TATA,TATANAGAR JN,KIR,KATIHAR JN,600,16,45,14:20:00,21:35:00,,1,1,0,0,0,0
18182,Chhapra-Tata Express,Exp,Express,SER,CPR,CHHAPRA,TATA,TATANAGAR JN,636,17,50,06:40:00,12:50:00,18181,1,1,0,0,0,0
18183,Tata-Danapur Express,Exp,Express,SER,TATA,TATANAGAR JN,DNR,DANAPUR,512,11,27,19:22:00,07:55:00,18184,0,0,0,0,0,1
18184,Danapur-Tatanagar Express,Exp,Express,SER,DNR,DANAPUR,TATA,TATANAGAR JN,512,11,10,17:10:00,06:00:00,18183,0,0,0,0,0,1
18189,Tatanagar- Alappuzha (Alleppey) Express,Exp,Express,SER,TATA,TATANAGAR JN,ALLP,ALLEPPEY,2358,52,40,20:25:00,15:45:00,,1,1,1,0,0,0
18202,Nautanwa-Durg Nautanwa Express,Exp,Express,SECR,NTV,Nautanwa,DURG,DURG,1224,27,30,14:20:00,10:50:00,18201,1,1,1,0,0,0
18203,Betwa Express,Exp,Express,SECR,DURG,DURG,CNB,KANPUR CENTRAL,885,17,25,13:05:00,19:40:00,18204,1,1,1,0,0,0
18204,Betwa Express,Exp,Express,SECR,CNB,KANPUR CENTRAL,DURG,DURG,885,18,50,13:10:00,18:20:00,18203,1,1,1,0,0,0
18206,Nautanwa-Durg Express,Exp,Express,SECR,NTV,Nautanwa,DURG,DURG,1152,29,10,13:10:00,08:00:00,18205,1,1,1,0,0,0
18233,INDORE - BILASPUR Narmada Exp,Exp,Express,SECR,INDB,INDORE JN BG,BSP,BILASPUR JN,1010,24,35,17:25:00,16:50:00,18234,1,1,1,1,0,0
18234,BILASPUR - INDORE Narmada Exp,Exp,Express,SECR,BSP,BILASPUR JN,INDB,INDORE JN BG,1010,24,45,10:40:00,09:55:00,18233,1,1,1,1,0,0
18237,Chhattisgarh Express,Exp,Express,SECR,BSP,BILASPUR JN,ASR,AMRITSAR JN,2008,41,55,08:10:00,14:15:00,18238,1,1,1,1,0,0
18238,Chhattisgarh Express,Exp,Express,SECR,ASR,AMRITSAR JN,BSP,BILASPUR JN,2022,44,5,12:20:00,16:15:00,18237,1,1,1,1,0,0
18238-Slip,Chhattisgarh Express Slip,Exp,Express,SECR,ASR,AMRITSAR JN,CWA,Chhindwara Junction,1557,36,15,04:30:00,16:15:00,,1,1,1,1,0,0
18242,Ambikapur Durg Express Cum Passenger,Exp,Express,SECR,ABKP,AMBIKAPUR,DURG,DURG,469,11,35,09:10:00,21:35:00,18241,1,1,1,0,0,0
18302-Slip,Sambalpur Express Slip,Exp,Express,?,RGDA,RAYAGADA,PURI,PURI,695,16,45,07:15:00,14:30:00,,1,0,0,0,0,0
18401,Puri - Okha (Weekly) Express,Exp,Express,ECoR,PURI,PURI,OKHA,OKHA,2779,54,30,15:15:00,08:45:00,18402,1,1,1,0,0,0
18410,Sri Jagannath Express,Exp,Express,ECoR,PURI,PURI,HWH,HOWRAH JN,502,9,20,08:10:00,22:50:00,18409,1,1,1,0,0,0
18417,Jharsuguda-Bhubaneswar Rajya Rani Express,Exp,Express,ECoR,JSG,JHARSUGUDA JN,BBS,BHUBANESWAR,341,8,30,07:35:00,23:05:00,18418,1,1,1,0,0,0
18418,Bhubaneswar-Jharsuguda Rajya Rani Express,Exp,Express,ECoR,BBS,BHUBANESWAR,JSG,JHARSUGUDA JN,341,7,25,06:30:00,23:05:00,18417,1,1,1,0,0,0
18447,Hirakhand Express,Exp,Express,ECoR,BBS,BHUBANESWAR,JDB,JAGDALPUR,785,17,5,12:40:00,19:35:00,18448,1,1,1,0,0,0
18447-Slip,Hirakhand Express Slip,Exp,Express,?,BBS,BHUBANESWAR,KRDL,Kirandul,935,25,45,21:20:00,19:35:00,,1,0,0,0,0,0
18448,Hirakhand Express,Exp,Express,ECoR,JDB,JAGDALPUR,BBS,BHUBANESWAR,785,16,55,08:25:00,15:30:00,18447,1,1,1,0,0,0
18449,Baidyanathdham Express,Exp,Express,ECoR,PURI,PURI,PNBE,PATNA JN,937,19,55,10:00:00,14:05:00,18450,1,1,1,0,0,0
18450,Baidyanathdham Express,Exp,Express,ECoR,PNBE,PATNA JN,PURI,PURI,928,18,25,03:20:00,08:55:00,18449,1,1,1,0,0,0
18452,PURI - HATIA Tapaswini Exp,Exp,Express,ECoR,PURI,PURI,HTE,HATIA,691,15,0,11:40:00,20:40:00,18451,1,1,1,1,0,0
18463,Prasanti Express,Exp,Express,ECoR,BBS,BHUBANESWAR,SBC,BANGALORE CITY JN,1546,30,20,12:05:00,05:45:00,18464,1,1,1,0,0,0
18464,Prasanti Express,Exp,Express,ECoR,SBC,BANGALORE CITY JN,BBS,BHUBANESWAR,1546,30,45,20:45:00,14:00:00,18463,1,1,1,0,0,0
18495,Rameswaram-Bhubaneswar Express,Exp,Express,ECoR,RMM,RAMESWARAM,BBS,BHUBANESWAR,1892,34,45,18:45:00,08:00:00,18496,1,1,1,0,0,0
18496,Bhubaneswar-Rameswaram Weekly Express,Exp,Express,ECoR,BBS,BHUBANESWAR,RMM,RAMESWARAM,1892,35,55,23:55:00,12:00:00,18495,1,1,1,0,0,0
18602,Jammu Tawi-Rourkela Express,Exp,Express,SER,MURI,MURI,HTE,HATIA,67,1,45,10:05:00,08:20:00,,1,1,1,0,0,0
18604,Bhagalpur Ranchi Express,Exp,Express,SER,BGP,BHAGALPUR,RNC,RANCHI,507,12,40,05:35:00,16:55:00,18603,1,1,0,0,0,0
18605,Ranchi-Jaynagar Express,Exp,Express,SER,RNC,RANCHI,JYG,JAYNAGAR,612,14,55,11:35:00,20:40:00,18606,1,1,1,0,0,0
12610,BANGALORE - CHENNAI CENT SF Intercity Exp,SF,Superfast,SWR,SBC,BANGALORE CITY JN,MAS,CHENNAI CENTRAL,362,6,30,14:30:00,08:00:00,12609,0,0,0,0,0,1
13303,Dhanbad Ranchi InterCity Express,Exp,Express,ECR,DHN,DHANBAD JN,RNC,RANCHI,162,4,25,10:05:00,05:40:00,13304,0,0,0,0,0,0
16526,BANGALORE - KANNIYAKUMARI Island Exp,Exp,Express,SWR,SBC,BANGALORE CITY JN,CAPE,KANYAKUMARI,944,21,20,19:00:00,21:40:00,16525,1,1,1,0,0,0
18210,Raipur Dalli Rajhara Express,Exp,Express,SECR,R,RAIPUR JN,DRZ,Dalli Rajhara,126,3,35,22:15:00,18:40:00,18209,0,0,0,0,0,0
18309,Nagavali Express,Exp,Express,ECoR,SBP,SAMBALPUR,NED,HUZUR SAHIB NANDED,1479,29,35,14:35:00,09:00:00,18310,1,1,1,0,0,0
18402,Okha Puri Weekly Express,Exp,Express,ECoR,OKHA,OKHA,PURI,PURI,2779,51,0,10:45:00,07:45:00,18401,1,1,1,0,0,0
18405,PURI - AHMEDABAD Exp,Exp,Express,ECoR,PURI,PURI,ADI,AHMEDABAD JN,1992,37,15,07:25:00,18:10:00,18406,1,1,1,0,0,0
18406,AHMEDABAD - PURI Exp,Exp,Express,ECoR,ADI,AHMEDABAD JN,PURI,PURI,1992,39,35,09:35:00,18:00:00,18405,1,1,1,0,0,0
18413,Paradip Puri InterCity Express,Exp,Express,ECoR,PRDP,Paradip,PURI,PURI,174,4,45,22:45:00,18:00:00,18414,0,0,0,0,0,1
18414,Puri Paradip InterCity Express,Exp,Express,ECoR,PURI,PURI,PRDP,Paradip,174,4,10,10:10:00,06:00:00,18413,0,0,0,0,0,1
18415,Banspani-Puri InterCity,Exp,Express,ECoR,BSPX,Banspani,PURI,PURI,334,7,27,21:45:00,14:18:00,18416,0,0,0,0,0,1
18416,Puri-Banspani InterCity,Exp,Express,ECoR,PURI,PURI,BSPX,Banspani,334,8,0,14:00:00,06:00:00,18415,0,0,0,0,0,1
18419,Puri-Darbhanga Weekly Express,Exp,Express,ECoR,PURI,PURI,DBG,DARBHANGA JN,942,21,5,11:10:00,14:05:00,18420,1,1,1,0,0,0
18420,Darbhanga-Puri Weekly Express,Exp,Express,ECoR,DBG,DARBHANGA JN,PURI,PURI,942,20,20,03:20:00,07:00:00,18419,1,1,1,0,0,0
18425,PURI - DURG Exp,Exp,Express,ECoR,PURI,PURI,DURG,DURG,786,16,0,09:45:00,17:45:00,18426,1,1,1,0,0,0
18426,DURG - PURI Exp,Exp,Express,ECoR,DURG,DURG,PURI,PURI,786,16,50,09:15:00,16:25:00,18425,1,1,1,0,0,0
18452-Slip,Tapaswini Express Slip,Exp,Express,?,PURI,PURI,RGDA,RAYAGADA,696,16,40,13:20:00,20:40:00,18451,1,0,0,0,0,0
18473,PURI - JODHPUR Express,Exp,Express,ECoR,PURI,PURI,JU,JODHPUR JN,2433,46,30,12:00:00,13:30:00,18474,1,1,1,1,0,0
18477,Utkal Express,Exp,Express,ECoR,PURI,PURI,HW,HARIDWAR JN,2379,47,30,20:30:00,21:00:00,18478,1,1,1,0,0,0
18478,Utkal Express,Exp,Express,ECoR,HW,HARIDWAR JN,PURI,PURI,2378,48,35,06:35:00,06:00:00,18477,1,1,1,0,0,0
18507,VISAKHAPATNAM - AMRITSAR Hirakud Exp,Exp,Express,ECoR,VSKP,VISHAKAPATNAM,ASR,AMRITSAR JN,2574,48,5,23:55:00,23:50:00,18508,1,1,1,0,0,0
18509,Visakhapatnam-Nanded Express,Exp,Express,ECoR,VSKP,VISHAKAPATNAM,NED,HUZUR SAHIB NANDED,973,18,55,14:35:00,19:40:00,18510,1,1,1,0,0,0
18510,Nanded-Visakhapatnam Express,Exp,Express,ECoR,NED,HUZUR SAHIB NANDED,VSKP,VISHAKAPATNAM,973,18,0,10:15:00,16:15:00,18509,1,1,1,0,0,0
18517,Korba Visakhapatnam Express,Exp,Express,ECoR,KRBA,Korba,VSKP,VISHAKAPATNAM,731,15,20,07:50:00,16:30:00,18518,1,1,1,0,0,0
18518,Visakhapatnam-Korba Express,Exp,Express,ECoR,VSKP,VISHAKAPATNAM,KRBA,Korba,728,15,10,11:10:00,20:00:00,18517,1,1,1,0,0,0
18601,Rourkela-JammuTawi Express,Exp,Express,SER,ROU,ROURKELA,JAT,JAMMU TAWI,2158,50,25,13:40:00,11:15:00,,1,1,1,0,0,0
18603,Ranchi-Bhagalpur Tri-Weekly Express,Exp,Express,SER,RNC,RANCHI,BGP,BHAGALPUR,514,12,50,04:00:00,15:10:00,18604,1,1,0,0,0,0
18606,Jaynagar-Ranchi Express,Exp,Express,SER,JYG,JAYNAGAR,RNC,RANCHI,612,14,30,10:20:00,19:50:00,18605,1,1,1,0,0,0
18617,Howrah-Ranchi Intercity,Exp,Express,SER,HWH,HOWRAH JN,RNC,RANCHI,462,7,55,23:00:00,15:05:00,18618,0,0,0,0,0,1
18621,Patliputra Express,Exp,Express,SER,PNBE,PATNA JN,HTE,HATIA,547,13,40,05:05:00,15:25:00,18622,1,1,1,0,0,0
18624,Hatia-Rajendranagar Express,Exp,Express,SER,HTE,HATIA,RJPB,RAJENDRA NAGAR BIHAR,421,11,50,06:55:00,19:05:00,18623,1,1,1,1,0,0
18625,Patna-Hatia Super Express,Exp,Express,SER,PNBE,PATNA JN,HTE,HATIA,418,9,15,20:55:00,11:40:00,18626,0,0,0,0,0,1
18626,Hatia-Patna Super Express,Exp,Express,SER,HTE,HATIA,PNBE,PATNA JN,415,9,30,15:40:00,06:10:00,18625,0,0,0,0,0,1
18627,Howrah-Ranchi InterCity Express,Exp,Express,SER,HWH,HOWRAH JN,RNC,RANCHI,423,8,0,22:15:00,14:15:00,18628,0,0,0,0,0,1
18628,Ranchi-Howrah InterCity Express,Exp,Express,SER,RNC,RANCHI,HWH,HOWRAH JN,423,7,55,13:40:00,05:45:00,18627,0,0,0,0,0,1
18646,East Coast Express,Exp,Express,SER,HYB,HYDERABAD DECCAN,HWH,HOWRAH JN,1592,30,10,16:10:00,10:00:00,18645,1,1,1,0,0,0
19005,Saurashtra Mail,Mail,Mail/Express,WR,BCT,Mumbai Central,OKHA,OKHA,990,19,35,16:00:00,20:25:00,19006,1,1,1,1,0,0
19005-Slip,Saurashtra Mail,Mail,Mail/Express,WR,BCT,Mumbai Central,VRL,VERAVAL,923,19,20,15:45:00,20:25:00,,1,1,1,1,0,0
19006,Saurashtra Mail,Mail,Mail/Express,WR,OKHA,OKHA,BCT,Mumbai Central,990,19,15,07:40:00,12:25:00,19005,1,1,1,1,0,0
19017,Saurashtra Janata Express,Exp,Express,WR,BDTS,MUMBAI BANDRA TERMINUS,JAM,JAMNAGAR,812,15,55,09:30:00,17:35:00,19018,1,1,1,0,0,0
19039,Awadh Express,Exp,Express,WR,BDTS,MUMBAI BANDRA TERMINUS,MFP,MUZAFFARPUR JN,2153,47,10,21:50:00,22:40:00,19040,1,1,1,0,0,0
19040,Awadh Express,Exp,Express,WR,MFP,MUZAFFARPUR JN,BDTS,MUMBAI BANDRA TERMINUS,2153,46,25,04:40:00,06:15:00,19039,1,1,1,0,0,0
19049,MUMBAI BANDRA T - PATNA Exp,Exp,Express,WR,BDTS,MUMBAI BANDRA TERMINUS,PNBE,PATNA JN,1845,35,45,03:30:00,15:45:00,19050,1,1,1,0,0,0
19050,PATNA - MUMBAI BANDRA T Exp,Exp,Express,WR,PNBE,PATNA JN,BDTS,MUMBAI BANDRA TERMINUS,1845,34,10,09:20:00,23:10:00,19049,1,1,1,0,0,0
19051,VALSAD - MUZAFFARPUR Shramik Exp,Exp,Express,WR,BL,VALSAD,MFP,MUZAFFARPUR JN,1729,33,50,05:30:00,19:40:00,19052,1,1,1,0,0,0
19052,MUZAFFARPUR - VALSAD Shramik Exp,Exp,Express,WR,MFP,MUZAFFARPUR JN,BL,VALSAD,1732,32,35,05:25:00,20:50:00,19051,1,1,1,0,0,0
19053,SURAT - MUZAFFARPUR Exp,Exp,Express,WR,ST,SURAT,MFP,MUZAFFARPUR JN,2135,47,0,04:30:00,05:30:00,19054,1,1,0,0,0,0
19054,MUZAFFARPUR - SURAT Exp,Exp,Express,WR,MFP,MUZAFFARPUR JN,ST,SURAT,2136,45,40,17:10:00,19:30:00,19053,1,1,0,0,0,0
56523,KSR BENGALURU CITY - HINDUPUR Passenger,Pass,Passenger,SWR,SBC,BANGALORE CITY JN,HUP,HINDUPUR,101,2,55,21:35:00,18:40:00,56524,0,0,0,0,0,0
12904,Golden Temple Mail,SF,Superfast,WR,ASR,AMRITSAR JN,BCT,Mumbai Central,1891,32,10,05:35:00,21:25:00,12903,1,1,1,1,0,0
13006,Amritsar Howrah Mail,Mail,Mail/Express,ER,ASR,AMRITSAR JN,HWH,HOWRAH JN,1910,36,35,07:20:00,18:45:00,13005,1,1,1,1,0,0
18609,RANCHI - MUMBAI LTT Exp,Exp,Express,SER,RNC,RANCHI,LTT,LOKMANYA TILAK TERM,2012,39,0,12:05:00,21:05:00,18610,1,1,1,0,0,0
18610,MUMBAI LTT - RANCHI Exp,Exp,Express,SER,LTT,LOKMANYA TILAK TERM,RNC,RANCHI,2012,39,35,07:25:00,15:50:00,18609,1,1,1,0,0,0
18611,Ranchi-Varanasi Express,Exp,Express,SER,RNC,RANCHI,BSB,VARANASI JN,572,12,45,08:55:00,20:10:00,18612,1,0,0,0,0,0
18613,Ranchi Chopan Express,Exp,Express,SER,RNC,RANCHI,CPU,CHOPAN,480,9,35,17:25:00,07:50:00,18614,0,0,0,0,0,0
18614,Chopan Ranchi Express,Exp,Express,SER,CPU,CHOPAN,RNC,RANCHI,473,11,15,20:20:00,09:05:00,18613,0,0,0,0,0,0
18615,HOWRAH - HATIA Kriya Yoga Express,Exp,Express,SER,HWH,HOWRAH JN,HTE,HATIA,423,9,15,07:35:00,22:20:00,18616,1,1,1,1,0,0
18622,Patliputra Express,Exp,Express,SER,HTE,HATIA,PNBE,PATNA JN,547,14,20,12:25:00,22:05:00,18621,1,1,1,0,0,0
18623,Patna Rajendra Nagar-Hatia Express,Exp,Express,SER,RJPB,RAJENDRA NAGAR BIHAR,HTE,HATIA,421,11,25,08:45:00,21:20:00,18624,1,1,1,1,0,0
18623-Slip,Hatia Express Slip,Exp,Express,?,RJPB,RAJENDRA NAGAR BIHAR,BRKA,BARKAKANA,365,11,15,08:35:00,21:20:00,,1,0,0,0,0,0
18631,Ranchi Garib Nawaz Express,Exp,Express,SER,RNC,RANCHI,AII,AJMER JN,1671,33,10,05:20:00,20:10:00,18632,1,1,0,0,0,0
18632,Garib Nawaz Express,Exp,Express,SER,AII,AJMER JN,RNC,RANCHI,1671,32,45,04:15:00,19:30:00,18631,1,1,0,0,0,0
19011,Gujarat Express,Exp,Express,WR,BCT,Mumbai Central,ADI,AHMEDABAD JN,491,9,20,15:05:00,05:45:00,19012,0,0,0,0,1,1
19012,Gujarat Express,Exp,Express,WR,ADI,AHMEDABAD JN,BCT,Mumbai Central,491,9,30,16:30:00,07:00:00,19011,0,0,0,0,1,1
19018,Saurashtra Janata Express,Exp,Express,WR,JAM,JAMNAGAR,BDTS,MUMBAI BANDRA TERMINUS,812,16,5,05:45:00,13:40:00,19017,1,1,1,0,0,0
19019,Bandra T - Dehradun Express,Exp,Express,WR,BDTS,MUMBAI BANDRA TERMINUS,DDN,DEHRADUN,1682,41,55,17:35:00,23:40:00,19020,1,1,1,0,0,0
19020,Dehradun - Bandra Terminus Express,Exp,Express,WR,DDN,DEHRADUN,BDTS,MUMBAI BANDRA TERMINUS,1682,41,45,04:25:00,10:40:00,19019,1,1,1,0,0,0
19023,Mumbai Firozpur Janata Express,Exp,Express,WR,BCT,Mumbai Central,FZR,FIROZPUR CANT,1772,38,55,22:20:00,07:25:00,19024,1,0,0,0,0,0
19024,Firozpur Mumbai Janata Express,Exp,Express,WR,FZR,FIROZPUR CANT,BCT,Mumbai Central,1770,39,40,20:10:00,04:30:00,19023,1,0,0,0,0,0
19025-Slip,Surat Bhavnagar Express Slip Slip,Exp,Express,WR,ST,SURAT,BVC,BHAVNAGAR TERMINUS,526,11,55,17:25:00,05:30:00,,1,1,0,0,0,0
19026,Bhavnagar Surat (Slip) Express,Exp,Express,WR,MHV,MAHUVA JN,ST,SURAT,629,12,15,07:40:00,19:25:00,19025,1,0,0,0,0,0
19037,Awadh Express,Exp,Express,WR,BDTS,MUMBAI BANDRA TERMINUS,GKP,GORAKHPUR JN,1844,39,0,13:40:00,22:40:00,19038,1,1,1,0,0,0
19038,Awadh Express,Exp,Express,WR,GKP,GORAKHPUR JN,BDTS,MUMBAI BANDRA TERMINUS,1844,39,25,04:40:00,13:15:00,19037,1,1,1,0,0,0
19048,BHAGALPUR - SURAT Tapti Ganga Exp,Exp,Express,WR,BGP,BHAGALPUR,ST,SURAT,1826,33,35,18:50:00,09:15:00,19047,1,1,0,0,0,0
19059,Surat-Jamnagar InterCity Express,Exp,Express,WR,ST,SURAT,JAM,JAMNAGAR,561,10,24,23:59:00,13:35:00,19060,0,0,0,0,1,1
19060,Jamnagar-Surat InterCity Express,Exp,Express,WR,JAM,JAMNAGAR,ST,SURAT,561,10,10,14:55:00,04:45:00,19059,0,0,0,0,1,1
19113,Bhilad Vadodara Express,Exp,Express,WR,BLD,BHILAD,BRC,VADODARA JN,236,4,30,20:45:00,16:15:00,19114,0,0,0,0,0,0
19114,Vadodara Bhilad Express,Exp,Express,WR,BRC,VADODARA JN,BLD,BHILAD,236,4,30,11:40:00,07:10:00,19113,0,0,0,0,0,0
19116,BHUJ - MUMBAI BANDRA Sayaji Nagari Exp,Exp,Express,WR,BHUJ,BHUJ,BDTS,MUMBAI BANDRA TERMINUS,839,15,40,13:55:00,22:15:00,19115,1,1,1,0,0,0
19132,BHUJ - MUMBAI BANDRA Kutch Exp,Exp,Express,WR,BHUJ,BHUJ,BDTS,MUMBAI BANDRA TERMINUS,839,15,40,11:30:00,19:50:00,19131,1,1,1,0,0,0
19151,PALANPUR - GANDHIDHAM Exp,Exp,Express,WR,PNU,PALANPUR JN,GIMB,GANDHIDHAM BG,301,6,30,21:25:00,14:55:00,19152,0,0,0,0,0,0
19152,GANDHIDHAM - PALANPUR Exp,Exp,Express,WR,GIMB,GANDHIDHAM BG,PNU,PALANPUR JN,301,7,0,12:45:00,05:45:00,19151,0,0,0,0,0,0
19215,Saurashtra Express,Exp,Express,WR,BCT,Mumbai Central,PBR,PORBANDAR,955,21,30,05:50:00,08:20:00,19216,1,1,0,0,1,0
19216,Saurashtra Express,Exp,Express,WR,PBR,PORBANDAR,BCT,Mumbai Central,955,22,10,19:15:00,21:05:00,19215,1,1,0,0,1,0
19223,AHMEDABAD - JAMMU TAWI Exp,Exp,Express,WR,ADI,AHMEDABAD JN,JAT,JAMMU TAWI,1476,32,15,19:35:00,11:20:00,19224,1,1,1,0,0,0
19224,JAMMU TAWI - AHMEDABAD Exp,Exp,Express,WR,JAT,JAMMU TAWI,ADI,AHMEDABAD JN,1476,31,20,15:00:00,07:40:00,19223,1,1,1,0,0,0
19225,Bhatinda Jammu Tawi Express,Exp,Express,WR,BTI,BHATINDA JN,JAT,JAMMU TAWI,490,11,35,06:15:00,18:40:00,19226,1,1,1,0,0,0
19226,Jammu Tawi Bhatinda Express,Exp,Express,WR,JAT,JAMMU TAWI,BTI,BHATINDA JN,490,12,5,09:30:00,21:25:00,19225,1,1,1,0,0,0
19259,KOCHUVELI - BHAVNAGAR Exp,Exp,Express,WR,KCVL,KOCHUVELI,BVC,BHAVNAGAR TERMINUS,2569,45,45,13:00:00,15:15:00,19260,1,1,1,0,0,0
19260,BHAVNAGAR - KOCHUVELI Exp,Exp,Express,WR,BVC,BHAVNAGAR TERMINUS,KCVL,KOCHUVELI,2569,45,45,03:10:00,05:25:00,19259,1,1,1,0,0,0
19263,Porbandar-Delhi Sarai Rohilla (Biweekly) Express,Exp,Express,WR,PBR,PORBANDAR,DEE,DELHI SARAI ROHILLA,1392,28,30,19:35:00,15:05:00,19264,1,1,1,0,0,0
19264,Delhi SaraiRohilla-Porbandar Express,Exp,Express,WR,DEE,DELHI SARAI ROHILLA,PBR,PORBANDAR,1392,28,35,12:55:00,08:20:00,19263,1,1,1,0,0,0
19269,Porbandar Muzaffarpur Express,Exp,Express,WR,PBR,PORBANDAR,MFP,MUZAFFARPUR JN,2470,51,5,18:10:00,15:05:00,19270,1,1,1,0,0,0
19270,Muzaffarpur-Porbandar Express,Exp,Express,WR,MFP,MUZAFFARPUR JN,PBR,PORBANDAR,2470,50,25,17:25:00,15:00:00,19269,1,1,1,0,0,0
19305,Shipra Express,Exp,Express,WR,INDB,INDORE JN BG,HWH,HOWRAH JN,1754,31,15,06:45:00,23:30:00,19306,1,1,1,0,0,0
19309,Shanti Express,Exp,Express,WR,GNC,Gandhinagar Capital,INDB,INDORE JN BG,571,11,40,06:05:00,18:25:00,19310,1,1,1,0,0,0
19310,Shanti Express,Exp,Express,WR,INDB,INDORE JN BG,GNC,Gandhinagar Capital,571,11,15,10:00:00,22:45:00,19309,1,1,1,0,0,0
19313,Indore-Patna Express,Exp,Express,WR,INDB,INDORE JN BG,PNBE,PATNA JN,1357,26,20,16:20:00,14:00:00,,1,1,1,0,0,0
14604,AMRITSAR - SAHARSA Jan Sadharan Exp,Exp,Express,NR,ASR,AMRITSAR JN,SHC,SAHARSA JN,1580,30,55,20:00:00,13:05:00,14603,0,0,0,0,0,0
15708,Amrapali Express,Exp,Express,NFR,ASR,AMRITSAR JN,KIR,KATIHAR JN,1805,36,55,20:10:00,07:15:00,15707,1,1,1,0,0,0
18451,HATIA - PURI Tapaswini Exp,Exp,Express,ECoR,HTE,HATIA,PURI,PURI,691,15,10,07:15:00,16:05:00,18452,1,1,1,1,0,0
19105,Ahmedabad-Haridwar Mail,Mail,Mail/Express,WR,ADI,AHMEDABAD JN,HW,HARIDWAR JN,1208,26,10,12:15:00,10:05:00,19106,1,1,1,1,0,0
19107,Ahmedabad-Udhampur Janmabhoomi Express,Exp,Express,WR,ADI,AHMEDABAD JN,UHP,UDHAMPUR,1539,33,15,17:20:00,08:05:00,19108,1,1,1,1,0,0
19108,Udhampur-Ahmedabad Janmabhoomi Express,Exp,Express,WR,UHP,UDHAMPUR,ADI,AHMEDABAD JN,1539,34,10,07:00:00,20:50:00,19107,1,1,1,1,0,0
19109,Gujarat Queen Express,Exp,Express,WR,BL,VALSAD,ADI,AHMEDABAD JN,298,6,10,10:15:00,04:05:00,19110,0,0,0,0,1,1
19110,Gujarat Queen Express,Exp,Express,WR,ADI,AHMEDABAD JN,BL,VALSAD,298,6,20,00:30:00,18:10:00,19109,0,0,0,0,1,1
19119,Ahmedabad Somnath Intercity Express,Exp,Express,WR,ADI,AHMEDABAD JN,VRL,VERAVAL,430,9,0,19:30:00,10:30:00,19120,0,0,0,0,0,0
19120,Somnath Ahmedabad Intercity Express,Exp,Express,WR,SMNH,SOMNATH,ADI,AHMEDABAD JN,435,9,40,16:10:00,06:30:00,19119,0,0,0,0,0,0
19129,Baroda Ahmedabad Express,Exp,Express,WR,BRC,VADODARA JN,ADI,AHMEDABAD JN,100,2,15,20:30:00,18:15:00,19130,0,0,0,0,0,0
19130,Ahmedabad Baroda Express,Exp,Express,WR,ADI,AHMEDABAD JN,BRC,VADODARA JN,100,2,35,17:15:00,14:40:00,19129,0,0,0,0,0,0
19143,Lokshakti Express,Exp,Express,WR,BDTS,MUMBAI BANDRA TERMINUS,ADI,AHMEDABAD JN,481,9,10,04:50:00,19:40:00,19144,1,1,1,0,0,0
19144,Lokshakti Express,Exp,Express,WR,ADI,AHMEDABAD JN,BDTS,MUMBAI BANDRA TERMINUS,481,9,0,06:05:00,21:05:00,19143,1,1,1,0,0,0
19165,Sabarmati Express,Exp,Express,WR,ADI,AHMEDABAD JN,DBG,DARBHANGA JN,1944,46,25,19:15:00,20:50:00,19166,1,0,1,0,0,0
19166,Sabarmati Express,Exp,Express,WR,DBG,DARBHANGA JN,ADI,AHMEDABAD JN,1944,47,25,04:00:00,04:35:00,19165,1,0,1,0,0,0
19167,Sabarmati Express,Exp,Express,WR,ADI,AHMEDABAD JN,BSB,VARANASI JN,1598,37,0,09:50:00,20:50:00,19168,1,0,1,0,0,0
19168,Sabarmati Express,Exp,Express,WR,BSB,VARANASI JN,ADI,AHMEDABAD JN,1598,38,5,04:00:00,13:55:00,19167,1,0,1,0,0,0
19221,Ahmedabad-Veraval Somnath Express,Exp,Express,WR,ADI,AHMEDABAD JN,VRL,VERAVAL,432,8,20,06:20:00,22:00:00,19222,1,1,1,0,0,0
19222,Veraval-Ahmedabad Somnath Express,Exp,Express,WR,VRL,VERAVAL,ADI,AHMEDABAD JN,432,8,20,04:00:00,19:40:00,19221,1,1,1,0,0,0
19311,Pune Indore Express,Exp,Express,WR,PUNE,PUNE JN,INDB,INDORE JN BG,972,18,10,09:30:00,15:20:00,19312,1,1,1,0,0,0
19312,Indore Pune Express,Exp,Express,WR,INDB,INDORE JN BG,PUNE,PUNE JN,972,18,10,08:10:00,14:00:00,19311,1,1,1,0,0,0
19314,Patna Indore Express,Exp,Express,WR,RJPB,RAJENDRA NAGAR BIHAR,INDB,INDORE JN BG,1359,28,10,15:20:00,11:10:00,,1,1,1,0,0,0
19322,Patna-Indore Express,Exp,Express,WR,RJPB,RAJENDRA NAGAR BIHAR,INDB,INDORE JN BG,1400,28,10,15:20:00,11:10:00,19321,1,1,1,0,0,0
19323,Indore Habibganj InterCity Express,Exp,Express,WR,INDB,INDORE JN BG,HBJ,HABIBGANJ,224,4,0,10:55:00,06:55:00,19324,0,0,0,0,0,1
19565,Uttaranchal Express,Exp,Express,WR,OKHA,OKHA,DDN,DEHRADUN,1680,35,20,19:00:00,07:40:00,19566,1,0,1,0,0,0
19566,Uttranchal Express,Exp,Express,WR,DDN,DEHRADUN,OKHA,OKHA,1680,34,35,16:35:00,06:00:00,19565,1,0,1,0,0,0
19571,Rajkot-Porbandar Express,Exp,Express,WR,RJT,RAJKOT JN,PBR,PORBANDAR,202,4,40,12:00:00,07:20:00,19572,0,0,0,0,0,1
19572,Porbandar-Rajkot Express,Exp,Express,WR,PBR,PORBANDAR,RJT,RAJKOT JN,202,4,10,18:45:00,14:35:00,19571,0,0,0,0,0,1
19601,Ajmer New Jalpaiguri Weekly Express,Exp,Express,NWR,AII,AJMER JN,NJP,NEW JALPAIGURI,1936,36,5,18:35:00,06:30:00,19602,1,1,1,0,0,0
19602,New Jalpaiguri Ajmer Weekly Express,Exp,Express,NWR,NJP,NEW JALPAIGURI,AII,AJMER JN,1936,37,15,21:30:00,08:15:00,19601,1,1,1,0,0,0
19603,Ajmer-Sultanpur Weekly Express,Exp,Express,NWR,AII,AJMER JN,SLN,SULTANPUR,1068,20,30,12:35:00,16:05:00,19604,1,1,1,0,0,0
19604,Sultanpur Ajmer Express,Exp,Express,NWR,SLN,SULTANPUR,AII,AJMER JN,1068,20,30,14:05:00,17:35:00,19603,1,1,1,0,0,0
19657,Indore Jn - Udaipur Express,Exp,Express,NWR,INDB,INDORE JN BG,UDZ,UDAIPUR CITY,479,10,55,19:00:00,08:05:00,19658,1,1,1,0,0,0
19658,Udaipur Indore Express,Exp,Express,NWR,UDZ,UDAIPUR CITY,INDB,INDORE JN BG,479,12,0,08:35:00,20:35:00,19657,1,1,1,0,0,0
19707,Aravalli Express,Exp,Express,NWR,BDTS,MUMBAI BANDRA TERMINUS,JP,JAIPUR,1106,21,45,18:45:00,21:00:00,19708,1,1,1,0,0,0
19708,Aravalli Express,Exp,Express,NWR,JP,JAIPUR,BDTS,MUMBAI BANDRA TERMINUS,1106,21,45,06:45:00,09:00:00,19707,1,1,1,0,0,0
19709,JAIPUR - KAMAKHYA Kavi Guru Exp,Exp,Express,NWR,JP,JAIPUR,KYQ,KAMAKHYA,2212,48,5,23:40:00,23:35:00,19710,1,1,1,0,0,0
19710,KAMAKHYA - JAIPUR Kavi Guru Exp,Exp,Express,NWR,KYQ,KAMAKHYA,JP,JAIPUR,2212,46,40,17:55:00,19:15:00,19709,1,1,1,0,0,0
19711,Jaipur-Bhopal Express,Exp,Express,NWR,JP,JAIPUR,BPL,BHOPAL JN,790,17,50,11:25:00,17:35:00,19712,1,1,1,0,0,0
19712,Bhopal Jaipur Express,Exp,Express,NWR,BPL,BHOPAL JN,JP,JAIPUR,790,16,35,09:25:00,16:50:00,19711,1,1,1,0,0,0
19735,Intercity Express,Exp,Express,NWR,JP,JAIPUR,LHU,Loharu,229,6,10,19:40:00,13:30:00,19736,0,0,0,0,0,0
19771,Jaipur - Amritsar Express,Exp,Express,NWR,JP,JAIPUR,ASR,AMRITSAR JN,872,18,35,14:45:00,20:10:00,19772,1,1,0,0,0,0
19781,Jaipur-Amritsar Express,Exp,Express,NWR,JP,JAIPUR,ASR,AMRITSAR JN,713,14,20,10:30:00,20:10:00,19782,1,1,0,0,0,0
19801,Kota-Indore Intercity Express,Exp,Express,WCR,KOTA,KOTA JN,INDB,INDORE JN BG,433,7,50,14:20:00,06:30:00,19802,0,0,0,0,0,0
19802,Indore-Kota InterCity Express,Exp,Express,WCR,INDB,INDORE JN BG,KOTA,KOTA JN,433,8,35,23:25:00,14:50:00,19801,0,0,0,0,0,1
19943,UDAIPUR - AHMEDABAD Exp,Exp,Express,WR,UDZ,UDAIPUR CITY,ADI,AHMEDABAD JN,298,9,0,04:25:00,19:25:00,19944,1,0,1,0,0,0
19944,AHMEDABAD - UDAIPUR Exp,Exp,Express,WR,ADIJ,AHMEDABAD JN,UDZ,UDAIPUR CITY,298,9,5,08:05:00,23:00:00,19943,1,0,1,0,0,0
22112,Nagpur-Bhusaval SF Express,SF,Superfast,CR,NGP,NAGPUR,BSL,BHUSAVAL JN,604,10,25,17:45:00,07:20:00,22111,0,0,0,0,0,0
12946,MAHUVA - SURAT SF Exp,SF,Superfast,WR,MHV,MAHUVA JN,ST,SURAT,1409,25,15,18:50:00,17:35:00,12945,1,1,0,0,0,0
18104,Jallianwalabagh Express,Exp,Express,SER,ASR,AMRITSAR JN,TATA,TATANAGAR JN,1745,32,55,21:35:00,12:40:00,18103,1,1,1,0,0,0
18302,Sambalpur Express,Exp,Express,ECoR,RGDA,RAYAGADA,SBP,SAMBALPUR,322,6,30,21:00:00,14:30:00,18301,0,0,0,0,0,1
18303,SAMBALPUR - PURI Intercity Exp,Exp,Express,ECoR,SBP,SAMBALPUR,PURI,PURI,341,6,35,12:45:00,06:10:00,18304,0,1,0,0,0,1
19324,Habibganj Indore InterCity Express,Exp,Express,WR,HBJ,HABIBGANJ,INDB,INDORE JN BG,224,4,10,21:20:00,17:10:00,19323,0,0,0,0,0,1
19325,Indore Amritsar (Weekly) Express,Exp,Express,WR,INDB,INDORE JN BG,ASR,AMRITSAR JN,1344,27,15,20:45:00,17:30:00,19326,1,1,1,0,0,0
19326,Amritsar Indore Express,Exp,Express,WR,ASR,AMRITSAR JN,INDB,INDORE JN BG,1337,24,40,05:20:00,04:40:00,19325,1,1,1,0,0,0
19327,Ratlam Chittaurgarh Express,Exp,Express,WR,RTM,RATLAM JN,COR,CHITTAURGARH,189,4,10,21:50:00,17:40:00,19328,1,0,0,0,0,0
19328,Chittaurgarh Ratlam Express,Exp,Express,WR,COR,CHITTAURGARH,RTM,RATLAM JN,189,3,55,08:00:00,04:05:00,19327,1,0,0,0,0,0
19567,TUTICORIN - OKHA Exp,Exp,Express,WR,TN,TUTICORIN,OKHA,OKHA,2535,46,50,00:50:00,02:00:00,19568,1,1,1,0,0,0
19568,OKHA - TUTICORIN Exp,Exp,Express,WR,OKHA,OKHA,TN,TUTICORIN,2548,51,25,03:45:00,00:20:00,19567,1,1,1,0,0,0
19569,Okha Varanasi Express,Exp,Express,WR,OKHA,OKHA,BSB,VARANASI JN,2041,39,15,05:00:00,13:45:00,19570,1,1,1,0,0,0
19570,Varanasi Okha Weekly Express,Exp,Express,WR,BSB,VARANASI JN,OKHA,OKHA,2041,39,40,13:40:00,22:00:00,19569,1,1,1,0,0,0
19653,Ratlam-Ajmer Express,Exp,Express,NWR,RTM,RATLAM JN,AII,AJMER JN,375,7,30,13:55:00,06:25:00,19654,1,1,0,0,0,0
19654,Ajmer-Ratlam Express,Exp,Express,NWR,AII,AJMER JN,RTM,RATLAM JN,375,7,30,20:55:00,13:25:00,19653,1,1,0,0,0,0
19736,Loharu-Jaipur Intercity Express,Exp,Express,NWR,LHU,Loharu,JP,JAIPUR,229,6,55,13:15:00,06:20:00,19735,0,0,0,0,0,0
19772,Amritsar - Jaipur Express,Exp,Express,NWR,ASR,AMRITSAR JN,JP,JAIPUR,872,17,0,07:30:00,14:30:00,19771,1,1,0,0,0,0
19782,Amritsar-Jaipur Express,Exp,Express,NWR,ASR,AMRITSAR JN,JP,JAIPUR,713,13,40,07:30:00,17:50:00,19781,1,1,0,0,0,0
19911,Mahesana Ahmedabad InterCity Express,Exp,Express,WR,MSH,MAHESANA JN,ADI,AHMEDABAD JN,69,2,5,10:05:00,08:00:00,19912,0,0,0,0,0,0
19915,Mahesana Ahmedabad InterCity,Exp,Express,WR,MSH,MAHESANA JN,ADI,AHMEDABAD JN,69,2,5,20:20:00,18:15:00,19916,0,0,0,0,0,0
21028,Solapur-Gondia Slip Exp.,Mail,Mail/Express,CR,SUR,SOLAPUR JN,G,GONDIA JN,1132,25,55,20:15:00,18:20:00,,1,0,0,0,0,0
21107,Khajuraho-Varanasi Bundelkhand Link Express,Exp,Express,CR,KURJ,KHAJURAHO,BSB,VARANASI JN,453,11,30,10:50:00,23:20:00,21108,1,1,0,0,0,0
21108,Bundelkhand Link Express,Exp,Express,CR,BSB,VARANASI JN,KURJ,KHAJURAHO,453,10,55,05:00:00,18:05:00,21107,1,1,0,0,0,0
21125,Indore Bhind Express,Exp,Express,WR,INDB,INDORE JN BG,BIX,BHIND,644,14,20,10:35:00,20:15:00,21126,1,1,1,0,0,0
21126,Bhind Indore Express,Exp,Express,WR,BIX,BHIND,INDB,INDORE JN BG,644,14,40,07:50:00,17:10:00,21125,1,1,1,0,0,0
22131,PUNE - MANDUADIH Gyan Ganga Exp,SF,Superfast,CR,PUNE,PUNE JN,MUV,MANDUADIH,1537,27,5,19:20:00,16:15:00,22132,1,1,1,0,0,0
22132,MANDUADIH - PUNE Gyan Ganga Exp,SF,Superfast,CR,MUV,MANDUADIH,PUNE,PUNE JN,1537,27,30,08:05:00,04:35:00,22131,1,1,1,0,0,0
22162,Damoh Bhopal Rajya Rani Express,Exp,Express,WCR,DMO,DAMOH,BPL,BHOPAL JN,291,5,5,10:05:00,05:00:00,22161,0,0,0,0,0,1
22410,Anand ViharT Delhi-Sasaram GaribRath Express,GR,Garib Rath,NR,ANVT,ANAND VIHAR TRM,SSM,SASARAM,874,13,0,08:15:00,19:15:00,22409,0,1,0,0,0,0
22424,New Delhi-Guwahati Rajdhani Express,Raj,Rajdhani,NR,NDLS,NEW DELHI,GHY,GUWAHATI,1879,27,20,17:20:00,14:00:00,22423,0,1,1,1,0,0
22463,Rajasthan Sampark Kranti Express,SF,Superfast,NR,MTD,MERTA ROAD JN,BKN,BIKANER JN,173,3,50,10:35:00,06:45:00,,1,1,1,0,0,0
22471,Bikaner - Delhi Sarai Rohilla SF Intercity Express,SF,Superfast,NWR,BKN,BIKANER JN,DEE,DELHI SARAI ROHILLA,458,8,10,17:25:00,09:15:00,22472,1,1,1,0,0,0
22472,Delhi Sarai Rohilla - Bikaner SF Intercity Express,SF,Superfast,NWR,DEE,DELHI SARAI ROHILLA,BKN,BIKANER JN,458,8,10,15:15:00,07:05:00,22471,1,1,1,0,0,0
22601,CHENNAI CENT - SAINAGAR SHIRDI SF Exp,SF,Superfast,SR,MAS,CHENNAI CENTRAL,SNSI,SAINAGAR SHIRDI,1392,25,20,11:30:00,10:10:00,22602,1,1,1,0,0,0
22608,BANGALORE - ERNAKULAM Weekly SF Exp,SF,Superfast,SR,SBC,BANGALORE CITY JN,ERS,ERNAKULAM JN,625,11,5,04:20:00,17:15:00,22607,1,1,1,0,0,0
22681,MYSORE - CHENNAI Weekly SF Exp,SF,Superfast,SWR,MYS,MYSORE JN,MAS,CHENNAI CENTRAL,500,9,5,05:15:00,20:10:00,22682,1,1,1,0,0,0
22682,CHENNAI - MYSORE Weekly SF Exp,SF,Superfast,SWR,MAS,CHENNAI CENTRAL,MYS,MYSORE JN,500,9,5,08:35:00,23:30:00,22681,1,1,1,0,0,0
22811,Bhubaneshwar-New Delhi Rajdhani Express,Raj,Rajdhani,ECoR,BBS,BHUBANESWAR,NDLS,NEW DELHI,1724,23,5,10:35:00,11:30:00,22812,0,1,1,1,0,0
22812,New Delhi-Bhubaneswar Rajdhani Express,Raj,Rajdhani,ECoR,NDLS,NEW DELHI,BBS,BHUBANESWAR,1724,22,40,16:00:00,17:20:00,22811,0,1,1,1,0,0
22835,Shalimar-Puri Express,SF,Superfast,SER,SHM,KOLKATA SHALIMAR,PURI,PURI,500,8,55,05:55:00,21:00:00,22836,1,1,1,0,0,0
22836,Puri-Shalimar weekly superfast express,SF,Superfast,SER,PURI,PURI,SHM,KOLKATA SHALIMAR,500,9,5,07:20:00,22:15:00,22835,1,1,1,0,0,0
22845,PUNE - HATIA SF Exp,Exp,Express,SER,PUNE,PUNE JN,HTE,HATIA,1774,30,25,17:10:00,10:45:00,22846,1,1,1,0,0,0
22846,HATIA - PUNE SF Exp,SF,Superfast,SER,HTE,HATIA,PUNE,PUNE JN,1774,30,45,02:45:00,20:00:00,22845,1,1,1,0,0,0
22855,Santragachi-Tirupati Superfast Express,SF,Superfast,SER,SRC,SANTRAGACHI JN,TPTY,TIRUPATI MAIN,1597,25,55,18:00:00,16:05:00,22856,1,1,1,0,0,0
22856,TirupatiSantragachi Superfast Express,SF,Superfast,SER,TPTY,TIRUPATI MAIN,SRC,SANTRAGACHI JN,1597,26,15,22:10:00,19:55:00,22855,1,1,1,0,0,0
22905,Okha Howrah Triweekly SF Express,SF,Superfast,WR,OKHA,OKHA,HWH,HOWRAH JN,2586,46,30,03:35:00,05:05:00,,1,1,0,0,0,0
58126,Sambalpur Jharsuguda Passenger,Pass,Passenger,SER,SBP,SAMBALPUR,JSG,JHARSUGUDA JN,50,1,20,20:35:00,19:15:00,58127,0,0,0,0,0,0
18310,Nagavali Express,Exp,Express,ECoR,NED,HUZUR SAHIB NANDED,SBP,SAMBALPUR,1479,28,0,20:15:00,16:15:00,18309,1,1,1,0,0,0
22403,Puducherry-New Delhi SF Express,SF,Superfast,NR,PDY,Puducherry,NDLS,NEW DELHI,2384,42,55,04:00:00,09:05:00,22404,1,1,1,0,0,0
22405,Bhagalpur - Delhi AnandVihar T. Garib Rath Express,GR,Garib Rath,NR,BGP,BHAGALPUR,ANVT,ANAND VIHAR TRM,1207,18,55,08:25:00,13:30:00,22406,0,1,0,0,0,1
22407,Varanasi-Delhi Anand Vihar Terminus Garib Rath,GR,Garib Rath,NR,BSB,VARANASI JN,ANVT,ANAND VIHAR TRM,781,14,30,10:00:00,19:30:00,22408,0,1,0,0,0,0
22408,Delhi Anand Vihar Terminus-Varanasi Garib Rath,GR,Garib Rath,NR,ANVT,ANAND VIHAR TRM,BSB,VARANASI JN,781,13,55,08:05:00,18:10:00,22407,0,1,0,0,0,0
22409,Sasaram-Anand ViharT Delhi GariRath Express,GR,Garib Rath,NR,SSM,SASARAM,ANVT,ANAND VIHAR TRM,874,14,35,11:50:00,21:15:00,22410,0,1,0,0,0,0
22423,Guwahati-New Delhi Rajdhani Express,Raj,Rajdhani,NR,GHY,GUWAHATI,NDLS,NEW DELHI,1880,27,5,10:10:00,07:05:00,22424,0,1,1,1,0,0
22447,Khajuraho Nizamuddin Express,SF,Superfast,NR,KURJ,KHAJURAHO,NZM,DELHI H NIZAMUDDIN,604,11,10,05:30:00,18:20:00,,1,1,0,0,0,0
22481,Jodhpur-Delhi Sarai Rohilla Express,SF,Superfast,NR,JU,JODHPUR JN,DEE,DELHI SARAI ROHILLA,622,10,35,05:35:00,19:00:00,22482,1,1,1,0,0,0
22482,Delhi Sarai Rohilla-Jodhpur Express,SF,Superfast,NR,DEE,DELHI SARAI ROHILLA,JU,JODHPUR JN,622,10,45,09:10:00,22:25:00,22481,1,1,1,0,0,0
22609,Mangalore - Palghat Intercity Express,SF,Superfast,SR,MAQ,MANGALORE CNTL,PGT,PALAKKAD,352,6,15,18:15:00,12:00:00,22610,0,0,0,0,0,1
22610,Palghat Mangalore Intercity,Exp,Express,SR,PGT,PALAKKAD,MAQ,MANGALORE CNTL,352,6,15,13:40:00,07:25:00,22609,0,0,0,0,0,1
22688,Chandigarh Chennai Express,SF,Superfast,SR,CDG,CHANDIGARH,MAS,CHENNAI CENTRAL,2509,42,30,02:15:00,07:45:00,,1,1,0,0,0,0
22815,Bilaspur-Ernakulam Express,SF,Superfast,SECR,BSP,BILASPUR JN,ERS,ERNAKULAM JN,2155,37,25,21:35:00,08:10:00,22816,1,1,1,0,0,0
22816,Ernakulam-Bilaspur Express,SF,Superfast,SECR,ERS,ERNAKULAM JN,BSP,BILASPUR JN,2156,37,5,21:35:00,08:30:00,22815,1,1,1,0,0,0
22853,Kolkata Shalimar-Visakhapatnam Superfast express,SF,Superfast,SER,SHM,KOLKATA SHALIMAR,VSKP,VISHAKAPATNAM,880,14,5,08:20:00,18:15:00,22854,1,1,1,0,0,0
22854,Visakhapatnam-Shalimar Express,SF,Superfast,SER,VSKP,VISHAKAPATNAM,SHM,KOLKATA SHALIMAR,880,13,45,03:30:00,13:45:00,22853,1,1,1,0,0,0
22861,Rajya Rani Express,SF,Superfast,SER,SHM,KOLKATA SHALIMAR,BQA,BANKURA,229,4,15,10:55:00,06:40:00,22862,0,0,0,0,0,0
22862,Rajya Rani Express,SF,Superfast,SER,BQA,BANKURA,SHM,KOLKATA SHALIMAR,229,4,15,18:00:00,13:45:00,22861,0,0,0,0,0,0
22926,Paschim Express,SF,Superfast,WR,KLK,Kalka,BDTS,MUMBAI BANDRA TERMINUS,1676,28,55,15:15:00,10:20:00,,1,1,0,0,0,0
22996,Ajmer Bandra SF Express,SF,Superfast,NWR,AII,AJMER JN,BDTS,MUMBAI BANDRA TERMINUS,1017,18,0,14:30:00,20:30:00,,1,1,0,0,0,0
23112,Giridih Kolkata Express,Exp,Express,ER,GRD,Giridih,KOAA,KOLKATA CHITPUR,335,8,40,07:30:00,22:50:00,,1,1,0,0,0,0
23142,Teesta Torsa Express,Exp,Express,ER,HDB,HALDIBARI,SDAH,KOLKATA SEALDAH,628,15,20,04:35:00,13:15:00,,1,0,0,0,0,0
23154,Gour Express,Exp,Express,ER,BLGT,BALURGHAT,SDAH,KOLKATA SEALDAH,454,12,15,05:20:00,17:05:00,,1,1,0,0,0,0
24033,Jammu Mail,Mail,Mail/Express,NR,DLI,OLD DELHI,HSX,Hoshiarpur,411,10,5,06:25:00,20:20:00,24034,1,0,0,0,0,0
24034,Jammu Mail,Mail,Mail/Express,NR,HSX,Hoshiarpur,DLI,OLD DELHI,411,10,35,05:45:00,19:10:00,24033,1,0,0,0,0,0
24042,KOTDWAR - NAJIBABAD Mussoorie Exp,Exp,Express,NR,KTW,KOTDWARA,DEE,DELHI SARAI ROHILLA,243,10,35,08:35:00,22:00:00,24041,1,1,0,0,0,0
24887,Haridwar-Barmer Link Express,Exp,Express,NWR,HW,HARIDWAR JN,BME,BARMER,1169,24,55,20:00:00,19:05:00,24888,1,1,0,0,0,0
24888,Barmer-Haridwar Link Express,Exp,Express,NWR,BME,BARMER,HW,HARIDWAR JN,1169,26,45,09:30:00,06:45:00,24887,1,1,0,0,0,0
25014,Corbett Park Link Express,Exp,Express,NER,RMR,RAMNAGAR,DLI,OLD DELHI,239,6,0,03:55:00,21:55:00,,1,1,0,0,0,0
25036,Ramnagar Delhi Link Express,Exp,Express,NER,RMR,RAMNAGAR,DLI,OLD DELHI,239,5,30,15:20:00,09:50:00,,0,1,0,0,0,0
25202,Narkatiaganj Sugauli InterCity Link Express,Exp,Express,NER,NKE,NARKATIAGANJ JN,SGL,SAGAULI JN,59,1,15,06:00:00,04:45:00,25201,0,0,0,0,0,0
25610,Jivachh Link Express,Exp,Express,NFR,DBG,DARBHANGA JN,GHY,GUWAHATI,877,22,30,04:00:00,05:30:00,,1,1,0,0,0,0
25715,Radhikapur Delhi Link Express,Exp,Express,NFR,RDP,Radhikapur,DLI,OLD DELHI,1372,30,50,13:05:00,06:15:00,,1,0,0,0,0,0
28242,Chirmiri Durg Express Cum Pass,Exp,Express,SECR,CHRM,Chirmiri,DURG,DURG,381,13,5,09:10:00,20:05:00,,1,0,0,0,0,0
28624,Barkakana Rajendranagar Slip Express,Exp,Express,SER,BRKA,BARKAKANA,RJPB,RAJENDRA NAGAR BIHAR,365,14,40,06:55:00,16:15:00,,1,0,0,0,0,0
29019,Nimach Kota Link Exp,Exp,Express,WR,NMH,NIMACH,MTC,MEERUT CITY,755,17,45,07:25:00,13:40:00,29020,1,0,1,1,0,0
29020,Dehradun Express Slip,Exp,Express,WR,MTC,MEERUT CITY,NMH,NIMACH,755,17,55,13:15:00,19:20:00,29019,1,0,1,1,0,0
30145,BBD Bag-Krishnanagar Local,MEMU,MEMU,?,BBDB,BENOY BADAL DINESH GARDENS,KNJ,Krishnanagar City Junction,102,2,34,11:27:00,08:53:00,,0,0,0,0,0,0
31393,Sealdah-Kalyani Local,MEMU,MEMU,?,SDAH,KOLKATA SEALDAH,KYI,Kalyani,48,1,16,10:08:00,08:52:00,31392,0,0,0,0,0,0
31511,Sealdah-Shantipur Local,Pass,Passenger,ER,SDAH,KOLKATA SEALDAH,STB,Shantipur,93,2,25,07:00:00,04:35:00,31512,0,0,0,0,0,0
31581,Sealdah-Shantipur-Krishnanagar City Local,MEMU,MEMU,?,SDAH,KOLKATA SEALDAH,KNJ,Krishnanagar City Junction,108,2,50,22:50:00,20:00:00,,0,0,0,0,1,0
31801,Sealdah KNJ Ladies Special,Klkt,Kolkata Suburban,ER,SDAH,KOLKATA SEALDAH,KNJ,Krishnanagar City Junction,99,2,25,19:30:00,17:05:00,,0,0,0,0,0,0
31921,SDAH GEDE LOCAL,MEMU,MEMU,?,SDAH,KOLKATA SEALDAH,GEDE,Gede,116,2,43,19:58:00,17:15:00,31920,0,0,0,0,1,0
31923,SDAH GEDE LOCAL,MEMU,MEMU,?,SDAH,KOLKATA SEALDAH,GEDE,Gede,116,2,44,21:04:00,18:20:00,31922,0,0,0,0,1,0
31925,SDAH GEDE LOCAL,MEMU,MEMU,?,SDAH,KOLKATA SEALDAH,GEDE,Gede,116,2,37,21:54:00,19:17:00,31924,0,0,0,0,1,0
31927,Sealdah Gede EMU,MEMU,MEMU,ER,SDAH,KOLKATA SEALDAH,GEDE,Gede,116,2,41,00:11:00,21:30:00,31926,0,0,0,0,1,0
31929,Sealdah-Gede Local,MEMU,MEMU,?,SDAH,KOLKATA SEALDAH,GEDE,Gede,116,2,43,23:15:00,20:32:00,31930,0,0,0,0,1,0
15657,KOLKATA SEALDAH - GUWAHATI KanchanJungha Exp,Exp,Express,NFR,SDAH,KOLKATA SEALDAH,GHY,GUWAHATI,975,21,55,04:30:00,06:35:00,15658,1,1,1,0,0,0
23010,Doon Express,Exp,Express,ER,KTW,KOTDWARA,HWH,HOWRAH JN,1461,32,55,06:55:00,22:00:00,,1,0,0,0,0,0
23111,Danapur Express,Exp,Express,ER,GRD,Giridih,DNR,DANAPUR,298,8,25,07:15:00,22:50:00,,1,0,0,0,0,0
23225,InterCity Link Express,Exp,Express,ECR,SHC,SAHARSA JN,DNR,DANAPUR,229,7,50,20:40:00,12:50:00,23226,0,0,0,0,0,1
23226,InterCity Link Express,Exp,Express,ECR,DNR,DANAPUR,SHC,SAHARSA JN,229,7,0,13:45:00,06:45:00,23225,0,0,0,0,0,1
23347,Palamu Express,Exp,Express,ECR,SGRL,SINGRAULI,PNBE,PATNA JN,481,12,30,04:40:00,16:10:00,,1,1,0,0,0,0
23348,Palamau Express (Slip),Exp,Express,ECR,GHD,GARWA ROAD,SGRL,SINGRAULI,201,5,30,10:40:00,05:10:00,,1,1,0,0,0,0
24227,Varuna Express,Exp,Express,NR,BSB,VARANASI JN,CNB,KANPUR CENTRAL,355,6,40,11:35:00,04:55:00,24228,0,0,0,0,0,1
24228,Varuna Express,Exp,Express,NR,CNB,KANPUR CENTRAL,BSB,VARANASI JN,355,7,20,23:20:00,16:00:00,24227,0,0,0,0,0,1
24369,Triveni Express,Exp,Express,NR,SKTN,Shakti Nagar,BE,BAREILLY,742,18,35,12:30:00,17:55:00,24370,1,0,1,0,0,0
24370,Triveni Express,Exp,Express,NR,BE,BAREILLY,SKTN,Shakti Nagar,741,19,50,07:50:00,12:00:00,24369,1,0,1,0,0,0
24370-Slip,Triveni Express Slip,Exp,Express,?,BE,BAREILLY,BRWD,BARWADIH JN,862,22,45,10:45:00,12:00:00,,1,0,0,0,0,0
25716,Garib Nawaz Express,Exp,Express,NFR,KIR,KATIHAR JN,RDP,Radhikapur,92,2,25,03:30:00,01:05:00,,1,1,0,0,0,0
28181,Barauni-Katihar Slip Express,Exp,Express,SER,BJU,BARAUNI JN,KIR,KATIHAR JN,180,5,5,14:20:00,09:15:00,,1,0,0,0,0,0
28182,Katihar-Tatanagar Link Express,Exp,Express,SER,KIR,KATIHAR JN,TATA,TATANAGAR JN,600,15,40,06:40:00,15:00:00,,1,0,0,0,0,0
29059,Hapa InterCity Express,Exp,Express,WR,ST,SURAT,HAPA,HAPA,552,9,57,23:32:00,13:35:00,29060,0,0,0,0,1,1
29060,Surat InterCity Express,Exp,Express,WR,HAPA,HAPA,ST,SURAT,552,10,0,14:55:00,04:55:00,29059,0,0,0,0,1,1
31922,GEDE SDAH LOCAL,MEMU,MEMU,?,GEDE,Gede,SDAH,KOLKATA SEALDAH,116,2,37,18:12:00,15:35:00,31921,0,0,0,0,1,0
31924,GEDE SDAH LOCAL,MEMU,MEMU,?,GEDE,Gede,SDAH,KOLKATA SEALDAH,116,2,41,22:35:00,19:54:00,31923,0,0,0,0,1,0
31926,GEDE SDAH LOCAL,MEMU,MEMU,?,GEDE,Gede,SDAH,KOLKATA SEALDAH,116,2,37,00:02:00,21:25:00,31925,0,0,0,0,1,0
31930,GEDE SDAH LOCAL,MEMU,MEMU,?,GEDE,Gede,SDAH,KOLKATA SEALDAH,116,2,35,07:40:00,05:05:00,31929,0,0,0,0,1,0
32249,Sealdah-Dankuni Local,MEMU,MEMU,?,SDAH,KOLKATA SEALDAH,DKAE,DANKUNI,22,0,42,13:57:00,13:15:00,32250,0,0,0,0,1,0
33512,Hasanabad Sealdah EMU,MEMU,MEMU,ER,HNB,Hasanabad,SDAH,KOLKATA SEALDAH,0,2,25,05:30:00,03:05:00,33511,0,0,0,0,0,0
33533,Sealdah-Hasnabad Local,MEMU,MEMU,?,SDAH,KOLKATA SEALDAH,BT,Barasat,22,0,46,10:04:00,09:18:00,,0,0,0,0,1,0
34166,Sealdah-Budge Budge Local,MEMU,MEMU,?,SDAH,KOLKATA SEALDAH,BGB,Budge Budge,25,0,53,12:25:00,11:32:00,,0,0,0,0,0,0
34431,Sonarpur Sealdah Local,MEMU,MEMU,?,SPR,Sonarpur Junction,SDAH,KOLKATA SEALDAH,16,0,31,18:35:00,18:04:00,,0,0,0,0,0,0
34434,Sealdah-Sonarpur Local,MEMU,MEMU,?,SDAH,KOLKATA SEALDAH,SPR,Sonarpur Junction,16,0,27,17:42:00,17:15:00,,0,0,0,0,0,0
34502,Sealdah Canning ladies special EMU,Klkt,Kolkata Suburban,ER,SDAH,KOLKATA SEALDAH,CG,Canning,45,1,10,19:40:00,18:30:00,,0,0,0,0,0,0
34554,Sealdah-Canning Local,MEMU,MEMU,?,SDAH,KOLKATA SEALDAH,CG,Canning,45,1,25,15:27:00,14:02:00,,0,0,0,0,0,0
34557,Canning Sealdah Local,MEMU,MEMU,?,CG,Canning,SDAH,KOLKATA SEALDAH,45,1,22,17:02:00,15:40:00,,0,0,0,0,0,0
34793,Namkhana Sealdah Local,MEMU,MEMU,?,NMKA,Namkhana,SDAH,KOLKATA SEALDAH,108,2,48,06:58:00,04:10:00,34792,0,0,0,0,0,0
34794,Sealdah-Namkhana Local,MEMU,MEMU,?,SDAH,KOLKATA SEALDAH,NMKA,Namkhana,108,2,45,00:10:00,21:25:00,34793,0,0,0,0,0,0
34857,Diamond Harbour Sealdah Local,MEMU,MEMU,?,DH,Diamond Harbour,SDAH,KOLKATA SEALDAH,59,1,33,11:08:00,09:35:00,34858,0,0,0,0,0,0
34858,Sealdah-Diamond Harbour Local,MEMU,MEMU,?,SDAH,KOLKATA SEALDAH,DH,Diamond Harbour,59,2,2,09:27:00,07:25:00,34857,0,0,0,0,0,0
37397,Howrah-Singur Local,MEMU,MEMU,?,HWH,HOWRAH JN,SIU,Singur,33,1,0,21:05:00,20:05:00,37398,0,0,0,0,0,0
37657,Howrah-Memari Local,MEMU,MEMU,?,HWH,HOWRAH JN,MYM,MEMARI,82,1,50,10:30:00,08:40:00,37658,0,0,0,0,0,0
37658,Memari Howrah Local,MEMU,MEMU,?,MYM,MEMARI,HWH,HOWRAH JN,82,2,5,13:15:00,11:10:00,37657,0,0,0,0,0,0
37857,Howrah-Barddhaman Non-Stop Local,MEMU,MEMU,ER,HWH,HOWRAH JN,BWN,BARDDHAMAN JN,107,2,5,20:00:00,17:55:00,,0,0,0,0,0,0
38401,Howrah Panskura EMU,MEMU,MEMU,SER,HWH,HOWRAH JN,PKU,PANSKURA,71,1,50,07:05:00,05:15:00,,0,0,0,0,0,0
38403,Howrah Panskura EMU,MEMU,MEMU,SER,HWH,HOWRAH JN,PKU,PANSKURA,71,1,50,07:35:00,05:45:00,38404,0,0,0,0,0,0
38405,Howrah Panskura EMU,MEMU,MEMU,SER,HWH,HOWRAH JN,PKU,PANSKURA,71,1,48,08:33:00,06:45:00,38404,0,0,0,0,0,0
38411,Howrah Panskura EMU,MEMU,MEMU,SER,HWH,HOWRAH JN,PKU,PANSKURA,71,1,50,09:30:00,07:40:00,38410,0,0,0,0,1,0
38413,Howrah Panskura EMU,MEMU,MEMU,?,HWH,HOWRAH JN,PKU,PANSKURA,71,1,50,09:50:00,08:00:00,,0,0,0,0,0,0
38417,Howrah Panskura EMU,MEMU,MEMU,SER,HWH,HOWRAH JN,PKU,PANSKURA,71,1,50,11:05:00,09:15:00,38416,0,0,0,0,1,0
38419,Howrah Panskura EMU,MEMU,MEMU,?,HWH,HOWRAH JN,PKU,PANSKURA,71,1,50,11:15:00,09:25:00,38418,0,0,0,0,1,0
38423,Howrah Panskura EMU,MEMU,MEMU,?,HWH,HOWRAH JN,PKU,PANSKURA,71,1,45,11:50:00,10:05:00,38424,0,0,0,0,1,0
38429,Howrah Panskura EMU,MEMU,MEMU,?,HWH,HOWRAH JN,PKU,PANSKURA,71,1,50,13:20:00,11:30:00,38428,0,0,0,0,1,0
38433,Howrah Panskura EMU,MEMU,MEMU,?,HWH,HOWRAH JN,PKU,PANSKURA,71,1,50,14:55:00,13:05:00,38434,0,0,0,0,1,0
38443,Howrah Panskura EMU,MEMU,MEMU,SER,HWH,HOWRAH JN,BOP,BHOGPUR,64,1,29,17:44:00,16:15:00,38442,0,0,0,0,1,0
58124,Jharsuguda Sambalpur Passenger,Pass,Passenger,SER,JSG,JHARSUGUDA JN,SBP,SAMBALPUR,50,1,25,06:00:00,04:35:00,58125,0,0,0,0,0,0
18304,PURI - SAMBALPUR Intercity Exp,Exp,Express,ECoR,PURI,PURI,SBP,SAMBALPUR,341,6,30,22:15:00,15:45:00,18303,0,0,0,0,0,1
18312,VARANASI - SAMBALPUR Exp,Exp,Express,ECoR,BSB,VARANASI JN,SBP,SAMBALPUR,896,20,25,11:15:00,14:50:00,18311,1,1,1,0,0,0
37356,Tarakeswar Howrah Local,MEMU,MEMU,?,TAK,Tarakeswar,HWH,HOWRAH JN,57,1,45,14:30:00,12:45:00,37355,0,0,0,0,0,0
37398,Singur Howrah Local,MEMU,MEMU,?,SIU,Singur,HWH,HOWRAH JN,33,0,55,22:10:00,21:15:00,37397,0,0,0,0,0,0
38416,Panskura Howrah EMU,MEMU,MEMU,?,PKU,PANSKURA,HWH,HOWRAH JN,71,1,45,06:35:00,04:50:00,38417,0,0,0,0,1,0
38418,Panskura Howrah EMU,MEMU,MEMU,?,PKU,PANSKURA,HWH,HOWRAH JN,71,1,50,06:55:00,05:05:00,38417,0,0,0,0,1,0
38420,Panskura Howrah EMU,MEMU,MEMU,?,PKU,PANSKURA,HWH,HOWRAH JN,71,1,50,07:30:00,05:40:00,38419,0,0,0,0,1,0
38424,Panskura Howrah EMU,MEMU,MEMU,?,PKU,PANSKURA,HWH,HOWRAH JN,71,1,55,08:25:00,06:30:00,38423,0,0,0,0,1,0
38428,Panskura Howrah EMU,MEMU,MEMU,?,PKU,PANSKURA,HWH,HOWRAH JN,71,1,48,09:05:00,07:17:00,38429,0,0,0,0,1,0
38434,Panskura Howrah EMU,MEMU,MEMU,?,PKU,PANSKURA,HWH,HOWRAH JN,71,1,55,10:40:00,08:45:00,38435,0,0,0,0,1,0
38435,Howrah Panskura EMU,MEMU,MEMU,?,HWH,HOWRAH JN,PKU,PANSKURA,71,1,50,15:45:00,13:55:00,38436,0,0,0,0,1,0
38439,Howrah Panskura EMU,MEMU,MEMU,?,HWH,HOWRAH JN,PKU,PANSKURA,71,1,45,16:55:00,15:10:00,,0,0,0,0,1,0
38441,Howrah Panskura EMU,MEMU,MEMU,?,HWH,HOWRAH JN,PKU,PANSKURA,71,1,52,17:27:00,15:35:00,38442,0,0,0,0,1,0
38444,Panskura Howrah EMU,MEMU,MEMU,?,PKU,PANSKURA,HWH,HOWRAH JN,71,1,50,12:00:00,10:10:00,38445,0,0,0,0,1,0
38445,Howrah Panskura EMU,MEMU,MEMU,?,HWH,HOWRAH JN,PKU,PANSKURA,71,1,50,18:20:00,16:30:00,38444,0,0,0,0,1,0
38448,Panskura Howrah EMU,MEMU,MEMU,?,PKU,PANSKURA,HWH,HOWRAH JN,71,1,55,13:15:00,11:20:00,38449,0,0,0,0,1,0
38449,Howrah Panskura EMU,MEMU,MEMU,SER,HWH,HOWRAH JN,PKU,PANSKURA,71,1,55,18:50:00,16:55:00,38448,0,0,0,0,1,0
38450,Panskura Howrah EMU,MEMU,MEMU,?,PKU,PANSKURA,HWH,HOWRAH JN,71,1,55,13:58:00,12:03:00,38449,0,0,0,0,1,0
38453,Howrah Panskura EMU,MEMU,MEMU,?,HWH,HOWRAH JN,PKU,PANSKURA,71,1,50,19:40:00,17:50:00,,0,0,0,0,1,0
38455,Howrah Panskura EMU,MEMU,MEMU,?,HWH,HOWRAH JN,PKU,PANSKURA,71,1,45,20:20:00,18:35:00,,0,0,0,0,1,0
38457,Howrah Panskura EMU,MEMU,MEMU,?,HWH,HOWRAH JN,PKU,PANSKURA,71,1,50,20:35:00,18:45:00,38458,0,0,0,0,1,0
38463,Howrah Panskura EMU,MEMU,MEMU,?,HWH,HOWRAH JN,PKU,PANSKURA,71,1,45,20:55:00,19:10:00,38462,0,0,0,0,1,0
38464,Panskura Howrah EMU,MEMU,MEMU,?,PKU,PANSKURA,HWH,HOWRAH JN,71,1,50,18:25:00,16:35:00,38463,0,0,0,0,1,0
38467,Howrah Panskura EMU,MEMU,MEMU,SER,HWH,HOWRAH JN,PKU,PANSKURA,71,1,53,22:03:00,20:10:00,38468,0,0,0,0,1,0
38469,Howrah Panskura EMU,MEMU,MEMU,?,HWH,HOWRAH JN,PKU,PANSKURA,71,1,55,22:20:00,20:25:00,38468,0,0,0,0,1,0
38633,Howrah Kharagpur Ladies Special,Klkt,Kolkata Suburban,SER,HWH,HOWRAH JN,KGP,KHARAGPUR JN,115,2,45,21:10:00,18:25:00,,0,0,0,0,0,0
38821,Howrah-Kolaghat EMU,MEMU,MEMU,?,HWH,HOWRAH JN,KIG,KOLAGHAT GOODS,55,1,30,11:00:00,09:30:00,,0,0,0,0,0,0
38846,Kolaghat-Howrah EMU,MEMU,MEMU,?,KIG,KOLAGHAT GOODS,HWH,HOWRAH JN,55,1,35,12:45:00,11:10:00,,0,0,0,0,0,0
40021,Chennai Beach PallavaramEMU,MEMU,MEMU,SR,MSB,CHENNAI BEACH,PV,PALLAVARAM,27,0,39,08:58:00,08:19:00,,0,0,0,0,0,0
40023,Chennai Beach St. Thomas Mount Fast EMU,MEMU,MEMU,SR,MSB,CHENNAI BEACH,STM,ST THOMAS MOUNT,17,0,26,08:58:00,08:32:00,,0,0,0,0,0,0
40501,Chennai Beach Chengulpet EMU,MEMU,MEMU,SR,MSB,CHENNAI BEACH,CGL,CHENGALPATTU,63,1,45,05:40:00,03:55:00,,0,0,0,0,0,0
40503,Chennai Beach Chengulpet EMU,MEMU,MEMU,SR,MSB,CHENNAI BEACH,CGL,CHENGALPATTU,60,1,45,06:25:00,04:40:00,,0,0,0,0,0,0
40505,Chennai Beach Chengulpet EMU(12 car),MEMU,MEMU,SR,MSB,CHENNAI BEACH,CGL,CHENGALPATTU,63,1,45,06:45:00,05:00:00,,0,0,0,0,0,0
40507,Chennai Beach Chengulpet EMU,MEMU,MEMU,SR,MSB,CHENNAI BEACH,CGL,CHENGALPATTU,63,1,45,07:05:00,05:20:00,,0,0,0,0,0,0
40509,Chennai Beach Chengulpet EMU,MEMU,MEMU,SR,MSB,CHENNAI BEACH,CGL,CHENGALPATTU,63,1,45,07:25:00,05:40:00,,0,0,0,0,0,0
40511,Chennai Beach Chengulpet EMU,MEMU,MEMU,SR,MSB,CHENNAI BEACH,CGL,CHENGALPATTU,63,1,45,07:55:00,06:10:00,,0,0,0,0,0,0
40513,Chennai Beach Chengulpet EMU(12 car),MEMU,MEMU,SR,MSB,CHENNAI BEACH,CGL,CHENGALPATTU,63,1,45,08:15:00,06:30:00,40514,0,0,0,0,0,0
54056,Delhi Moradabad Passenger,Pass,Passenger,NR,DLI,OLD DELHI,MB,MORADABAD,175,4,55,14:35:00,09:40:00,54055,0,0,0,0,0,0
54305,Moradabad Hapur Passenger,Pass,Passenger,NR,MB,MORADABAD,HPU,HAPUR,118,3,45,09:50:00,06:05:00,54306,0,0,0,0,0,0
54307,Moradabad Delhi Passenger,Pass,Passenger,NR,MB,MORADABAD,DLI,OLD DELHI,175,5,25,22:25:00,17:00:00,54308,0,0,0,0,0,0
54314,Moradabad Chandausi Passenger,Pass,Passenger,NR,MB,MORADABAD,CH,CHANDAUSI JN,44,1,20,17:30:00,16:10:00,54313,0,0,0,0,0,0
54315,Moradabad Sahranpur Passenger,Pass,Passenger,NR,MB,MORADABAD,SRE,SAHARANPUR,194,5,5,23:20:00,18:15:00,54316,0,0,0,0,0,0
54395,MORADABAD -  NAJIBABAD  PASSENGER,Pass,Passenger,NR,MB,MORADABAD,NBD,NAJIBABAD JN,161,6,30,01:20:00,18:50:00,54396,0,0,0,0,0,0
54398,Moradabad Sambahal Hatim Sarai Pass,Pass,Passenger,NR,MB,MORADABAD,SHTS,Sambhal Hatim Sarai,45,2,0,14:20:00,12:20:00,54397,0,0,0,0,0,0
55311,MORADABAD - KASHIPUR PASSENGER,Pass,Passenger,NER,MB,MORADABAD,KPV,KASHIPUR,50,1,30,15:05:00,13:35:00,55312,0,0,0,0,0,0
55323,MORADABAD - RAMNAGAR PASSENGER,Pass,Passenger,NER,MB,MORADABAD,RMR,RAMNAGAR,77,2,0,22:50:00,20:50:00,55324,0,0,0,0,0,0
58127,Jharsuguda Sambalpur Passenger,Pass,Passenger,SER,JSG,JHARSUGUDA JN,SBP,SAMBALPUR,50,1,35,18:55:00,17:20:00,58126,0,0,0,0,0,0
58135,Jharsuguda Sambalpur Passenger,Pass,Passenger,SER,JSG,JHARSUGUDA JN,SBP,SAMBALPUR,50,1,25,06:00:00,04:35:00,,0,0,0,0,0,0
58137,Jharsuguda Sambalpur Passenger,Pass,Passenger,SER,JSG,JHARSUGUDA JN,SBP,SAMBALPUR,50,1,25,18:45:00,17:20:00,,0,0,0,0,0,0
12288,DEHRADUN - KOCHUVELI SF Express,SF,Superfast,SR,DDN,DEHRADUN,KCVL,KOCHUVELI,3459,57,30,15:30:00,06:00:00,12287,1,1,0,0,0,0
12665,HOWRAH - KANNIYAKUMARI SF Exp,SF,Superfast,SR,HWH,HOWRAH JN,CAPE,KANYAKUMARI,2431,43,30,11:40:00,16:10:00,12666,1,1,1,0,0,0
12778,TRIVANDRUM KOCHUVELI - HUBLI SF Exp,SF,Superfast,SWR,KCVL,KOCHUVELI,UBL,HUBLI JN,1307,23,55,12:45:00,12:50:00,12777,1,1,1,0,0,0
14707,BIKANER - MUMBAI BANDRA Ranakpur Exp,Exp,Express,NWR,BKN,BIKANER JN,BDTS,MUMBAI BANDRA TERMINUS,1212,25,25,10:55:00,09:30:00,14708,1,1,1,0,0,0
16352,NAGERCOIL - MUMBAI CST Balaji Exp,Exp,Express,SR,NCJ,NAGERCOIL JN,CSTM,MUMBAI CST,1967,40,10,20:50:00,04:40:00,16351,1,1,1,0,0,0
16723,CHENNAI EGMORE - TRIVANDRUM Anantapuri Exp,Exp,Express,SR,MS,CHENNAI EGMORE,TVC,TRIVANDRUM CENTRAL,798,15,50,11:05:00,19:15:00,16724,1,1,1,1,0,0
38468,Panskura Howrah EMU,MEMU,MEMU,?,PKU,PANSKURA,HWH,HOWRAH JN,71,1,48,19:02:00,17:14:00,38467,0,0,0,0,1,0
38470,Panskura Howrah EMU,MEMU,MEMU,?,PKU,PANSKURA,HWH,HOWRAH JN,71,1,50,19:35:00,17:45:00,38469,0,0,0,0,1,0
40515,Chennai Beach Chengulpet EMU,MEMU,MEMU,SR,MSB,CHENNAI BEACH,CGL,CHENGALPATTU,63,1,40,08:25:00,06:45:00,40514,0,0,0,0,0,0
40517,Chennai Beach Chengulpet EMU(12 car),MEMU,MEMU,SR,MSB,CHENNAI BEACH,CGL,CHENGALPATTU,63,1,40,08:35:00,06:55:00,40516,0,0,0,0,0,0
40519,Chennai Beach Chengulpet EMU,MEMU,MEMU,SR,MSB,CHENNAI BEACH,CGL,CHENGALPATTU,59,1,52,09:30:00,07:38:00,40518,0,0,0,0,0,0
40701,Chennai Beach Tirumalpur EMU,MEMU,MEMU,SR,MSB,CHENNAI BEACH,TMLP,TIRUMALPUR,112,3,0,10:05:00,07:05:00,,0,0,0,0,0,0
40705,Chennai Beach Tirumalpur local,MEMU,MEMU,SR,MSB,CHENNAI BEACH,TMLP,TIRUMALPUR,108,2,45,13:30:00,10:45:00,40704,0,0,0,0,0,0
40707,Chennai Beach Tirumalpur Fast EMU,MEMU,MEMU,SR,MSB,CHENNAI BEACH,TMLP,TIRUMALPUR,108,2,25,20:35:00,18:10:00,40706,0,0,0,0,0,0
40711,Chennai Beach Tirumalpur Semi Fast EMU,MEMU,MEMU,SR,MSB,CHENNAI BEACH,TMLP,TIRUMALPUR,108,2,40,23:00:00,20:20:00,,0,0,0,0,0,0
41001,Chennai Beach Velachery EMU,MEMU,MEMU,SR,MSB,CHENNAI BEACH,VLCY,Velachery,18,0,40,04:55:00,04:15:00,,0,0,0,0,0,0
41003,Chennai Beach Velachery EMU,MEMU,MEMU,SR,MSB,CHENNAI BEACH,VLCY,Velachery,18,0,40,05:25:00,04:45:00,41004,0,0,0,0,0,0
41005,Chennai Beach Velachery EMU,MEMU,MEMU,SR,MSB,CHENNAI BEACH,VLCY,Velachery,18,0,40,05:55:00,05:15:00,41004,0,0,0,0,0,0
41007,Chennai Beach Velachery EMU,MEMU,MEMU,SR,MSB,CHENNAI BEACH,VLCY,Velachery,18,0,40,06:25:00,05:45:00,,0,0,0,0,0,0
41009,Chennai Beach Velachery EMU,MEMU,MEMU,SR,MSB,CHENNAI BEACH,VLCY,Velachery,18,0,45,06:45:00,06:00:00,,0,0,0,0,0,0
41011,Chennai Beach Velachery EMU,MEMU,MEMU,SR,MSB,CHENNAI BEACH,VLCY,Velachery,18,0,40,06:55:00,06:15:00,,0,0,0,0,0,0
41013,Chennai Beach Velachery EMU,MEMU,MEMU,SR,MSB,CHENNAI BEACH,VLCY,Velachery,18,0,40,07:05:00,06:25:00,,0,0,0,0,0,0
41015,Chennai Beach Velachery EMU,MEMU,MEMU,SR,MSB,CHENNAI BEACH,VLCY,Velachery,18,0,40,07:15:00,06:35:00,,0,0,0,0,0,0
41017,Chennai Beach Velachery EMU,MEMU,MEMU,SR,MSB,CHENNAI BEACH,VLCY,Velachery,18,0,40,07:35:00,06:55:00,,0,0,0,0,0,0
41019,Chennai Beach Velachery EMU,MEMU,MEMU,SR,MSB,CHENNAI BEACH,VLCY,Velachery,18,0,40,07:55:00,07:15:00,,0,0,0,0,0,0
41023,Chennai Beach Velachery EMU,MEMU,MEMU,SR,MSB,CHENNAI BEACH,VLCY,Velachery,18,0,40,08:25:00,07:45:00,,0,0,0,0,0,0
41025,Chennai Beach Velachery EMU,MEMU,MEMU,SR,MSB,CHENNAI BEACH,VLCY,Velachery,18,0,40,08:35:00,07:55:00,,0,0,0,0,0,0
41027,Chennai Beach Velachery EMU,MEMU,MEMU,SR,MSB,CHENNAI BEACH,VLCY,Velachery,18,0,40,08:45:00,08:05:00,,0,0,0,0,0,0
41029,Chennai Beach Velachery EMU,MEMU,MEMU,SR,MSB,CHENNAI BEACH,VLCY,Velachery,18,0,40,08:55:00,08:15:00,,0,0,0,0,0,0
41031,Chennai Beach Velachery EMU,MEMU,MEMU,SR,MSB,CHENNAI BEACH,VLCY,Velachery,18,0,40,09:05:00,08:25:00,,0,0,0,0,0,0
41033,Chennai Beach Velachery EMU,MEMU,MEMU,SR,MSB,CHENNAI BEACH,VLCY,Velachery,18,0,40,09:15:00,08:35:00,,0,0,0,0,0,0
41035,Chennai Beach Velachery EMU,MEMU,MEMU,SR,MSB,CHENNAI BEACH,VLCY,Velachery,18,0,40,09:25:00,08:45:00,,0,0,0,0,0,0
41037,Chennai Beach Velachery EMU,MEMU,MEMU,SR,MSB,CHENNAI BEACH,VLCY,Velachery,18,0,40,09:35:00,08:55:00,,0,0,0,0,0,0
41039,Chennai Beach Velachery EMU,MEMU,MEMU,SR,MSB,CHENNAI BEACH,VLCY,Velachery,18,0,40,09:40:00,09:00:00,,0,0,0,0,0,0
41041,Chennai Beach Velachery EMU,MEMU,MEMU,SR,MSB,CHENNAI BEACH,VLCY,Velachery,18,0,40,09:45:00,09:05:00,,0,0,0,0,0,0
41043,Chennai Beach Velachery EMU,MEMU,MEMU,SR,MSB,CHENNAI BEACH,VLCY,Velachery,18,0,40,09:55:00,09:15:00,,0,0,0,0,0,0
41045,Chennai Beach Velachery EMU,MEMU,MEMU,SR,MSB,CHENNAI BEACH,VLCY,Velachery,18,0,40,10:05:00,09:25:00,,0,0,0,0,0,0
41047,Chennai Beach Velachery EMU,MEMU,MEMU,SR,MSB,CHENNAI BEACH,VLCY,Velachery,18,0,40,10:15:00,09:35:00,,0,0,0,0,0,0
41049,Chennai Beach Velachery EMU,MEMU,MEMU,SR,MSB,CHENNAI BEACH,VLCY,Velachery,18,0,40,10:25:00,09:45:00,,0,0,0,0,0,0
41051,Chennai Beach Velachery EMU,MEMU,MEMU,SR,MSB,CHENNAI BEACH,VLCY,Velachery,18,0,50,10:40:00,09:50:00,,0,0,0,0,0,0
41053,Chennai Beach Velachery EMU,MEMU,MEMU,SR,MSB,CHENNAI BEACH,VLCY,Velachery,18,0,40,10:35:00,09:55:00,,0,0,0,0,0,0
41055,Chennai Beach Velachery EMU,MEMU,MEMU,SR,MSB,CHENNAI BEACH,VLCY,Velachery,18,0,40,10:45:00,10:05:00,,0,0,0,0,0,0
55303,MORADABAD - KATHGODAM Pass,Pass,Passenger,NER,MB,MORADABAD,KGM,KATHGODAM,131,4,40,11:10:00,06:30:00,55304,0,0,0,0,0,0
55305,MORADABAD - RAMNAGAR Fast Passenger,Pass,Passenger,NER,MB,MORADABAD,RMR,RAMNAGAR,77,1,50,06:10:00,04:20:00,55306,0,0,0,0,0,0
55307,MORADABAD - RAMNAGAR PASSENGER,Pass,Passenger,NER,MB,MORADABAD,RMR,RAMNAGAR,76,2,10,12:35:00,10:25:00,55308,0,0,0,0,0,0
55309,MORADABAD  - RAMNAGAR PASSENGER,Pass,Passenger,NER,MB,MORADABAD,RMR,RAMNAGAR,77,2,15,20:00:00,17:45:00,55310,0,0,0,0,0,0
55321,MORADABAD  - RAMNAGAR PASSENGER,Pass,Passenger,NER,MB,MORADABAD,RMR,RAMNAGAR,77,2,25,09:35:00,07:10:00,55322,0,0,0,0,0,0
40516,Chengulpet Chennai Beach Semi Fast EMU (12 Car),MEMU,MEMU,SR,CGL,CHENGALPATTU,MSB,CHENNAI BEACH,59,1,32,08:57:00,07:25:00,40515,0,0,0,0,0,0
40518,Chengulpet Chennai Beach Semi Fast EMU (12 Car),MEMU,MEMU,SR,CGL,CHENGALPATTU,MSB,CHENNAI BEACH,59,1,35,09:15:00,07:40:00,40517,0,0,0,0,0,0
40520,Chengulpet Chennai Beach Semi Fast EMU (12 Car),MEMU,MEMU,SR,CGL,CHENGALPATTU,MSB,CHENNAI BEACH,59,1,47,09:47:00,08:00:00,40519,0,0,0,0,0,0
40521,Chennai Beach Chengulpet EMU,MEMU,MEMU,SR,MSB,CHENNAI BEACH,CGL,CHENGALPATTU,59,1,44,10:40:00,08:56:00,40520,0,0,0,0,0,0
40522,Chengulpet Chennai Beach Semi Fast EMU (12 Car),MEMU,MEMU,SR,CGL,CHENGALPATTU,MSB,CHENNAI BEACH,59,1,30,09:55:00,08:25:00,40521,0,0,0,0,0,0
40523,Chennai Beach Chengulpet EMU,MEMU,MEMU,SR,MSB,CHENNAI BEACH,CGL,CHENGALPATTU,59,1,48,11:25:00,09:37:00,40522,0,0,0,0,0,0
40524,Chengulpet Chennai Beach EMU,MEMU,MEMU,SR,CGL,CHENGALPATTU,MSB,CHENNAI BEACH,59,1,48,10:23:00,08:35:00,40523,0,0,0,0,0,0
40526,Chengulpet Chennai Beach Fast EMU,MEMU,MEMU,SR,CGL,CHENGALPATTU,MSB,CHENNAI BEACH,59,1,30,10:15:00,08:45:00,,0,0,0,0,0,0
40601,Chennai Beach Chengulpet EMU,MEMU,MEMU,SR,MSB,CHENNAI BEACH,CGL,CHENGALPATTU,63,1,45,05:40:00,03:55:00,,0,0,0,0,0,0
40704,Tirumalpur Chennai Beach Fast EMU,MEMU,MEMU,SR,TMLP,TIRUMALPUR,MSB,CHENNAI BEACH,108,2,25,09:30:00,07:05:00,40705,0,0,0,0,0,0
40706,Tirumalpur Chennai Beach Fast EMU,MEMU,MEMU,SR,TMLP,TIRUMALPUR,MSB,CHENNAI BEACH,108,2,35,10:25:00,07:50:00,40707,0,0,0,0,0,0
41059,Chennai Beach Velachery EMU,MEMU,MEMU,SR,MSB,CHENNAI BEACH,VLCY,Velachery,19,0,40,11:15:00,10:35:00,,0,0,0,0,0,0
41063,Chennai Beach Velachery EMU,Pass,Passenger,SR,MSB,CHENNAI BEACH,VLCY,Velachery,18,0,40,11:55:00,11:15:00,41064,0,0,0,0,1,0
41067,Chennai Beach Velachery EMU,Pass,Passenger,?,MSB,CHENNAI BEACH,VLCY,Velachery,18,0,40,12:35:00,11:55:00,41066,0,0,0,0,0,0
41069,Chennai Beach Velachery EMU,Pass,Passenger,SR,MSB,CHENNAI BEACH,VLCY,Velachery,18,0,40,12:55:00,12:15:00,,0,0,0,0,0,0
41071,Chennai Beach Velachery EMU,Pass,Passenger,SR,MSB,CHENNAI BEACH,VLCY,Velachery,18,0,40,13:15:00,12:35:00,,0,0,0,0,0,0
41073,Chennai Beach Velachery EMU,Pass,Passenger,SR,MSB,CHENNAI BEACH,VLCY,Velachery,18,0,40,13:35:00,12:55:00,,0,0,0,0,0,0
41075,Chennai Beach Velachery EMU,Pass,Passenger,SR,MSB,CHENNAI BEACH,VLCY,Velachery,18,0,40,13:55:00,13:15:00,,0,0,0,0,0,0
41077,Chennai Beach Velachery EMU,Pass,Passenger,?,MSB,CHENNAI BEACH,VLCY,Velachery,18,0,40,14:25:00,13:45:00,,0,0,0,0,0,0
41079,Chennai Beach Velachery EMU,Pass,Passenger,?,MSB,CHENNAI BEACH,VLCY,Velachery,18,0,40,14:55:00,14:15:00,,0,0,0,0,0,0
41081,Chennai Beach Velachery EMU,Pass,Passenger,?,MSB,CHENNAI BEACH,VLCY,Velachery,18,0,40,15:25:00,14:45:00,,0,0,0,0,0,0
41083,Chennai Beach Velachery EMU,Pass,Passenger,?,MSB,CHENNAI BEACH,VLCY,Velachery,18,0,40,15:55:00,15:15:00,,0,0,0,0,0,0
41085,Chennai Beach Velachery EMU,Pass,Passenger,SR,MSB,CHENNAI BEACH,VLCY,Velachery,18,0,40,16:25:00,15:45:00,,0,0,0,0,0,0
41087,Chennai Beach Velachery EMU,Pass,Passenger,?,MSB,CHENNAI BEACH,VLCY,Velachery,18,0,40,16:45:00,16:05:00,,0,0,0,0,0,0
41089,Chennai Beach Velachery EMU,Pass,Passenger,SR,MSB,CHENNAI BEACH,VLCY,Velachery,18,0,40,17:05:00,16:25:00,,0,0,0,0,0,0
41091,Chennai Beach Velachery EMU,Pass,Passenger,?,MSB,CHENNAI BEACH,VLCY,Velachery,18,0,40,17:20:00,16:40:00,,0,0,0,0,0,0
41093,Chennai Beach Velachery EMU,Pass,Passenger,?,MSB,CHENNAI BEACH,VLCY,Velachery,18,0,40,17:40:00,17:00:00,,0,0,0,0,0,0
41095,Chennai Beach Velachery EMU,Pass,Passenger,SR,MSB,CHENNAI BEACH,VLCY,Velachery,18,0,40,17:55:00,17:15:00,,0,0,0,0,0,0
41097,Chennai Beach Velachery EMU,Pass,Passenger,SR,MSB,CHENNAI BEACH,VLCY,Velachery,18,0,40,18:05:00,17:25:00,,0,0,0,0,0,0
41099,Chennai Beach Velachery EMU,Pass,Passenger,?,MSB,CHENNAI BEACH,VLCY,Velachery,18,0,40,18:15:00,17:35:00,,0,0,0,0,0,0
41101,Chennai Beach Velachery EMU,Pass,Passenger,SR,MSB,CHENNAI BEACH,VLCY,Velachery,18,0,40,18:25:00,17:45:00,,0,0,0,0,0,0
41103,Chennai Beach Velachery EMU,Pass,Passenger,?,MSB,CHENNAI BEACH,VLCY,Velachery,18,0,40,18:35:00,17:55:00,,0,0,0,0,0,0
41105,Chennai Beach Velachery EMU,Pass,Passenger,?,MSB,CHENNAI BEACH,VLCY,Velachery,18,0,40,18:45:00,18:05:00,,0,0,0,0,0,0
41107,Chennai Beach Velachery EMU,Pass,Passenger,?,MSB,CHENNAI BEACH,VLCY,Velachery,18,0,40,18:55:00,18:15:00,,0,0,0,0,0,0
41109,Chennai Beach Velachery EMU,Pass,Passenger,SR,MSB,CHENNAI BEACH,VLCY,Velachery,18,0,40,19:05:00,18:25:00,,0,0,0,0,0,0
41111,Chennai Beach Velachery EMU,Pass,Passenger,SR,MSB,CHENNAI BEACH,VLCY,Velachery,18,0,40,19:15:00,18:35:00,41112,0,0,0,0,0,0
41113,Chennai Beach Velachery EMU,Pass,Passenger,SR,MSB,CHENNAI BEACH,VLCY,Velachery,18,0,40,19:25:00,18:45:00,41112,0,0,0,0,0,0
41115,Chennai Beach Velachery EMU,Pass,Passenger,?,MSB,CHENNAI BEACH,VLCY,Velachery,18,0,40,19:35:00,18:55:00,,0,0,0,0,0,0
41117,Chennai Beach Velachery EMU,MEMU,MEMU,?,MSB,CHENNAI BEACH,VLCY,Velachery,18,0,40,19:45:00,19:05:00,,0,0,0,0,0,0
41119,Chennai Beach Velachery EMU,MEMU,MEMU,?,MSB,CHENNAI BEACH,VLCY,Velachery,18,0,40,19:55:00,19:15:00,,0,0,0,0,0,0
41121,Chennai Beach Velachery EMU,MEMU,MEMU,?,MSB,CHENNAI BEACH,VLCY,Velachery,18,0,40,20:15:00,19:35:00,,0,0,0,0,0,0
41123,Chennai Beach Velachery EMU,MEMU,MEMU,?,MSB,CHENNAI BEACH,VLCY,Velachery,18,0,40,20:35:00,19:55:00,,0,0,0,0,0,0
42404,Spe-Mas Emu Local,MEMU,MEMU,SR,SPE,SULLURUPETA,MAS,CHENNAI CENTRAL,83,2,5,08:45:00,06:40:00,,0,0,0,0,1,0
42406,Spe-Mas Emu Local,MEMU,MEMU,SR,SPE,SULLURUPETA,MAS,CHENNAI CENTRAL,83,2,10,11:55:00,09:45:00,,0,0,0,0,1,0
42408,Sullurpetta Chennai Central EMU,MEMU,MEMU,SR,SPE,SULLURUPETA,MAS,CHENNAI CENTRAL,83,2,0,13:10:00,11:10:00,,0,0,0,0,0,0
52941,GANDHIGRAM - SBI-BTD PASSENGER,Pass,Passenger,WR,GG,GANDHIGRAM,BTDF,BOTAD JN,155,4,10,13:10:00,09:00:00,52942,0,0,0,0,0,0
54308,Delhi Moradabad Passenger,Pass,Passenger,NR,DLI,OLD DELHI,MB,MORADABAD,175,5,45,07:30:00,01:45:00,54307,0,0,0,0,0,0
41064,VLCY MSB LOCAL,Pass,Passenger,?,VLCY,Velachery,MSB,CHENNAI BEACH,0,0,40,13:20:00,12:40:00,41063,0,0,0,0,0,0
41066,Velachery Chennai Local,Pass,Passenger,?,VLCY,Velachery,MSB,CHENNAI BEACH,0,0,40,13:40:00,13:00:00,41065,0,0,0,0,0,0
41112,Velachery Chennai Beach Passenger,Pass,Passenger,?,VLCY,Velachery,MSB,CHENNAI BEACH,0,0,40,19:40:00,19:00:00,41111,0,0,0,0,0,0
41125,Chennai Beach Velachery EMU,MEMU,MEMU,?,MSB,CHENNAI BEACH,VLCY,Velachery,18,0,40,21:00:00,20:20:00,,0,0,0,0,0,0
41127,Chennai Beach Velachery EMU,Pass,Passenger,SR,MSB,CHENNAI BEACH,VLCY,Velachery,18,0,40,21:25:00,20:45:00,,0,0,0,0,0,0
41129,Chennai Beach Velachery EMU,MEMU,MEMU,?,MSB,CHENNAI BEACH,VLCY,Velachery,18,0,40,21:50:00,21:10:00,,0,0,0,0,0,0
41131,Chennai Beach Velachery EMU,MEMU,MEMU,?,MSB,CHENNAI BEACH,VLCY,Velachery,18,0,40,22:15:00,21:35:00,,0,0,0,0,0,0
41133,Chennai Beach Velachery EMU,Pass,Passenger,?,MSB,CHENNAI BEACH,VLCY,Velachery,18,0,40,22:40:00,22:00:00,,0,0,0,0,0,0
41505,Chennai Beach Velachery Sunday EMU,MEMU,MEMU,SR,MSB,CHENNAI BEACH,VLCY,Velachery,18,0,40,07:20:00,06:40:00,,0,0,0,0,0,0
41507,Chennai Beach Velachery Sunday EMU,MEMU,MEMU,SR,MSB,CHENNAI BEACH,VLCY,Velachery,18,0,40,07:40:00,07:00:00,,0,0,0,0,0,0
42412,Spe-Mas Emu Local,MEMU,MEMU,SR,SPE,SULLURUPETA,MAS,CHENNAI CENTRAL,83,2,0,15:30:00,13:30:00,,0,0,0,0,1,0
42414,Spe-Mas Emu Local,MEMU,MEMU,SR,SPE,SULLURUPETA,MAS,CHENNAI CENTRAL,83,2,25,17:40:00,15:15:00,,0,0,0,0,0,0
42416,Spe-Mas Emu Local,MEMU,MEMU,SR,SPE,SULLURUPETA,MAS,CHENNAI CENTRAL,83,2,10,20:25:00,18:15:00,,0,0,0,0,0,0
42420,Sullurpeta Chennai EMU,MEMU,MEMU,SR,SPE,SULLURUPETA,MAS,CHENNAI CENTRAL,83,2,5,22:25:00,20:20:00,,0,0,0,0,1,0
42422,Spe-Mas Emu Local,MEMU,MEMU,SR,SPE,SULLURUPETA,MAS,CHENNAI CENTRAL,83,2,5,23:45:00,21:40:00,,0,0,0,0,1,0
42452,Sullupetta Gummidipoondi EMU,MEMU,MEMU,SR,SPE,SULLURUPETA,GPD,GUMMIDIPUNDI,35,0,45,23:35:00,22:50:00,,0,0,0,0,1,0
42802,Spe-Msb Emu local,MEMU,MEMU,SR,SPE,SULLURUPETA,MSB,CHENNAI BEACH,83,2,20,09:45:00,07:25:00,,0,0,0,0,1,0
43205,Chennai Central Tiruvallur EMU,MEMU,MEMU,?,MAS,CHENNAI CENTRAL,TRL,TIRUVALLUR,42,1,15,07:10:00,05:55:00,,0,0,0,0,1,0
43216,Tiruvallur Chennai Central Fast,MEMU,MEMU,SR,TRL,TIRUVALLUR,MAS,CHENNAI CENTRAL,41,1,0,09:20:00,08:20:00,,0,0,0,0,0,0
43222,Tiruvallur Chennai Central Fast,MEMU,MEMU,?,TRL,TIRUVALLUR,MAS,CHENNAI CENTRAL,41,0,50,10:15:00,09:25:00,,0,0,0,0,0,0
43401,Chennai Central Arakkonam Fast,MEMU,MEMU,SR,MAS,CHENNAI CENTRAL,AJJ,ARAKKONAM,68,1,25,06:55:00,05:30:00,,0,0,0,0,0,0
43408,Arakkonam chennai Central Fast,MEMU,MEMU,?,AJJ,ARAKKONAM,MAS,CHENNAI CENTRAL,68,1,35,08:15:00,06:40:00,,0,0,0,0,0,0
43501,Chennai tiruttani EMU,MEMU,MEMU,SR,MAS,CHENNAI CENTRAL,TRT,TIRUTTANI,82,2,15,06:15:00,04:00:00,,0,0,0,0,0,0
43506,Tiruttani Chennai Central Local,Pass,Passenger,?,TRT,TIRUTTANI,MAS,CHENNAI CENTRAL,83,2,25,12:05:00,09:40:00,43505,0,0,0,0,0,0
43551,Arakkonam Tiruttani EMU,MEMU,MEMU,?,AJJ,ARAKKONAM,TRT,TIRUTTANI,14,0,30,04:50:00,04:20:00,43552,0,0,0,0,0,0
43552,Tiruttani Arakkonam EMU,MEMU,MEMU,SR,TRT,TIRUTTANI,AJJ,ARAKKONAM,14,0,20,05:15:00,04:55:00,43551,0,0,0,0,0,0
43553,Arakkonam Tiruttani EMU,MEMU,MEMU,?,AJJ,ARAKKONAM,TRT,TIRUTTANI,14,0,20,05:30:00,05:10:00,43552,0,0,0,0,0,0
43554,Tiruttani Arakkonam EMU,MEMU,MEMU,?,TRT,TIRUTTANI,AJJ,ARAKKONAM,14,0,20,21:20:00,21:00:00,43553,0,0,0,0,0,0
43801,Chennai Beach Arakkonam EMU,MEMU,MEMU,SR,MSB,CHENNAI BEACH,AJJ,ARAKKONAM,70,2,0,03:20:00,01:20:00,,0,0,0,0,0,0
43803,Chennai Beach Arakkonam EMU,MEMU,MEMU,SR,MSB,CHENNAI BEACH,AJJ,ARAKKONAM,69,2,0,06:30:00,04:30:00,,0,0,0,0,0,0
43806,Arakkonam chennai Beach Fast,MEMU,MEMU,?,AJJ,ARAKKONAM,MSB,CHENNAI BEACH,69,1,30,09:20:00,07:50:00,,0,0,0,0,0,0
43823,Chennai Beach Tiruttani Fast,MEMU,MEMU,?,MSB,CHENNAI BEACH,TRT,TIRUTTANI,83,2,5,20:25:00,18:20:00,,0,0,0,0,0,0
43851,Ponneri Tiruvallur EMU,MEMU,MEMU,?,PON,PONNERI,TRL,TIRUVALLUR,71,1,55,17:35:00,15:40:00,,0,0,0,0,0,0
43892,Pattabiram East Avadi EMU,MEMU,MEMU,?,PRES,Pattabiram East,AVD,AVADI,10,0,20,23:55:00,23:35:00,43891,0,0,0,0,0,0
43921,Tiruvallur Kadambattur EMU,MEMU,MEMU,SR,TRL,TIRUVALLUR,KBT,KADAMBATTUR,6,0,10,06:00:00,05:50:00,,0,0,0,0,0,0
47101,Hyderabad Lingampalli MMTS,Hyd,Hyderabad Suburban,SCR,HYB,HYDERABAD DECCAN,LPI,LINGAMPALLI,25,0,40,06:40:00,06:00:00,,0,0,0,0,0,0
47102,Hyderabad Lingampalli MMTS,Hyd,Hyderabad Suburban,SCR,HYB,HYDERABAD DECCAN,LPI,LINGAMPALLI,25,0,40,07:20:00,06:40:00,,0,0,0,0,0,0
47103,Hyderabad Lingampalli MMTS,Hyd,Hyderabad Suburban,SCR,HYB,HYDERABAD DECCAN,LPI,LINGAMPALLI,25,0,40,08:00:00,07:20:00,,0,0,0,0,0,0
47104,Hyderabad Lingampalli MMTS,Hyd,Hyderabad Suburban,SCR,HYB,HYDERABAD DECCAN,LPI,LINGAMPALLI,25,0,40,08:30:00,07:50:00,,0,0,0,0,0,0
47105,Hyderabad Lingampalli MMTS,Hyd,Hyderabad Suburban,SCR,HYB,HYDERABAD DECCAN,LPI,LINGAMPALLI,25,0,40,09:00:00,08:20:00,,0,0,0,0,0,0
47106,Hyderabad Lingampalli MMTS,Hyd,Hyderabad Suburban,SCR,HYB,HYDERABAD DECCAN,LPI,LINGAMPALLI,25,0,40,09:40:00,09:00:00,,0,0,0,0,0,0
47107,Hyderabad Lingampalli MMTS,Hyd,Hyderabad Suburban,SCR,HYB,HYDERABAD DECCAN,LPI,LINGAMPALLI,25,0,40,10:15:00,09:35:00,,0,0,0,0,0,0
47108,Hyderabad Lingampalli MMTS,Hyd,Hyderabad Suburban,SCR,HYB,HYDERABAD DECCAN,LPI,LINGAMPALLI,25,0,40,10:50:00,10:10:00,,0,0,0,0,0,0
47109,Hyderabad Lingampalli MMTS,Hyd,Hyderabad Suburban,SCR,HYB,HYDERABAD DECCAN,LPI,LINGAMPALLI,24,0,40,11:30:00,10:50:00,,0,0,0,0,0,0
47110,Hyderabad Lingampalli MMTS,Hyd,Hyderabad Suburban,SCR,HYB,HYDERABAD DECCAN,LPI,LINGAMPALLI,24,0,40,12:05:00,11:25:00,,0,0,0,0,0,0
47111,Hyderabad Lingampalli MMTS,Hyd,Hyderabad Suburban,SCR,HYB,HYDERABAD DECCAN,LPI,LINGAMPALLI,25,0,45,12:40:00,11:55:00,,0,0,0,0,0,0
47112,Hyderabad Lingampalli MMTS,Hyd,Hyderabad Suburban,SCR,HYB,HYDERABAD DECCAN,LPI,LINGAMPALLI,25,0,40,13:45:00,13:05:00,,0,0,0,0,0,0
54313,Chandausi Moradabad Passenger,Pass,Passenger,NR,CH,CHANDAUSI JN,MB,MORADABAD,44,1,35,19:30:00,17:55:00,54314,0,0,0,0,0,0
12952,Mumbai Rajdhani Express,Raj,Rajdhani,WR,NDLS,NEW DELHI,BCT,Mumbai Central,1384,16,5,08:35:00,16:30:00,12951,0,1,1,1,0,0
22404,New Delhi-Puducherry SF Exp,SF,Superfast,NR,NDLS,NEW DELHI,PDY,Puducherry,2384,42,55,18:45:00,23:50:00,22403,1,1,1,0,0,0
47113,Hyderabad Lingampalli MMTS,Hyd,Hyderabad Suburban,SCR,HYB,HYDERABAD DECCAN,LPI,LINGAMPALLI,25,0,40,15:10:00,14:30:00,,0,0,0,0,0,0
47114,Hyderabad Lingampalli MMTS,Hyd,Hyderabad Suburban,SCR,HYB,HYDERABAD DECCAN,LPI,LINGAMPALLI,25,0,40,15:50:00,15:10:00,,0,0,0,0,0,0
47116,Hyderabad Lingampalli MMTS,Hyd,Hyderabad Suburban,SCR,HYB,HYDERABAD DECCAN,LPI,LINGAMPALLI,25,0,40,16:40:00,16:00:00,,0,0,0,0,0,0
47117,Hyderabad Lingampalli MMTS,Hyd,Hyderabad Suburban,SCR,HYB,HYDERABAD DECCAN,LPI,LINGAMPALLI,25,0,50,17:40:00,16:50:00,,0,0,0,0,0,0
47118,Hyderabad Lingampalli MMTS,Hyd,Hyderabad Suburban,SCR,HYB,HYDERABAD DECCAN,LPI,LINGAMPALLI,25,0,45,18:20:00,17:35:00,,0,0,0,0,0,0
47119,Hyderabad Lingampalli MMTS,Hyd,Hyderabad Suburban,SCR,HYB,HYDERABAD DECCAN,LPI,LINGAMPALLI,25,0,40,18:45:00,18:05:00,,0,0,0,0,0,0
47120,Hyderabad Lingampalli MMTS,Hyd,Hyderabad Suburban,SCR,HYB,HYDERABAD DECCAN,LPI,LINGAMPALLI,25,0,40,19:40:00,19:00:00,,0,0,0,0,0,0
47121,Hyderabad Lingampalli MMTS,Hyd,Hyderabad Suburban,SCR,HYB,HYDERABAD DECCAN,LPI,LINGAMPALLI,25,0,45,20:15:00,19:30:00,,0,0,0,0,0,0
47122,Hyderabad Lingampalli MMTS,Hyd,Hyderabad Suburban,SCR,HYB,HYDERABAD DECCAN,LPI,LINGAMPALLI,25,0,40,20:40:00,20:00:00,,0,0,0,0,0,0
47127,Lingampalli Hyderabad MMTS,Hyd,Hyderabad Suburban,SCR,LPI,LINGAMPALLI,HYB,HYDERABAD DECCAN,25,0,40,06:40:00,06:00:00,,0,0,0,0,0,0
47128,Lingampalli Hyderabad MMTS,Hyd,Hyderabad Suburban,SCR,LPI,LINGAMPALLI,HYB,HYDERABAD DECCAN,25,0,40,07:40:00,07:00:00,,0,0,0,0,0,0
47129,Lingampalli Hyderabad MMTS,Hyd,Hyderabad Suburban,SCR,LPI,LINGAMPALLI,HYB,HYDERABAD DECCAN,25,0,40,08:10:00,07:30:00,,0,0,0,0,0,0
47130,Lingampalli Hyderabad MMTS,Hyd,Hyderabad Suburban,SCR,LPI,LINGAMPALLI,HYB,HYDERABAD DECCAN,25,0,40,08:50:00,08:10:00,,0,0,0,0,0,0
47132,Lingampalli Hyderabad MMTS,Hyd,Hyderabad Suburban,SCR,LPI,LINGAMPALLI,HYB,HYDERABAD DECCAN,25,0,45,09:55:00,09:10:00,,0,0,0,0,0,0
47133,Lingampalli Hyderabad MMTS,Hyd,Hyderabad Suburban,SCR,LPI,LINGAMPALLI,HYB,HYDERABAD DECCAN,25,0,40,10:35:00,09:55:00,,0,0,0,0,0,0
47134,Lingampalli Hyderabad MMTS,Hyd,Hyderabad Suburban,SCR,LPI,LINGAMPALLI,HYB,HYDERABAD DECCAN,24,0,40,11:05:00,10:25:00,,0,0,0,0,0,0
47135,Lingampalli Hyderabad MMTS,Hyd,Hyderabad Suburban,SCR,LPI,LINGAMPALLI,HYB,HYDERABAD DECCAN,24,0,40,11:40:00,11:00:00,,0,0,0,0,0,0
47136,Lingampalli Hyderabad MMTS,Hyd,Hyderabad Suburban,SCR,LPI,LINGAMPALLI,HYB,HYDERABAD DECCAN,24,0,40,12:20:00,11:40:00,,0,0,0,0,0,0
47137,Lingampalli Hyderabad MMTS,Hyd,Hyderabad Suburban,SCR,LPI,LINGAMPALLI,HYB,HYDERABAD DECCAN,25,0,40,12:55:00,12:15:00,,0,0,0,0,0,0
47138,Lingampalli Hyderabad MMTS,Hyd,Hyderabad Suburban,SCR,LPI,LINGAMPALLI,HYB,HYDERABAD DECCAN,25,0,40,13:30:00,12:50:00,,0,0,0,0,0,0
47139,Lingampalli Hyderabad MMTS,Hyd,Hyderabad Suburban,SCR,LPI,LINGAMPALLI,HYB,HYDERABAD DECCAN,25,0,40,15:45:00,15:05:00,,0,0,0,0,0,0
47140,Lingampalli Hyderabad MMTS,Hyd,Hyderabad Suburban,SCR,LPI,LINGAMPALLI,HYB,HYDERABAD DECCAN,25,0,40,16:40:00,16:00:00,,0,0,0,0,0,0
47141,Lingampalli Hyderabad MMTS,Hyd,Hyderabad Suburban,SCR,LPI,LINGAMPALLI,HYB,HYDERABAD DECCAN,25,0,40,17:30:00,16:50:00,,0,0,0,0,0,0
47142,Lingampalli Hyderabad MMTS,Hyd,Hyderabad Suburban,SCR,LPI,LINGAMPALLI,HYB,HYDERABAD DECCAN,25,0,40,18:50:00,18:10:00,,0,0,0,0,0,0
47149,Falaknuma Lingampalli MMTS,Hyd,Hyderabad Suburban,SCR,FM,KACHEGUDA FALAKNUMA,LPI,LINGAMPALLI,37,1,10,06:10:00,05:00:00,,0,0,0,0,0,0
47150,Falaknuma Lingampalli MMTS,Hyd,Hyderabad Suburban,SCR,FM,KACHEGUDA FALAKNUMA,LPI,LINGAMPALLI,37,1,15,06:55:00,05:40:00,,0,0,0,0,0,0
47151,Falaknuma Lingampalli MMTS,Hyd,Hyderabad Suburban,SCR,FM,KACHEGUDA FALAKNUMA,LPI,LINGAMPALLI,37,1,15,07:40:00,06:25:00,,0,0,0,0,0,0
47152,MATRABHOOMI LADIES SPL MMTS,Hyd,Hyderabad Suburban,SCR,FM,KACHEGUDA FALAKNUMA,LPI,LINGAMPALLI,37,1,25,08:50:00,07:25:00,,0,0,0,0,0,0
47153,Falaknuma Lingampalli MMTS,Hyd,Hyderabad Suburban,SCR,FM,KACHEGUDA FALAKNUMA,LPI,LINGAMPALLI,37,1,10,08:20:00,07:10:00,,0,0,0,0,0,0
47154,Falaknuma Lingampalli MMTS,Hyd,Hyderabad Suburban,SCR,FM,KACHEGUDA FALAKNUMA,LPI,LINGAMPALLI,37,1,20,09:15:00,07:55:00,,0,0,0,0,0,0
47155,Falaknuma Lingampalli MMTS,Hyd,Hyderabad Suburban,SCR,FM,KACHEGUDA FALAKNUMA,LPI,LINGAMPALLI,37,1,15,10:25:00,09:10:00,,0,0,0,0,0,0
47156,Falaknuma Lingampalli MMTS*,Hyd,Hyderabad Suburban,SCR,FM,KACHEGUDA FALAKNUMA,LPI,LINGAMPALLI,37,1,15,11:50:00,10:35:00,,0,0,0,0,0,0
47157,Falaknuma Lingampalli MMTS,Hyd,Hyderabad Suburban,SCR,FM,KACHEGUDA FALAKNUMA,LPI,LINGAMPALLI,37,1,20,12:15:00,10:55:00,,0,0,0,0,0,0
47158,Falaknuma Lingampalli MMTS,Hyd,Hyderabad Suburban,SCR,FM,KACHEGUDA FALAKNUMA,LPI,LINGAMPALLI,37,1,10,13:15:00,12:05:00,47159,0,0,0,0,1,0
47159,Lingampalli Falaknuma MMTS,Hyd,Hyderabad Suburban,SCR,LPI,LINGAMPALLI,FM,KACHEGUDA FALAKNUMA,37,1,15,22:15:00,21:00:00,47160,0,0,0,0,0,0
47160,Falaknuma Lingampalli MMTS,Hyd,Hyderabad Suburban,SCR,FM,KACHEGUDA FALAKNUMA,LPI,LINGAMPALLI,37,1,15,14:40:00,13:25:00,47159,0,0,0,0,0,0
47161,Falaknuma Lingampalli MMTS,Hyd,Hyderabad Suburban,SCR,FM,KACHEGUDA FALAKNUMA,LPI,LINGAMPALLI,37,1,15,16:05:00,14:50:00,,0,0,0,0,0,0
47162,Falaknuma Lingampalli MMTS,Hyd,Hyderabad Suburban,SCR,FM,KACHEGUDA FALAKNUMA,LPI,LINGAMPALLI,37,1,25,17:50:00,16:25:00,,0,0,0,0,0,0
47163,Falaknuma Lingampalli MMTS,Hyd,Hyderabad Suburban,SCR,FM,KACHEGUDA FALAKNUMA,LPI,LINGAMPALLI,37,1,15,18:15:00,17:00:00,,0,0,0,0,0,0
47164,Falaknuma Lingampalli MMTS,Hyd,Hyderabad Suburban,SCR,FM,KACHEGUDA FALAKNUMA,LPI,LINGAMPALLI,37,1,25,19:05:00,17:40:00,,0,0,0,0,0,0
47165,Falaknuma Lingampalli MMTS,Hyd,Hyderabad Suburban,SCR,FM,KACHEGUDA FALAKNUMA,LPI,LINGAMPALLI,37,1,15,11:15:00,10:00:00,,0,0,0,0,0,0
47166,Falaknuma Lingampalli MMTS,Hyd,Hyderabad Suburban,SCR,FM,KACHEGUDA FALAKNUMA,LPI,LINGAMPALLI,37,1,15,20:05:00,18:50:00,,0,0,0,0,0,0
47168,Secunderabad Lingampalli MMTS,Hyd,Hyderabad Suburban,SCR,FM,KACHEGUDA FALAKNUMA,SC,SECUNDERABAD JN,14,0,30,23:15:00,22:45:00,,0,0,0,0,0,0
47170,Falaknuma Lingampalli MMTS,Hyd,Hyderabad Suburban,SCR,FM,KACHEGUDA FALAKNUMA,LPI,LINGAMPALLI,37,1,15,22:45:00,21:30:00,47171,0,0,0,0,0,0
47171,Lingampalli Falaknuma MMTS,Hyd,Hyderabad Suburban,SCR,LPI,LINGAMPALLI,FM,KACHEGUDA FALAKNUMA,37,1,15,06:05:00,04:50:00,47170,0,0,0,0,0,0
47124,Hyderabad Lingampalli MMTS,Hyd,Hyderabad Suburban,SCR,HYB,HYDERABAD DECCAN,LPI,LINGAMPALLI,25,0,40,22:00:00,21:20:00,,0,0,0,0,0,0
47125,Hyderabad Lingampalli MMTS,Hyd,Hyderabad Suburban,SCR,HYB,HYDERABAD DECCAN,LPI,LINGAMPALLI,25,0,40,22:30:00,21:50:00,47126,0,0,0,0,0,0
47143,Lingampalli Hyderabad MMTS,Hyd,Hyderabad Suburban,SCR,LPI,LINGAMPALLI,HYB,HYDERABAD DECCAN,25,0,55,19:20:00,18:25:00,,0,0,0,0,0,0
47144,Lingampalli Hyderabad MMTS,Hyd,Hyderabad Suburban,SCR,LPI,LINGAMPALLI,HYB,HYDERABAD DECCAN,25,0,40,19:35:00,18:55:00,,0,0,0,0,0,0
47145,Lingampalli Hyderabad MMTS,Hyd,Hyderabad Suburban,SCR,LPI,LINGAMPALLI,HYB,HYDERABAD DECCAN,25,0,40,20:30:00,19:50:00,,0,0,0,0,0,0
47146,Lingampalli Hyderabad MMTS,Hyd,Hyderabad Suburban,SCR,LPI,LINGAMPALLI,HYB,HYDERABAD DECCAN,25,0,40,21:30:00,20:50:00,,0,0,0,0,0,0
47147,Lingampalli Hyderabad MMTS,Hyd,Hyderabad Suburban,SCR,LPI,LINGAMPALLI,HYB,HYDERABAD DECCAN,25,0,40,22:20:00,21:40:00,,0,0,0,0,0,0
47148,Lingampalli Hyderabad MMTS,Hyd,Hyderabad Suburban,SCR,LPI,LINGAMPALLI,HYB,HYDERABAD DECCAN,25,0,40,22:50:00,22:10:00,,0,0,0,0,0,0
47174,Lingampalli Falaknuma MMTS,Hyd,Hyderabad Suburban,SCR,LPI,LINGAMPALLI,FM,KACHEGUDA FALAKNUMA,37,1,20,08:30:00,07:10:00,,0,0,0,0,0,0
47175,Lingampalli Falaknuma MMTS,Hyd,Hyderabad Suburban,SCR,LPI,LINGAMPALLI,FM,KACHEGUDA FALAKNUMA,37,1,15,09:00:00,07:45:00,,0,0,0,0,0,0
47176,Lingampalli Falaknuma MMTS,Hyd,Hyderabad Suburban,SCR,LPI,LINGAMPALLI,FM,KACHEGUDA FALAKNUMA,37,1,15,09:45:00,08:30:00,,0,0,0,0,0,0
47177,Lingampalli Falaknuma MMTS,Hyd,Hyderabad Suburban,SCR,LPI,LINGAMPALLI,FM,KACHEGUDA FALAKNUMA,37,1,25,10:25:00,09:00:00,,0,0,0,0,0,0
47178,Lingampalli Falaknuma MMTS,Hyd,Hyderabad Suburban,SCR,LPI,LINGAMPALLI,FM,KACHEGUDA FALAKNUMA,37,1,15,10:40:00,09:25:00,,0,0,0,0,0,0
47179,Lingampalli Falaknuma MMTS,Hyd,Hyderabad Suburban,SCR,LPI,LINGAMPALLI,FM,KACHEGUDA FALAKNUMA,40,1,20,12:00:00,10:40:00,,0,0,0,0,0,0
47180,Lingampalli Falaknuma MMTS,Hyd,Hyderabad Suburban,SCR,LPI,LINGAMPALLI,FM,KACHEGUDA FALAKNUMA,37,1,15,13:15:00,12:00:00,,0,0,0,0,0,0
47181,Lingampalli Falaknuma MMTS,Hyd,Hyderabad Suburban,SCR,LPI,LINGAMPALLI,FM,KACHEGUDA FALAKNUMA,37,1,15,13:55:00,12:40:00,,0,0,0,0,0,0
47182,Lingampalli Falaknuma MMTS,Hyd,Hyderabad Suburban,SCR,LPI,LINGAMPALLI,FM,KACHEGUDA FALAKNUMA,37,1,15,14:35:00,13:20:00,,0,0,0,0,0,0
47183,Lingampalli Falaknuma MMTS,Hyd,Hyderabad Suburban,SCR,LPI,LINGAMPALLI,FM,KACHEGUDA FALAKNUMA,37,1,15,15:45:00,14:30:00,,0,0,0,0,0,0
47184,Lingampalli Falaknuma MMTS,Hyd,Hyderabad Suburban,SCR,LPI,LINGAMPALLI,FM,KACHEGUDA FALAKNUMA,37,1,10,16:05:00,14:55:00,,0,0,0,0,0,0
47185,Lingampalli Falaknuma MMTS,Hyd,Hyderabad Suburban,SCR,LPI,LINGAMPALLI,FM,KACHEGUDA FALAKNUMA,37,1,20,16:40:00,15:20:00,,0,0,0,0,0,0
47187,Lingampalli Falaknuma MMTS,Hyd,Hyderabad Suburban,SCR,LPI,LINGAMPALLI,FM,KACHEGUDA FALAKNUMA,37,1,20,18:30:00,17:10:00,,0,0,0,0,0,0
47188,Lingampalli Falaknuma Matrabhoomi Ladies MMTS,Hyd,Hyderabad Suburban,SCR,LPI,LINGAMPALLI,FM,KACHEGUDA FALAKNUMA,37,1,15,19:10:00,17:55:00,,0,0,0,0,0,0
47189,Lingampalli Falaknuma MMTS,Hyd,Hyderabad Suburban,SCR,LPI,LINGAMPALLI,FM,KACHEGUDA FALAKNUMA,37,1,10,12:35:00,11:25:00,,0,0,0,0,0,0
47190,Lingampalli-Falaknuma Matrubhoomi Ladies Spl MMTS,Hyd,Hyderabad Suburban,SCR,LPI,LINGAMPALLI,FM,KACHEGUDA FALAKNUMA,37,1,15,19:55:00,18:40:00,,0,0,0,0,0,0
47191,Lingampalli Falaknuma MMTS,Hyd,Hyderabad Suburban,SCR,LPI,LINGAMPALLI,FM,KACHEGUDA FALAKNUMA,37,1,20,20:35:00,19:15:00,,0,0,0,0,0,0
47192,Lingampalli Falaknuma MMTS,Hyd,Hyderabad Suburban,SCR,LPI,LINGAMPALLI,FM,KACHEGUDA FALAKNUMA,37,1,10,21:20:00,20:10:00,,0,0,0,0,0,0
47195,Lingampalli Secunderabad MMTS,Hyd,Hyderabad Suburban,SCR,LPI,LINGAMPALLI,SC,SECUNDERABAD JN,23,0,45,23:15:00,22:30:00,,0,0,0,0,0,0
47196,Secunderabad Hyderabad MMTS,Hyd,Hyderabad Suburban,SCR,SC,SECUNDERABAD JN,HYB,HYDERABAD DECCAN,8,0,25,05:35:00,05:10:00,,0,0,0,0,0,0
47197,Falaknuma Hyderabad MMTS,Hyd,Hyderabad Suburban,SCR,FM,KACHEGUDA FALAKNUMA,HYB,HYDERABAD DECCAN,22,1,0,09:45:00,08:45:00,,0,0,0,0,0,0
47198,Falaknuma Secunderabad MMTS,Hyd,Hyderabad Suburban,SCR,FM,KACHEGUDA FALAKNUMA,LPI,LINGAMPALLI,37,1,20,12:30:00,11:10:00,,0,0,0,0,0,0
47199,Falaknuma Hyderabad MMTS,Hyd,Hyderabad Suburban,SCR,FM,KACHEGUDA FALAKNUMA,HYB,HYDERABAD DECCAN,22,1,5,14:45:00,13:40:00,,0,0,0,0,0,0
47200,Falaknuma Hyderabad MMTS,Hyd,Hyderabad Suburban,SCR,FM,KACHEGUDA FALAKNUMA,HYB,HYDERABAD DECCAN,22,1,15,15:30:00,14:15:00,,0,0,0,0,0,0
47201,Falaknuma Hyderabad MMTS,Hyd,Hyderabad Suburban,SCR,FM,KACHEGUDA FALAKNUMA,HYB,HYDERABAD DECCAN,22,1,5,17:05:00,16:00:00,,0,0,0,0,0,0
47202,Falaknuma Hyderabad MMTS,Hyd,Hyderabad Suburban,SCR,FM,KACHEGUDA FALAKNUMA,HYB,HYDERABAD DECCAN,22,1,0,21:10:00,20:10:00,,0,0,0,0,0,0
47203,Falaknuma Lingampalli MMTS,Hyd,Hyderabad Suburban,SCR,FM,KACHEGUDA FALAKNUMA,LPI,LINGAMPALLI,37,1,15,22:00:00,20:45:00,,0,0,0,0,0,0
47204,Falaknuma Secunderabad MMTS,Hyd,Hyderabad Suburban,SCR,FM,KACHEGUDA FALAKNUMA,SC,SECUNDERABAD JN,14,0,30,23:00:00,22:30:00,47205,0,0,0,0,0,0
47206,HYB Falaknuma Local,Hyd,Hyderabad Suburban,SCR,HYB,HYDERABAD DECCAN,FM,KACHEGUDA FALAKNUMA,22,1,15,06:55:00,05:40:00,,0,0,0,0,0,0
47208,Hyderabad Falaknuma MMTS,Hyd,Hyderabad Suburban,SCR,HYB,HYDERABAD DECCAN,FM,KACHEGUDA FALAKNUMA,22,1,10,11:00:00,09:50:00,,0,0,0,0,0,0
47209,Hyderabad Falaknuma MMTS,Hyd,Hyderabad Suburban,SCR,HYB,HYDERABAD DECCAN,FM,KACHEGUDA FALAKNUMA,22,1,5,13:35:00,12:30:00,,0,0,0,0,0,0
47211,Falaknuma - Lingampalli Mathrubhoomi (LAdies Spl),Hyd,Hyderabad Suburban,SCR,FM,KACHEGUDA FALAKNUMA,LPI,LINGAMPALLI,37,1,20,09:50:00,08:30:00,47210,0,0,0,0,0,0
47214,Falaknuma - Lingampalli MMTS,Hyd,Hyderabad Suburban,SCR,FM,KACHEGUDA FALAKNUMA,LPI,LINGAMPALLI,37,1,15,12:50:00,11:35:00,47213,0,0,0,0,0,0
47216,Falaknuma - Lingampalli MMTS,Hyd,Hyderabad Suburban,SCR,FM,KACHEGUDA FALAKNUMA,LPI,LINGAMPALLI,37,1,25,15:55:00,14:30:00,47215,0,0,0,0,0,0
47218,Falaknuma - Lingampalli MMTS,Hyd,Hyderabad Suburban,SCR,FM,KACHEGUDA FALAKNUMA,LPI,LINGAMPALLI,37,1,15,19:10:00,17:55:00,47217,0,0,0,0,0,0
47220,Falaknuma - Lingampalli MMTS,Hyd,Hyderabad Suburban,SCR,FM,KACHEGUDA FALAKNUMA,LPI,LINGAMPALLI,37,1,15,22:20:00,21:05:00,47219,0,0,0,0,0,0
50104,Ratnagiri Dadar Passenger,Pass,Passenger,KR,RN,RATNAGIRI,DR,MUMBAI DADAR CENTRAL,422,8,50,14:20:00,05:30:00,50103,0,0,0,0,0,0
54306,Hapur Moradabad Passenger,Pass,Passenger,NR,HPU,HAPUR,MB,MORADABAD,118,2,45,22:15:00,19:30:00,54305,0,0,0,0,0,0
56214,TIRUPATI - CHAMARAJANAGAR Fast Passenger,Pass,Passenger,SWR,TPTY,TIRUPATI MAIN,CMNR,CHAMARAJANAGAR,535,15,55,12:50:00,20:55:00,56213,1,0,0,0,1,0
12393,Sampoorna Kranti Express,SF,Superfast,ER,RJPB,RAJENDRA NAGAR BIHAR,NDLS,NEW DELHI,1001,15,0,08:35:00,17:35:00,12394,1,1,1,1,0,0
15235,Howrah-Darbhanga Express,Exp,Express,ECR,HWH,HOWRAH JN,DBG,DARBHANGA JN,536,11,10,22:15:00,11:05:00,15236,1,1,1,0,0,0
18612,Varanasi-Ranchi Express,Exp,Express,SER,BSB,VARANASI JN,RNC,RANCHI,575,13,25,04:15:00,14:50:00,18611,1,0,0,0,0,0
19303,InterCity Express,Exp,Express,WR,RTM,RATLAM JN,BPL,BHOPAL JN,280,5,25,11:25:00,06:00:00,,0,0,0,0,0,0
47193,Lingampalli Falaknuma MMTS,Hyd,Hyderabad Suburban,SCR,LPI,LINGAMPALLI,FM,KACHEGUDA FALAKNUMA,37,1,30,22:00:00,20:30:00,,0,0,0,0,0,0
47194,Lingampalli Falaknuma MMTS,Hyd,Hyderabad Suburban,SCR,LPI,LINGAMPALLI,FM,KACHEGUDA FALAKNUMA,37,1,20,23:05:00,21:45:00,,0,0,0,0,0,0
47210,Lingampalli Falaknuma MMTS,Hyd,Hyderabad Suburban,SCR,LPI,LINGAMPALLI,FM,KACHEGUDA FALAKNUMA,37,1,15,18:45:00,17:30:00,47211,0,0,0,0,0,0
47212,Lingampalli Falaknuma MMTS,Hyd,Hyderabad Suburban,SCR,LPI,LINGAMPALLI,FM,KACHEGUDA FALAKNUMA,37,1,15,11:25:00,10:10:00,47211,0,0,0,0,0,0
47213,Lingampalli Falaknuma MMTS,Hyd,Hyderabad Suburban,SCR,LPI,LINGAMPALLI,FM,KACHEGUDA FALAKNUMA,37,1,20,08:15:00,06:55:00,47214,0,0,0,0,0,0
47215,Lingampalli Falaknuma MMTS,Hyd,Hyderabad Suburban,SCR,LPI,LINGAMPALLI,FM,KACHEGUDA FALAKNUMA,37,1,20,14:20:00,13:00:00,47214,0,0,0,0,0,0
47217,Lingampalli Falaknuma MMTS,Hyd,Hyderabad Suburban,SCR,LPI,LINGAMPALLI,FM,KACHEGUDA FALAKNUMA,37,1,15,17:45:00,16:30:00,47216,0,0,0,0,0,0
47219,Lingampalli Falaknuma MMTS,Hyd,Hyderabad Suburban,SCR,LPI,LINGAMPALLI,FM,KACHEGUDA FALAKNUMA,37,1,15,20:45:00,19:30:00,47218,0,0,0,0,0,0
50107,Sawantwadi Madgaon Passenger,Pass,Passenger,KR,SWV,SAWANTWADI ROAD,MAO,MADGAON,110,2,15,19:30:00,17:15:00,50108,0,0,0,0,0,0
50108,Madgaon Sawantwadi Passenger,Pass,Passenger,KR,MAO,MADGAON,SWV,SAWANTWADI ROAD,110,2,5,08:20:00,06:15:00,50107,0,0,0,0,0,0
51027,MumbaiCST-Pandharpur Fast Passenger,Pass,Passenger,CR,CSTM,MUMBAI CST,PVR,PANDHARPUR,429,10,45,09:40:00,22:55:00,51028,1,0,0,0,0,0
51028,Pandharpur-Mumbai Fast Passenger,Pass,Passenger,CR,PVR,PANDHARPUR,CSTM,MUMBAI CST,429,10,15,04:10:00,17:55:00,51027,1,0,0,0,0,0
51029,Bijapur Fast Passenger,Pass,Passenger,CR,CSTM,MUMBAI CST,BJP,BIJAPUR,565,13,55,12:50:00,22:55:00,51030,1,0,0,0,0,0
51030,Bijapur Mumbai Fast Passenger,Pass,Passenger,CR,BJP,BIJAPUR,CSTM,MUMBAI CST,564,13,10,04:10:00,15:00:00,51029,1,0,0,0,0,0
51033,Mumbai Sainagar Shirdi Fast Pass(Via Daund),Pass,Passenger,CR,CSTM,MUMBAI CST,SNSI,SAINAGAR SHIRDI,455,12,0,10:55:00,22:55:00,51034,1,1,0,0,0,0
51034,Sainagar Shirdi-Mumbai Fast Passenger(Via Daund),Pass,Passenger,CR,SNSI,SAINAGAR SHIRDI,CSTM,MUMBAI CST,455,11,30,04:10:00,16:40:00,51033,1,1,0,0,0,0
51116,Dhule Dadar Passenger Composite,Pass,Passenger,CR,DHI,Dhule,DR,MUMBAI DADAR CENTRAL,375,8,40,04:00:00,19:20:00,,1,1,0,0,0,0
51117,Katni Chopan Mix Passenger,Pass,Passenger,CR,KTE,KATNI,CPU,CHOPAN,326,8,50,19:05:00,10:15:00,51118,0,0,0,0,0,0
51118,Chopan Katni Passenger,Pass,Passenger,CR,CPU,CHOPAN,KTE,KATNI,326,9,30,16:45:00,07:15:00,51117,0,0,0,0,0,0
51135,Badnera Amravati Passenger,Pass,Passenger,CR,BD,BADNERA JN,AMI,Amravati,6,0,15,01:45:00,01:30:00,51136,0,0,0,0,0,0
51136,Amravati Badnera Passenger,Pass,Passenger,CR,AMI,Amravati,BD,BADNERA JN,6,0,15,02:30:00,02:15:00,51137,0,0,0,0,0,0
51137,Badnera Amravati Passenger,Pass,Passenger,CR,BD,BADNERA JN,AMI,Amravati,9,0,15,03:35:00,03:20:00,51136,0,0,0,0,0,0
51138,Amravati Badnera Passenger,Pass,Passenger,CR,AMI,Amravati,BD,BADNERA JN,6,0,15,04:25:00,04:10:00,51137,0,0,0,0,0,0
51139,Badnera Amravati Passenger,Pass,Passenger,CR,BD,BADNERA JN,AMI,Amravati,6,0,15,06:40:00,06:25:00,51140,0,0,0,0,0,0
51140,Amravati Badnera Passenger,Pass,Passenger,CR,AMI,Amravati,BD,BADNERA JN,6,0,15,07:20:00,07:05:00,51139,0,0,0,0,0,0
51141,Badnera Amravati Passenger,Pass,Passenger,CR,BD,BADNERA JN,AMI,Amravati,6,0,15,11:15:00,11:00:00,51142,0,0,0,0,0,0
51142,Amravati Badnera Passenger,Pass,Passenger,CR,AMI,Amravati,BD,BADNERA JN,6,0,15,12:00:00,11:45:00,51141,0,0,0,0,0,0
51145,Badnera Amravati Mix Passenger,Pass,Passenger,CR,BD,BADNERA JN,AMI,Amravati,6,0,15,18:15:00,18:00:00,51146,0,0,0,0,0,0
51146,Amravati Badnera Passenger,Pass,Passenger,CR,AMI,Amravati,BD,BADNERA JN,6,0,15,19:00:00,18:45:00,51145,0,0,0,0,0,0
51147,Badnera Amravati Passenger,Pass,Passenger,CR,BD,BADNERA JN,AMI,Amravati,6,0,15,20:05:00,19:50:00,51146,0,0,0,0,0,0
51148,Amravati Badnera Passenger,Pass,Passenger,CR,AMI,Amravati,BD,BADNERA JN,6,0,15,20:40:00,20:25:00,51147,0,0,0,0,0,0
51149,Badnera Amravati Passenger,Pass,Passenger,CR,BD,BADNERA JN,AMI,Amravati,6,0,15,23:10:00,22:55:00,51148,0,0,0,0,0,0
51150,Amravati Badnera Passenger,Pass,Passenger,CR,AMI,Amravati,BD,BADNERA JN,6,0,15,23:55:00,23:40:00,51149,0,0,0,0,0,0
51181,Devlali Bhusaval Passenger,Pass,Passenger,CR,DVL,DEVLALI,BSL,BHUSAVAL JN,262,5,30,10:20:00,04:50:00,51182,0,0,0,0,0,0
51182,Bhusaval Devlali Passenger,Pass,Passenger,CR,BSL,BHUSAVAL JN,DVL,DEVLALI,262,5,45,23:00:00,17:15:00,51181,0,0,0,0,0,0
51187,BHUSAVAL - KATNI Passenger,Pass,Passenger,CR,BSL,BHUSAVAL JN,KTE,KATNI,657,17,55,03:25:00,09:30:00,51188,1,0,0,0,0,0
51188,KATNI - BHUSAVAL Passenger,Pass,Passenger,CR,KTE,KATNI,BSL,BHUSAVAL JN,657,18,40,17:00:00,22:20:00,51187,0,0,0,0,0,0
51190,ALLAHABAD - ITARSI Passenger,Pass,Passenger,CR,ALD,ALLAHABAD JN,ET,ITARSI JN,611,20,30,15:30:00,19:00:00,51189,0,0,0,0,0,0
51197,Bhusaval Wardha Passenger,Pass,Passenger,CR,BSL,BHUSAVAL JN,WR,WARDHA JN,314,7,5,21:35:00,14:30:00,51198,0,0,0,0,0,0
51198,Wardha Bhusaval Passenger,Pass,Passenger,CR,WR,WARDHA JN,BSL,BHUSAVAL JN,314,9,0,08:00:00,23:00:00,51197,0,0,0,0,0,0
54316,Saharanpur Moradabad Passenger,Pass,Passenger,NR,SRE,SAHARANPUR,MB,MORADABAD,194,5,35,09:20:00,03:45:00,54315,0,0,0,0,0,0
54391,ALIGARH -  MORADABAD PASSENGER,Pass,Passenger,NR,ALJN,ALIGARH JN,MB,MORADABAD,142,5,10,09:30:00,04:20:00,54392,0,0,0,0,0,0
54396,NAJIBABAD - MORADABAD PASSENGER,Pass,Passenger,NR,NBD,NAJIBABAD JN,MB,MORADABAD,161,5,15,09:15:00,04:00:00,54395,0,0,0,0,0,0
12434,Delhi H.Nizamuddin-Chennai Central Rajdhani Expres,Raj,Rajdhani,NR,NZM,DELHI H NIZAMUDDIN,MAS,CHENNAI CENTRAL,2176,28,15,20:15:00,16:00:00,12433,0,1,1,1,0,0
50105,Diva Sawantwadi Passenger,Pass,Passenger,KR,DIVA,DIVA,SWV,SAWANTWADI ROAD,613,11,0,17:20:00,06:20:00,50106,0,0,0,0,0,0
51153,Mumbai Bhusaval Passenger,Pass,Passenger,CR,CSTM,MUMBAI CST,BSL,BHUSAVAL JN,442,12,30,17:50:00,05:20:00,51154,0,0,0,0,0,0
51154,Bhusaval Mumbai Passenger,Pass,Passenger,CR,BSL,BHUSAVAL JN,CSTM,MUMBAI CST,442,13,10,20:15:00,07:05:00,51153,0,0,0,0,0,0
51157,Bhusaval Itarsi Passenger,Pass,Passenger,CR,BSL,BHUSAVAL JN,ET,ITARSI JN,322,9,25,05:55:00,20:30:00,51158,0,0,0,0,0,0
51183,Bhusaval Amravati Passenger,Pass,Passenger,WCR,BSL,BHUSAVAL JN,AMI,Amravati,225,6,0,12:30:00,06:30:00,51284,0,0,0,0,0,0
51195,Wardha Balharshah Passenger,Pass,Passenger,CR,WR,WARDHA JN,BPQ,BALHARSHAH,132,3,15,10:30:00,07:15:00,,0,0,0,0,0,0
51254,Chhindwara Amla Passenger,Pass,Passenger,WCR,CWA,Chhindwara Junction,AMLA,AMLA JN,115,3,10,20:10:00,17:00:00,51253,0,0,0,0,0,0
51255,Junnor Deo Chhindwara Passenger,Pass,Passenger,WCR,JNO,Junnor Deo,CWA,Chhindwara Junction,47,1,30,16:00:00,14:30:00,51256,0,0,0,0,0,0
51256,Chhindwara Junnor Deo Passenger,Pass,Passenger,WCR,CWA,Chhindwara Junction,JNO,Junnor Deo,47,1,30,14:00:00,12:30:00,51255,0,0,0,0,0,0
51259,Wardha Nagpur Passenger,Pass,Passenger,WCR,WR,WARDHA JN,NGP,NAGPUR,78,2,7,20:15:00,18:08:00,51260,0,0,0,0,0,0
51260,Nagpur Wardha Passenger,Pass,Passenger,WCR,NGP,NAGPUR,WR,WARDHA JN,78,1,35,09:35:00,08:00:00,51259,0,0,0,0,0,0
51262,Wardha Amravati Passenger,Pass,Passenger,WCR,WR,WARDHA JN,AMI,Amravati,101,5,10,14:55:00,09:45:00,51261,0,0,0,0,0,0
51286,Nagpur Bhusaval Passenger,Pass,Passenger,WCR,NGP,NAGPUR,BSL,BHUSAVAL JN,392,10,5,14:55:00,04:50:00,51285,0,0,0,0,0,0
51293,Nagpur Amla Passenger,Pass,Passenger,CR,NGP,NAGPUR,AMLA,AMLA JN,168,4,20,22:35:00,18:15:00,51294,0,0,0,0,0,0
51294,Amla Nagpur Passenger,Pass,Passenger,CR,AMLA,AMLA JN,NGP,NAGPUR,168,4,45,09:15:00,04:30:00,51293,0,0,0,0,0,0
51323,Daund Baramati Shuttle,Pass,Passenger,CR,DD,DAUND JN,BRMT,Baramati,44,1,20,06:45:00,05:25:00,,0,0,0,0,0,0
51325,Pune-Daund Shuttle,Pass,Passenger,CR,PUNE,PUNE JN,DD,DAUND JN,76,1,50,11:30:00,09:40:00,,0,0,0,0,0,0
51327,Daund -Baramati Shuttle.,Pass,Passenger,CR,DD,DAUND JN,BRMT,Baramati,44,1,20,15:55:00,14:35:00,,0,0,0,0,0,0
51348,Baramati Daund Passenger,Pass,Passenger,CR,BRMT,Baramati,DD,DAUND JN,43,1,20,23:30:00,22:10:00,,0,0,0,0,0,0
51350,Daund-Pune Fast Shuttle,Pass,Passenger,CR,DD,DAUND JN,PUNE,PUNE JN,76,1,45,08:50:00,07:05:00,,0,0,0,0,0,0
51353,Pune -Daund Shuttle.,Pass,Passenger,CR,PUNE,PUNE JN,DD,DAUND JN,76,1,48,21:53:00,20:05:00,,0,0,0,0,0,0
51401,Pune Manmad Passenger(Via Daund),Pass,Passenger,CR,PUNE,PUNE JN,MMR,MANMAD JN,313,9,20,09:50:00,00:30:00,51402,1,0,0,0,0,0
51402,Manmad-Pune Passenger(Via Daund),Pass,Passenger,CR,MMR,MANMAD JN,PUNE,PUNE JN,313,9,40,07:35:00,21:55:00,51401,1,0,0,0,0,0
51405,Miraj- Castle Rock Passenger,Pass,Passenger,CR,MRJ,MIRAJ JN,CLR,CASTLE ROCK,213,5,50,23:15:00,17:25:00,51406,0,0,0,0,0,0
51406,Castle Rock Miraj Passenge,Pass,Passenger,CR,CLR,CASTLE ROCK,MRJ,MIRAJ JN,213,5,40,11:30:00,05:50:00,51405,0,0,0,0,0,0
51407,Miraj-Kolhapur Passenger,Pass,Passenger,CR,MRJ,MIRAJ JN,KOP,C SHAHU M RAJ KOLHAPUR TERM,47,1,15,18:10:00,16:55:00,51408,0,0,0,0,0,0
51408,Kolhapur Miraj Passenger,Pass,Passenger,CR,KOP,C SHAHU M RAJ KOLHAPUR TERM,MRJ,MIRAJ JN,47,1,25,22:55:00,21:30:00,51407,0,0,0,0,0,0
51411,Bellary-Dharwar Passenger,Pass,Passenger,CR,BAY,BELLARY JN,DWR,DHARWAR,229,6,15,20:35:00,14:20:00,,0,0,0,0,0,0
51412,Hubli Bellary Passenger,Pass,Passenger,CR,UBL,HUBLI JN,BAY,BELLARY JN,208,5,55,13:55:00,08:00:00,,0,0,0,0,0,0
51417,Karjat Pune Passenger,Pass,Passenger,CR,KJT,KARJAT,PUNE,PUNE JN,91,2,50,18:15:00,15:25:00,51418,0,0,0,0,0,0
51418,Pune Karjat Passenger,Pass,Passenger,CR,PUNE,PUNE JN,KJT,KARJAT,91,3,10,13:45:00,10:35:00,51417,0,0,0,0,0,0
51419,Miraj Hubli Passenger,Pass,Passenger,CR,MRJ,MIRAJ JN,UBL,HUBLI JN,280,7,30,15:00:00,07:30:00,51420,0,0,0,0,0,0
51420,Hubli Miraj Passenger,Pass,Passenger,CR,UBL,HUBLI JN,MRJ,MIRAJ JN,280,7,15,20:05:00,12:50:00,51419,0,0,0,0,0,0
51423,Igatpuri Manmad Shuttle,Pass,Passenger,CR,IGP,IGATPURI,MMR,MANMAD JN,123,2,25,20:35:00,18:10:00,51424,0,0,0,0,0,0
51424,Manmad Igatpuri Shuttle,Pass,Passenger,CR,MMR,MANMAD JN,IGP,IGATPURI,123,3,10,17:40:00,14:30:00,51423,0,0,0,0,0,0
51425,ParliVaijnath-Miraj Passenger,Pass,Passenger,CR,PRLI,PARLI VAIJNATH,MRJ,MIRAJ JN,438,11,10,18:20:00,07:10:00,51426,0,0,0,0,0,0
51426,Miraj-Parli Vaijnath Passenger,Pass,Passenger,CR,MRJ,MIRAJ JN,PRLI,PARLI VAIJNATH,438,9,30,06:00:00,20:30:00,51425,0,0,0,0,0,0
51427,Miraj C Shahu Maharaj Passenger,Pass,Passenger,CR,MRJ,MIRAJ JN,KOP,C SHAHU M RAJ KOLHAPUR TERM,47,1,20,15:15:00,13:55:00,51428,0,0,0,0,0,0
51428,C Shahu Maharaj Miraj Passenger,Pass,Passenger,CR,KOP,C SHAHU M RAJ KOLHAPUR TERM,MRJ,MIRAJ JN,47,1,15,12:05:00,10:50:00,51427,0,0,0,0,0,0
51429,Sangli-Kolhapur Passenger,Pass,Passenger,CR,SLI,SANGLI,KOP,C SHAHU M RAJ KOLHAPUR TERM,54,1,45,22:20:00,20:35:00,51430,0,0,0,0,0,0
51430,C Shahu Maharaj Sangli Passenger,Pass,Passenger,CR,KOP,C SHAHU M RAJ KOLHAPUR TERM,SLI,SANGLI,54,1,40,20:15:00,18:35:00,51429,0,0,0,0,0,0
51431,Miraj -Londa Passenger,Pass,Passenger,CR,MRJ,MIRAJ JN,LD,LONDA JN,189,5,15,11:25:00,06:10:00,51432,0,0,0,0,0,0
51432,Londa-Miraj Passenger,Pass,Passenger,CR,LD,LONDA JN,MRJ,MIRAJ JN,189,4,35,16:15:00,11:40:00,51431,0,0,0,0,0,0
54394,Gajraula Moradabad Passenger,Pass,Passenger,NR,GJL,GAJRAULA JN,MB,MORADABAD,54,2,25,15:25:00,13:00:00,54393,0,0,0,0,0,0
54397,Moradabad Sambahal Hatim Sarai Pass,Pass,Passenger,NR,SHTS,Sambhal Hatim Sarai,MB,MORADABAD,45,2,45,18:00:00,15:15:00,54398,0,0,0,0,0,0
55302,KGM-MB PASS.,Pass,Passenger,NER,KGM,KATHGODAM,MB,MORADABAD,116,4,50,12:20:00,07:30:00,55303,0,0,0,0,0,0
55304,KATHGODAM - MORADABAD Pass,Pass,Passenger,NER,KGM,KATHGODAM,MB,MORADABAD,131,6,20,22:35:00,16:15:00,55303,0,0,0,0,0,0
12368,Vikramshila Express,SF,Superfast,ER,ANVT,ANAND VIHAR TRM,BGP,BHAGALPUR,1206,21,45,12:25:00,14:40:00,12367,1,1,1,1,0,0
51284,Amravati Bhusaval Passenger,Pass,Passenger,WCR,AMI,Amravati,BSL,BHUSAVAL JN,225,6,0,19:00:00,13:00:00,51183,0,0,0,0,0,0
51324,Baramati-Daund- Pune Passenger,Pass,Passenger,CR,BRMT,Baramati,PUNE,PUNE JN,119,3,10,10:15:00,07:05:00,,0,0,0,0,0,0
51326,Baramati-Daund- Pune Shutte,Pass,Passenger,CR,BRMT,Baramati,PUNE,PUNE JN,120,3,20,19:40:00,16:20:00,,0,0,0,0,0,0
51409,Pune -Shree Chatrapati Shahu M(T) Kolhapur Pass,Pass,Passenger,CR,PUNE,PUNE JN,KOP,C SHAHU M RAJ KOLHAPUR TERM,318,10,15,19:30:00,09:15:00,51410,0,0,0,0,0,0
51410,Shree Chatrapati Shahu M(T) Kolhapur- Pune Passenger,Pass,Passenger,CR,KOP,C SHAHU M RAJ KOLHAPUR TERM,PUNE,PUNE JN,318,11,40,16:25:00,04:45:00,51409,0,0,0,0,0,0
51421,Pune-Nizamabad Pass,Pass,Passenger,CR,PUNE,PUNE JN,NZB,NIZAMABAD,771,19,55,10:20:00,14:25:00,51422,0,0,0,0,0,0
51422,Nizamabad Pune Passenger,Pass,Passenger,CR,NZB,NIZAMABAD,PUNE,PUNE JN,759,21,15,20:55:00,23:40:00,51421,0,0,0,0,0,0
51433,Nizamabad Pandharpur Passenger,Pass,Passenger,CR,NZB,NIZAMABAD,PVR,PANDHARPUR,533,15,50,05:10:00,13:20:00,51434,0,0,0,0,0,0
51434,Pandharpur Nizamabad Passenger,Pass,Passenger,CR,PVR,PANDHARPUR,NZB,NIZAMABAD,533,17,5,23:05:00,06:00:00,51433,0,0,0,0,0,0
51441,Satara C Shahu Maharaj Passenger,Pass,Passenger,CR,STR,SATARA,KOP,C SHAHU M RAJ KOLHAPUR TERM,181,4,30,09:55:00,05:25:00,51442,0,0,0,0,0,0
51442,C Shahu Maharaj Pune Passenger,Pass,Passenger,CR,KOP,C SHAHU M RAJ KOLHAPUR TERM,STR,SATARA,181,5,0,21:50:00,16:50:00,51441,0,0,0,0,0,0
51445,Pandharpur Miraj Passenger,Pass,Passenger,CR,PVR,PANDHARPUR,MRJ,MIRAJ JN,137,2,40,23:55:00,21:15:00,51446,1,0,0,0,0,0
51446,Miraj Pandharpur Passenger,Pass,Passenger,CR,MRJ,MIRAJ JN,PVR,PANDHARPUR,137,2,40,20:55:00,18:15:00,51445,0,0,0,0,0,0
51449,Pune Solapur Passenger,Pass,Passenger,CR,PUNE,PUNE JN,SUR,SOLAPUR JN,263,7,25,15:40:00,08:15:00,51450,0,0,0,0,0,0
51450,Solapur Pune Passenger,Pass,Passenger,CR,SUR,SOLAPUR JN,PUNE,PUNE JN,264,7,15,06:15:00,23:00:00,51449,1,0,0,0,0,0
51455,Pune Solapur Passenger,Pass,Passenger,CR,PUNE,PUNE JN,SUR,SOLAPUR JN,264,8,30,07:20:00,22:50:00,51456,1,0,0,0,0,0
51456,Sholapur Pune Passenger,Pass,Passenger,CR,SUR,SOLAPUR JN,PUNE,PUNE JN,263,6,55,19:05:00,12:10:00,51455,0,0,0,0,0,0
51458,Dharwad hubli Passenger,Pass,Passenger,CR,DWR,DHARWAR,UBL,HUBLI JN,21,0,45,21:45:00,21:00:00,,0,0,0,0,0,0
51461,Miraj Belgaum Passenger,Pass,Passenger,CR,MRJ,MIRAJ JN,BGM,BELGAUM,137,3,25,13:15:00,09:50:00,51462,0,0,0,0,0,0
51462,Belgaum Miraj Passenger,Pass,Passenger,CR,BGM,BELGAUM,MRJ,MIRAJ JN,137,2,55,08:55:00,06:00:00,51463,0,0,0,0,0,0
51463,Miraj Belgaum Passenger,Pass,Passenger,CR,MRJ,MIRAJ JN,BGM,BELGAUM,137,3,30,22:30:00,19:00:00,51462,0,0,0,0,0,0
51464,Belgaum Miraj Passenger,Pass,Passenger,CR,BGM,BELGAUM,MRJ,MIRAJ JN,137,3,30,18:00:00,14:30:00,51463,0,0,0,0,0,0
51601,Bina Katni Passenger,Pass,Passenger,CR,BINA,BINA JN,KTE,KATNI,263,7,50,13:45:00,05:55:00,51602,0,0,0,0,0,0
51602,Katni Bina Passenger,Pass,Passenger,CR,KTE,KATNI,BINA,BINA JN,263,8,25,06:40:00,22:15:00,51601,0,0,0,0,0,0
51605,Katni Chirmiri Passenger,Pass,Passenger,CR,KTE,KATNI,CHRM,Chirmiri,254,8,1,00:31:00,16:30:00,51606,0,0,0,0,0,0
51607,Bina Guna Passenger,Pass,Passenger,CR,BINA,BINA JN,GUNA,GUNA,118,3,5,10:05:00,07:00:00,51608,0,0,0,0,0,0
51608,Guna Bina Passenger,Pass,Passenger,WCR,GUNA,GUNA,BINA,BINA JN,118,3,25,14:10:00,10:45:00,51607,0,0,0,0,0,0
51609,Bina Guna Passenger,Pass,Passenger,WCR,BINA,BINA JN,GUNA,GUNA,118,3,0,18:10:00,15:10:00,51608,0,0,0,0,0,0
51610,Guna Bina Passenger,Pass,Passenger,CR,GUNA,GUNA,BINA,BINA JN,118,3,0,21:45:00,18:45:00,51609,0,0,0,0,0,0
51611,KOTA - BINA Passenger,Pass,Passenger,WCR,KOTA,KOTA JN,BINA,BINA JN,303,9,15,17:20:00,08:05:00,51612,0,0,0,0,0,0
51612,BINA - KOTA Passenger,Pass,Passenger,CR,BINA,BINA JN,KOTA,KOTA JN,303,8,35,19:20:00,10:45:00,51611,0,0,0,0,0,0
51614,KATNI - KOTA Passenger,Pass,Passenger,WCR,KMZ,KATNI MURWARA,KOTA,KOTA JN,455,13,30,06:50:00,17:20:00,51613,0,0,0,0,0,0
51632,Bina Bhopal Passenger,Pass,Passenger,WCR,BINA,BINA JN,BPL,BHOPAL JN,138,4,5,21:05:00,17:00:00,51631,0,0,0,0,0,0
51674,SATNA - ITARSI Passenger,Pass,Passenger,CR,STA,SATNA,ET,ITARSI JN,434,9,45,23:15:00,13:30:00,51673,0,0,0,0,0,0
51675,Katni Chopan Fast Passenger,Pass,Passenger,CR,KTE,KATNI,CPU,CHOPAN,326,9,20,06:05:00,20:45:00,51676,0,0,0,0,0,0
51676,Chopan Katni Passenger,Pass,Passenger,CR,CPU,CHOPAN,KTE,KATNI,326,8,47,08:25:00,23:38:00,51675,0,0,0,0,0,0
51677,Chopan Shaktinagar Passenger,Pass,Passenger,CR,CPU,CHOPAN,SKTN,Shakti Nagar,83,2,20,12:40:00,10:20:00,51678,0,0,0,0,0,0
51678,Shaktinagar Chopan Passenger,Pass,Passenger,CR,SKTN,Shakti Nagar,CPU,CHOPAN,83,2,40,15:50:00,13:10:00,51677,0,0,0,0,0,0
51683,Khandwa Bir Shuttle,Pass,Passenger,CR,KNW,KHANDWA,BIR,Bir,33,0,55,09:50:00,08:55:00,51684,0,0,0,0,0,0
51684,Bir Khandwa Shuttle,Pass,Passenger,CR,BIR,Bir,KNW,KHANDWA,33,0,50,07:30:00,06:40:00,51685,0,0,0,0,0,0
51685,Khandwa Bir Shuttle,Pass,Passenger,CR,KNW,KHANDWA,BIR,Bir,33,0,50,14:00:00,13:10:00,51684,0,0,0,0,0,0
51686,Bir Khandwa Shuttle,Pass,Passenger,CR,BIR,Bir,KNW,KHANDWA,33,0,45,10:50:00,10:05:00,51685,0,0,0,0,0,0
51687,Khandwa Bir Shuttle,Pass,Passenger,CR,KNW,KHANDWA,BIR,Bir,33,0,50,19:00:00,18:10:00,51686,0,0,0,0,0,0
51688,Bir Khandwa Shuttle,Pass,Passenger,CR,BIR,Bir,KNW,KHANDWA,33,0,55,16:10:00,15:15:00,51687,0,0,0,0,0,0
51689,Khandwa Bir Shuttle,Pass,Passenger,CR,KNW,KHANDWA,BIR,Bir,33,0,45,21:20:00,20:35:00,51688,0,0,0,0,0,0
51701,JABALPUR - REWA Passenger,Pass,Passenger,WCR,JBP,JABALPUR,REWA,REWA,238,5,40,13:10:00,07:30:00,51702,0,0,0,0,0,0
53450,Bhagalpur Banka Passenger,Pass,Passenger,ER,BGP,BHAGALPUR,BAKA,Banka,53,3,25,09:00:00,05:35:00,53449,0,0,0,0,0,0
51435,Pune Satara Passenger,Pass,Passenger,CR,PUNE,PUNE JN,STR,SATARA,137,4,35,21:40:00,17:05:00,51436,0,0,0,0,0,0
51436,Satara Pune Passenger,Pass,Passenger,CR,STR,SATARA,PUNE,PUNE JN,137,4,40,08:55:00,04:15:00,51435,0,0,0,0,0,0
51451,Pune-Daund- Baramati Passenger,Pass,Passenger,CR,PUNE,PUNE JN,BRMT,Baramati,120,3,10,10:20:00,07:10:00,51452,0,0,0,0,0,0
51452,Baramati-Daund-Pune Passenger,Pass,Passenger,CR,BRMT,Baramati,PUNE,PUNE JN,120,3,15,13:55:00,10:40:00,51451,0,0,0,0,0,0
51603,Sagar Katni Passenger,Pass,Passenger,CR,SGO,SAUGOR,KTE,KATNI,188,4,40,21:30:00,16:50:00,,0,0,0,0,0,0
51690,Bir Khandwa Shuttle,Pass,Passenger,CR,BIR,Bir,KNW,KHANDWA,33,0,45,20:00:00,19:15:00,51689,0,0,0,0,0,0
51751,Rewa Bilaspur Fast Passenger,Pass,Passenger,WCR,REWA,REWA,BSP,BILASPUR JN,466,13,15,10:15:00,21:00:00,51752,1,0,0,0,0,0
51752,Bilaspur Rewa Fast Passenger,Pass,Passenger,WCR,BSP,BILASPUR JN,REWA,REWA,466,12,55,06:30:00,17:35:00,51751,1,0,0,0,0,0
51753,Rewa Chirmiri Fast Passenger,Pass,Passenger,WCR,REWA,REWA,CHRM,Chirmiri,401,12,25,09:25:00,21:00:00,51754,1,0,0,0,0,0
51754,Chirmiri Rewa Fast Passenger,Pass,Passenger,SECR,CHRM,Chirmiri,REWA,REWA,401,15,45,06:30:00,14:45:00,51753,1,0,0,0,0,0
51755,Chirmiri Manendragarh Passenger,Pass,Passenger,?,CHRM,Chirmiri,MDGR,Manendragarh,22,1,0,11:45:00,10:45:00,51756,0,0,0,0,0,0
51756,Manendragarh Chirmiri Passenger,Pass,Passenger,?,MDGR,Manendragarh,CHRM,Chirmiri,22,1,0,14:15:00,13:15:00,51755,0,0,0,0,0,0
51763,Satna Manikpur Passenger,Pass,Passenger,WCR,STA,SATNA,MKP,MANIKPUR JN,77,2,5,08:05:00,06:00:00,51764,0,0,0,0,0,0
51764,Manikpur Satna Passenger,Pass,Passenger,WCR,MKP,MANIKPUR JN,STA,SATNA,77,1,55,10:20:00,08:25:00,51765,0,0,0,0,0,0
51765,Satna Manikpur Passenger,Pass,Passenger,WCR,STA,SATNA,MKP,MANIKPUR JN,77,2,20,19:15:00,16:55:00,51764,0,0,0,0,0,0
51766,Manikpur Satna Passenger,Pass,Passenger,WCR,MKP,MANIKPUR JN,STA,SATNA,77,2,5,21:45:00,19:40:00,51765,0,0,0,0,0,0
51767,Katni Satna Passenger,Pass,Passenger,WCR,KTE,KATNI,STA,SATNA,99,1,50,16:00:00,14:10:00,51768,0,0,0,0,0,0
51768,Satna Katni Passenger,Pass,Passenger,WCR,STA,SATNA,KTE,KATNI,99,2,20,13:40:00,11:20:00,51767,0,0,0,0,0,0
51777,Gwalior Bhind Passenger,Pass,Passenger,NCR,GWL,GWALIOR JN,BIX,BHIND,79,2,25,08:40:00,06:15:00,51778,0,0,0,0,0,0
51778,Bhind Gwalior Passenger,Pass,Passenger,NCR,BIX,BHIND,GWL,GWALIOR JN,79,2,30,11:35:00,09:05:00,51779,0,0,0,0,0,0
51779,Gwalior Bhind Passenger,Pass,Passenger,NCR,GWL,GWALIOR JN,BIX,BHIND,79,2,25,16:40:00,14:15:00,51780,0,0,0,0,0,0
51780,Bhind Gwalior Passenger,Pass,Passenger,NCR,BIX,BHIND,GWL,GWALIOR JN,79,2,35,18:00:00,15:25:00,51779,0,0,0,0,0,0
51801,Mahoba Kanpur Pass,Pass,Passenger,NCR,MBA,MAHOBA,CNB,KANPUR CENTRAL,199,5,5,10:40:00,05:35:00,51802,0,0,0,0,0,0
51802,Kanpur Mahoba Passenger,Pass,Passenger,NCR,CNB,KANPUR CENTRAL,MBA,MAHOBA,191,5,5,21:45:00,16:40:00,51801,0,0,0,0,0,0
51803,Mahoba Banda Passenger,Pass,Passenger,NCR,MBA,MAHOBA,BNDA,BANDA JN,53,1,5,23:15:00,22:10:00,51804,0,0,0,0,0,0
51804,Banda Mahoba Passenger,Pass,Passenger,NCR,BNDA,BANDA JN,MBA,MAHOBA,53,1,5,05:05:00,04:00:00,51803,0,0,0,0,0,0
51805,Jhansi Banda Passenger,Pass,Passenger,NCR,JHS,JHANSI JN,BNDA,BANDA JN,191,4,15,21:40:00,17:25:00,51806,0,0,0,0,0,0
51806,Banda Jhansi Passenger,Pass,Passenger,NCR,BNDA,BANDA JN,JHS,JHANSI JN,191,4,40,10:05:00,05:25:00,51805,0,0,0,0,0,0
51807,Banda Manikpur Passenger,Pass,Passenger,NCR,BNDA,BANDA JN,MKP,MANIKPUR JN,99,2,30,00:30:00,22:00:00,51808,0,0,0,0,0,0
51808,Manikpur Banda Passenger,Pass,Passenger,NCR,MKP,MANIKPUR JN,BNDA,BANDA JN,99,2,50,03:50:00,01:00:00,51807,0,0,0,0,0,0
51809,Kanpur Tundla Passenger,Pass,Passenger,NCR,CNB,KANPUR CENTRAL,TDL,TUNDLA JN,232,6,5,20:10:00,14:05:00,51810,0,0,0,0,0,0
51810,Tundla Kanpur Passenger,Pass,Passenger,NCR,TDL,TUNDLA JN,CNB,KANPUR CENTRAL,232,7,10,14:00:00,06:50:00,51809,0,0,0,0,0,0
51811,Bina Jhansi Passenger,Pass,Passenger,NCR,BINA,BINA JN,JHS,JHANSI JN,153,3,55,18:55:00,15:00:00,51812,0,0,0,0,0,0
51812,Jhansi Bina Passenger,Pass,Passenger,NCR,JHS,JHANSI JN,BINA,BINA JN,153,4,0,11:35:00,07:35:00,51811,0,0,0,0,0,0
51813,Jhansi Lucknow Passenger,Pass,Passenger,NCR,JHS,JHANSI JN,LKO,LUCKNOW,294,8,30,11:20:00,02:50:00,51814,0,0,0,0,0,0
51814,Lucknow-Jhansi Passenger,Pass,Passenger,NCR,LKO,LUCKNOW,JHS,JHANSI JN,294,7,45,00:25:00,16:40:00,51813,0,0,0,0,0,0
51815,Jhansi Agra Passenger,Pass,Passenger,NCR,JHS,JHANSI JN,AGC,AGRA CANTT,216,5,5,12:30:00,07:25:00,51816,0,0,0,0,0,0
51818,BANDIKUI AGRA PASS,Pass,Passenger,NCR,BKI,BANDIKUI JN,AF,AGRA FORT,150,3,45,09:55:00,06:10:00,51817,0,0,0,0,0,0
51819,Jhansi Allahabad Passenger,Pass,Passenger,NCR,JHS,JHANSI JN,ALD,ALLAHABAD JN,390,11,35,18:45:00,07:10:00,51820,0,0,0,0,0,0
51821,JHANSI - KHUJURAHO Passenger,Pass,Passenger,NCR,JHS,JHANSI JN,KURJ,KHAJURAHO,201,4,45,11:55:00,07:10:00,51822,0,0,0,0,0,0
51822,KHUJURAHO - JHANSI Passenger,Pass,Passenger,NCR,KURJ,KHAJURAHO,JHS,JHANSI JN,201,5,40,18:10:00,12:30:00,51821,0,0,0,0,0,0
51828,Jhansi Itarsi Passenger,Pass,Passenger,NCR,JHS,JHANSI JN,ET,ITARSI JN,383,17,10,11:20:00,18:10:00,51827,0,0,0,0,0,0
51829,Nagpur Itarsi Passenger,Pass,Passenger,CR,NGP,NAGPUR,ET,ITARSI JN,320,9,45,17:45:00,08:00:00,51830,0,0,0,0,0,0
51830,Itarsi Nagpur Passenger,Pass,Passenger,CR,ET,ITARSI JN,NGP,NAGPUR,298,8,35,20:35:00,12:00:00,51829,0,0,0,0,0,0
51831,Jhansi Agra Passenger,Pass,Passenger,NCR,JHS,JHANSI JN,AGC,AGRA CANTT,216,5,15,23:35:00,18:20:00,51832,0,0,0,0,0,0
51832,Agra Jhansi Passenger,Pass,Passenger,NCR,AGC,AGRA CANTT,JHS,JHANSI JN,216,5,5,11:25:00,06:20:00,51831,0,0,0,0,0,0
51861,Ait Konch Passenger,Pass,Passenger,NCR,AIT,AIT,KNH,Konch,13,0,35,06:15:00,05:40:00,51862,0,0,0,0,0,0
55306,RAMNAGAR - MORADABAD Fast Passenger,Pass,Passenger,NER,RMR,RAMNAGAR,MB,MORADABAD,77,2,25,09:25:00,07:00:00,55305,0,0,0,0,0,0
51823,Farukhabad Allahabad kanpur Passenger,Pass,Passenger,NCR,ALD,ALLAHABAD JN,FBD,FARRUKHABAD,334,10,0,17:00:00,07:00:00,51824,0,0,0,0,0,0
51824,Farrukhabad Allahabad Passenger,Pass,Passenger,NCR,FBD,FARRUKHABAD,ALD,ALLAHABAD JN,334,10,5,20:05:00,10:00:00,51823,0,0,0,0,0,0
51825,Kanpur Farrukhabaad Passenger,Pass,Passenger,NCR,CNB,KANPUR CENTRAL,FBD,FARRUKHABAD,140,4,0,09:20:00,05:20:00,51826,0,0,0,0,0,0
51826,Farrukhabad Kanpur Passenger,Pass,Passenger,NCR,FBD,FARRUKHABAD,CNB,KANPUR CENTRAL,140,3,50,00:30:00,20:40:00,51825,0,0,0,0,0,0
51863,Ait Konch Passenger,Pass,Passenger,NCR,AIT,AIT,KNH,Konch,13,0,35,11:05:00,10:30:00,51862,0,0,0,0,0,0
51864,Konch Ait Passenger,Pass,Passenger,NCR,KNH,Konch,AIT,AIT,13,0,35,14:50:00,14:15:00,51863,0,0,0,0,0,0
51865,Ait Konch Passenger,Pass,Passenger,NCR,AIT,AIT,KNH,Konch,13,0,35,17:40:00,17:05:00,51864,0,0,0,0,0,0
51866,Konch Ait Passenger,Pass,Passenger,NCR,KNH,Konch,AIT,AIT,13,0,35,18:35:00,18:00:00,51865,0,0,0,0,0,0
51867,Ait Konch Passenger,Pass,Passenger,?,AIT,AIT,KNH,Konch,13,0,35,19:40:00,19:05:00,51866,0,0,0,0,0,0
51868,Konch Ait Passenger,Pass,Passenger,NCR,KNH,Konch,AIT,AIT,13,0,35,20:35:00,20:00:00,51867,0,0,0,0,0,0
51869,Ait Konch Passenger,Pass,Passenger,NCR,AIT,AIT,KNH,Konch,13,0,35,22:30:00,21:55:00,51868,0,0,0,0,0,0
51870,Konch Ait Passenger,Pass,Passenger,NCR,KNH,Konch,AIT,AIT,13,0,35,04:40:00,04:05:00,51869,0,0,0,0,0,0
51901,Agra Delhi Passenger,Pass,Passenger,NCR,AGC,AGRA CANTT,DLI,OLD DELHI,197,7,43,15:45:00,08:02:00,51902,0,0,0,0,0,0
51902,Delhi Agra Passenger,Pass,Passenger,NCR,DLI,OLD DELHI,AGC,AGRA CANTT,197,6,40,13:25:00,06:45:00,51901,0,0,0,0,0,0
51903,Delhi Rohtak Passenger,Pass,Passenger,NR,DLI,OLD DELHI,ROK,ROHTAK JN,70,2,15,11:15:00,09:00:00,51904,0,0,0,0,0,0
51904,Rohtak Delhi Passenger,Pass,Passenger,NR,ROK,ROHTAK JN,DLI,OLD DELHI,70,2,40,18:10:00,15:30:00,51903,0,0,0,0,0,0
51905,Delhi Shamli Passenger,Pass,Passenger,NR,DLI,OLD DELHI,SMQL,SHAMLI,94,3,25,22:55:00,19:30:00,51906,0,0,0,0,0,0
51906,Shamli Delhi Passenger,Pass,Passenger,NR,SMQL,SHAMLI,DLI,OLD DELHI,94,2,40,04:40:00,02:00:00,51905,0,0,0,0,0,0
51907,Shamli Saharanpur Passenger,Pass,Passenger,NR,SMQL,SHAMLI,SRE,SAHARANPUR,70,2,0,20:45:00,18:45:00,51908,0,0,0,0,0,0
51908,Saharanpur Shamli Passenger,Pass,Passenger,NR,SRE,SAHARANPUR,SMQL,SHAMLI,70,2,15,18:20:00,16:05:00,51907,0,0,0,0,0,0
51910,Saharanpur Delhi Passenger,Pass,Passenger,NR,SRE,SAHARANPUR,DLI,OLD DELHI,164,5,25,12:20:00,06:55:00,51909,0,0,0,0,0,0
51911,Delhi Shamli Saharanpur Passenger,Pass,Passenger,NR,DLI,OLD DELHI,SRE,SAHARANPUR,164,5,0,17:45:00,12:45:00,51910,0,0,0,0,0,0
51912,Saharanpur Delhi Passenger,Pass,Passenger,NR,SRE,SAHARANPUR,DLI,OLD DELHI,164,5,15,23:20:00,18:05:00,51911,0,0,0,0,0,0
51913,DELHI - SAHARANPUR Passenger,Pass,Passenger,NR,DLI,OLD DELHI,SRE,SAHARANPUR,164,4,55,23:00:00,18:05:00,51914,0,0,0,0,0,0
51914,SAHARANPUR - DELHI Passenger,Pass,Passenger,NR,SRE,SAHARANPUR,DLI,OLD DELHI,164,4,45,08:00:00,03:15:00,51913,0,0,0,0,0,0
51915,Delhi - Farukh Nagar Passenger,Pass,Passenger,NR,DLI,OLD DELHI,FN,Farukhnagar,52,1,45,01:20:00,23:35:00,51916,0,0,0,0,0,0
51916,Farukh Nagar - Delhi Passenger,Pass,Passenger,NR,FN,Farukhnagar,DLI,OLD DELHI,52,1,45,06:05:00,04:20:00,51915,0,0,0,0,0,0
51971,Mathura Alwar Passenger,Pass,Passenger,NCR,MTJ,MATHURA JN,AWR,ALWAR,122,2,55,12:50:00,09:55:00,51972,0,0,0,0,0,0
51972,Alwar Mathura Passenger,Pass,Passenger,NCR,AWR,ALWAR,MTJ,MATHURA JN,122,3,0,16:40:00,13:40:00,51971,0,0,0,0,0,0
51973,Mathura Alwar Bandikui Passenger,Pass,Passenger,NCR,MTJ,MATHURA JN,BKI,BANDIKUI JN,183,4,35,11:45:00,07:10:00,51974,0,0,0,0,0,0
51974,Bandikui Mathura Passenger,Pass,Passenger,NCR,BKI,BANDIKUI JN,MTJ,MATHURA JN,183,4,20,20:05:00,15:45:00,51973,0,0,0,0,0,0
51975,Kasganj-Mathura Passenger,Pass,Passenger,NER,KSJ,KASGANJ,MTJ,MATHURA JN,105,2,5,23:05:00,21:00:00,51976,0,0,0,0,0,0
51976,Mathura-KasGanj Passenger,Pass,Passenger,NER,MTJ,MATHURA JN,KSJ,KASGANJ,105,2,15,08:20:00,06:05:00,51975,0,0,0,0,0,0
52002,Waghai Bilimora Mix Passenger,Pass,Passenger,WR,WGI,Waghai,BIM,BILIMORA JN,63,3,5,17:35:00,14:30:00,52003,0,0,0,0,0,0
52003,Bilimora Waghai Mix Passenger,Pass,Passenger,WR,BIM,BILIMORA JN,WGI,Waghai,63,3,0,22:40:00,19:40:00,52004,0,0,0,0,0,0
52004,Waghai Bilimora Mix Passenger,Pass,Passenger,WR,WGI,Waghai,BIM,BILIMORA JN,63,3,20,09:20:00,06:00:00,52003,0,0,0,0,0,0
52011,Bilimora Waghai Pass,Pass,Passenger,?,BIM,BILIMORA JN,WGI,Waghai,63,3,0,13:20:00,10:20:00,52012,0,0,0,0,0,0
52012,Waghai Bilimora Pass,Pass,Passenger,?,WGI,Waghai,BIM,BILIMORA JN,63,3,5,17:35:00,14:30:00,52011,0,0,0,0,0,0
52013,Bilimora Waghai Pass,Pass,Passenger,?,BIM,BILIMORA JN,WGI,Waghai,63,3,0,22:40:00,19:40:00,52012,0,0,0,0,0,0
52014,Waghai Bilimora Pass,Pass,Passenger,?,WGI,Waghai,BIM,BILIMORA JN,63,3,20,09:20:00,06:00:00,52013,0,0,0,0,0,0
52015,Bharuch Kavi Passenger,Pass,Passenger,?,BH,BHARUCH JN,KAVI,Kavi,0,3,20,12:05:00,08:45:00,,0,0,0,0,0,0
52020,Dabhoi Miyagam Passenger,Pass,Passenger,WR,CDD,Chandod,MYG,MIYAGAM KARJAN,49,3,10,20:40:00,17:30:00,52019,0,0,0,0,0,0
52021,Moti Koral Miyagam Mix Passenger,Pass,Passenger,WR,MKRL,Moti Koral,MYG,MIYAGAM KARJAN,28,1,50,08:50:00,07:00:00,52022,0,0,0,0,0,0
52022,Miyagam Moti Koral Mix Passenger,Pass,Passenger,WR,MYG,MIYAGAM KARJAN,MKRL,Moti Koral,28,2,25,19:35:00,17:10:00,52021,0,0,0,0,0,0
52023,Malsar Dabhoi Mix Passenger,Pass,Passenger,WR,MLSR,Malsar,DB,Dabhoi Junction,70,4,40,09:30:00,04:50:00,52024,0,0,0,0,0,0
52024,Dabhoi Malsar Mix Passenger,Pass,Passenger,WR,DB,Dabhoi Junction,MLSR,Malsar,70,6,5,19:50:00,13:45:00,52023,0,0,0,0,0,0
55308,RAMNAGAR - MORADABAD PASSENGER,Pass,Passenger,NER,RMR,RAMNAGAR,MB,MORADABAD,76,2,20,13:05:00,10:45:00,55307,0,0,0,0,0,0
55310,RAMNAGAR - MORADABAD PASSENGER,Pass,Passenger,NER,RMR,RAMNAGAR,MB,MORADABAD,77,2,5,15:55:00,13:50:00,55309,0,0,0,0,0,0
51881,Gwalior Agra Fast Passenger,Pass,Passenger,NCR,GWL,GWALIOR JN,AGC,AGRA CANTT,118,2,55,21:00:00,18:05:00,51882,0,0,0,0,0,0
51883,Bina Gwalior Passenger,Pass,Passenger,NCR,BINA,BINA JN,GWL,GWALIOR JN,345,10,30,22:25:00,11:55:00,51884,0,0,0,0,0,0
51884,Gwalior Bina Passenger,Pass,Passenger,NCR,GWL,GWALIOR JN,BINA,BINA JN,345,9,25,17:55:00,08:30:00,51883,0,0,0,0,0,0
52025,Dabhoi Chandod Mix Passenger,Pass,Passenger,WR,DB,Dabhoi Junction,CDD,Chandod,17,0,45,17:00:00,16:15:00,52026,0,0,0,0,0,0
52026,Chandod Dabhoi Mix Passenger,Pass,Passenger,WR,CDD,Chandod,DB,Dabhoi Junction,17,0,50,10:00:00,09:10:00,52025,0,0,0,0,0,0
52027,Choranda Dabhoi Mix Passenger,Pass,Passenger,WR,CRND,Choranda Junction,DB,Dabhoi Junction,41,2,10,15:25:00,13:15:00,52028,0,0,0,0,0,0
52028,Dabhoi Choranda Mix Passenger,Pass,Passenger,WR,DB,Dabhoi Junction,CRND,Choranda Junction,41,3,0,12:55:00,09:55:00,52027,0,0,0,0,0,0
52033,Jambusar Pratapnagar Mix Passenger,Pass,Passenger,WR,JMB,Jambusar Junction,PRTN,Pratapnagar,51,3,0,09:20:00,06:20:00,52034,0,0,0,0,0,0
52034,Pratapnagar Jambusar Mix Passenger,Pass,Passenger,WR,PRTN,Pratapnagar,JMB,Jambusar Junction,51,3,0,21:10:00,18:10:00,52035,0,0,0,0,0,0
52035,Jambusar Pratapnagar Passenger,Pass,Passenger,WR,JMB,Jambusar Junction,PRTN,Pratapnagar,51,3,0,17:10:00,14:10:00,52036,0,0,0,0,0,0
52036,Pratapnagar Jambusar Passenger,Pass,Passenger,WR,PRTN,Pratapnagar,JMB,Jambusar Junction,51,3,0,13:00:00,10:00:00,52035,0,0,0,0,0,0
52037,Nadiad Bhadran Mix Passenger,Pass,Passenger,WR,ND,NADIAD JN,BDRN,Bhadran,62,3,10,12:25:00,09:15:00,52038,0,0,0,0,0,0
52038,Bhadran Nadiad Mix Passenger,Pass,Passenger,WR,BDRN,Bhadran,ND,NADIAD JN,62,3,15,17:25:00,14:10:00,52037,0,0,0,0,0,0
52041,Miyagam Dabhoi Mix Passenger,Pass,Passenger,WR,MYGL,MIYAGAM KARJAN JUNCTION NG,DB,Dabhoi Junction,32,1,40,11:30:00,09:50:00,52042,0,0,0,0,0,0
52042,Dabhoi Jn Miyagam Jn NG Passenger,Pass,Passenger,WR,DB,Dabhoi Junction,MYGL,MIYAGAM KARJAN JUNCTION NG,32,1,35,13:40:00,12:05:00,52041,0,0,0,0,0,0
52045,Miyagam Dabhoi Mix Passenger,Pass,Passenger,WR,MYG,MIYAGAM KARJAN,DB,Dabhoi Junction,32,1,25,18:35:00,17:10:00,52046,0,0,0,0,0,0
52046,Dabhoi Miyagam Mix Passenger,Pass,Passenger,WR,DB,Dabhoi Junction,MYG,MIYAGAM KARJAN,32,1,30,07:25:00,05:55:00,52045,0,0,0,0,0,0
52048,Umarpada Kosamba Passenger,Pass,Passenger,WR,UMPD,Umarpada,KSB,KOSAMBA JN,62,4,30,18:30:00,14:00:00,52047,0,0,0,0,0,0
52072,MAVLI - BARI SADRI PASSENGER,Pass,Passenger,NWR,MVJ,MAVLI JN,BI,BARI SADRI,82,2,50,12:30:00,09:40:00,52071,0,0,0,0,0,0
52073,Marwar Mavli Passenger,Pass,Passenger,NWR,MJ,MARWAR JN,MVJ,MAVLI JN,151,6,35,08:50:00,02:15:00,52074,0,0,0,0,0,0
52074,Mavli Marwar Passenger,Pass,Passenger,NWR,MVJ,MAVLI JN,MJ,MARWAR JN,151,6,35,23:05:00,16:30:00,52073,0,0,0,0,0,0
52075,Marwar Mavli Passenger,Pass,Passenger,NWR,MJ,MARWAR JN,MVJ,MAVLI JN,152,6,30,20:20:00,13:50:00,52076,0,0,0,0,0,0
52076,Mavli Marwar Passenger,Pass,Passenger,NWR,MVJ,MAVLI JN,MJ,MARWAR JN,152,6,35,13:10:00,06:35:00,52075,0,0,0,0,0,0
52082,Loharu Jaipur Passenger,Pass,Passenger,NWR,LHU,Loharu,JP,JAIPUR,229,6,55,22:55:00,16:00:00,52083,0,0,0,0,0,0
52083,Jaipur Loharu Passenger,Pass,Passenger,NWR,JP,JAIPUR,LHU,Loharu,229,7,50,18:00:00,10:10:00,52082,0,0,0,0,0,0
52084,Loharu Jaipur Passenger,Pass,Passenger,NWR,LHU,Loharu,JP,JAIPUR,229,6,50,15:20:00,08:30:00,52083,0,0,0,0,0,0
52085,Jaipur Churu Passenger,Pass,Passenger,NWR,JP,JAIPUR,CUR,Churu,198,5,20,11:25:00,06:05:00,52086,0,0,0,0,0,0
52086,Churu Jaipur Passenger,Pass,Passenger,NWR,CUR,Churu,JP,JAIPUR,198,5,25,17:45:00,12:20:00,52085,0,0,0,0,0,0
52087,Sikar Churu Passenger,Pass,Passenger,NWR,SIKR,Sikar Junction,CUR,Churu,91,2,10,18:40:00,16:30:00,52088,0,0,0,0,0,0
52088,Churu Sikar Passenger,Pass,Passenger,NWR,CUR,Churu,SIKR,Sikar Junction,91,2,20,10:20:00,08:00:00,52087,0,0,0,0,0,0
52101,Neral Matheran Passenger,Toy,Toy Train / Heritage,CR,NRL,NERAL,MAE,Matheran,21,2,0,09:30:00,07:30:00,52102,0,0,0,0,1,0
52102,Matheran Neral Passenger,Toy,Toy Train / Heritage,CR,MAE,Matheran,NRL,NERAL,126,1,35,08:35:00,07:00:00,52101,0,0,0,0,1,0
52103,Neral Matheran Passenger,Toy,Toy Train / Heritage,CR,NRL,NERAL,MAE,Matheran,126,2,10,11:10:00,09:00:00,52102,0,0,0,0,1,0
52104,Matheran Neral Passenger,Toy,Toy Train / Heritage,CR,MAE,Matheran,NRL,NERAL,21,1,45,11:35:00,09:50:00,52103,0,0,0,0,1,0
52105,Neral Matheran Passenger,Toy,Toy Train / Heritage,CR,NRL,NERAL,MAE,Matheran,126,1,55,12:25:00,10:30:00,52104,0,0,0,0,1,0
52106,Matheran Neral Passenger,Toy,Toy Train / Heritage,CR,MAE,Matheran,NRL,NERAL,126,1,35,15:25:00,13:50:00,52105,0,0,0,0,1,0
52108,Matheran Neral Passenger,Toy,Toy Train / Heritage,CR,MAE,Matheran,NRL,NERAL,21,1,35,16:50:00,15:15:00,52107,0,0,0,0,1,0
52109,Neral Matheran Passenger,Toy,Toy Train / Heritage,CR,NRL,NERAL,MAE,Matheran,126,1,55,19:00:00,17:05:00,52110,0,0,0,0,1,0
52110,Matheran Neral Passenger,Toy,Toy Train / Heritage,CR,MAE,Matheran,NRL,NERAL,126,1,40,18:10:00,16:30:00,52109,0,0,0,0,1,0
52121,Pachora Jamner Passenger,Pass,Passenger,CR,PC,PACHORA JN,JMNR,Jamner,56,2,5,10:05:00,08:00:00,52122,0,0,0,0,0,0
52123,Pachora Jamner Passenger,Pass,Passenger,CR,PC,PACHORA JN,JMNR,Jamner,56,2,20,16:05:00,13:45:00,52122,0,0,0,0,0,0
52131,Murtajapur Yavatmal Passenger,Pass,Passenger,CR,MZR,MURTAJAPUR,YTL,Yavatmal,218,4,35,11:40:00,07:05:00,52132,0,0,0,0,0,0
52132,Yavatmal Murtajapur Passenger,Pass,Passenger,CR,YTL,Yavatmal,MZR,MURTAJAPUR,218,4,15,16:25:00,12:10:00,52131,0,0,0,0,0,0
52137,Murtajapur Achalpur Passenger,Pass,Passenger,CR,MZR,MURTAJAPUR,ELP,Achalpur,76,3,30,10:45:00,07:15:00,52138,0,0,0,0,0,0
52138,Achalpur Murtajapur Passenger,Pass,Passenger,CR,ELP,Achalpur,MZR,MURTAJAPUR,76,3,30,14:45:00,11:15:00,52137,0,0,0,0,0,0
52143,Pulgaon Arvi Passenger,Pass,Passenger,CR,PLO,PULGAON JN,ARVI,Arvi,39,3,20,11:50:00,08:30:00,52144,0,0,0,0,0,0
52144,Arvi Pulgaon Passenger,Pass,Passenger,CR,ARVI,Arvi,PLO,PULGAON JN,39,3,20,15:30:00,12:10:00,52143,0,0,0,0,0,0
55312,KASHIPUR - MORADABAD PASSENGER,Pass,Passenger,NER,KPV,KASHIPUR,MB,MORADABAD,50,1,40,19:30:00,17:50:00,55311,0,0,0,0,0,0
14055,DIBRUGARH - OLD DELHI Brahmaputra Exp,Mail,Mail/Express,NR,DBRG,DIBRUGARH,DLI,OLD DELHI,2589,54,55,06:05:00,23:10:00,14056,1,1,1,0,0,0
15959,HOWRAH - DIBRUGARH Kamrup Exp,Exp,Express,NFR,HWH,HOWRAH JN,DBRG,DIBRUGARH,1528,36,10,05:45:00,17:35:00,15960,1,1,1,0,0,0
52122,Jamner Pachora Passenger,Pass,Passenger,CR,JMNR,Jamner,PC,PACHORA JN,56,2,15,13:10:00,10:55:00,52121,0,0,0,0,0,0
52124,Jamner Pachora Passenger,Pass,Passenger,CR,JMNR,Jamner,PC,PACHORA JN,56,2,0,19:05:00,17:05:00,52123,0,0,0,0,0,0
52171,Gwalior Sheopur Passenger,Pass,Passenger,NCR,GWO,Gwalior NG,SOE,Sheopur Kalan,200,10,0,16:25:00,06:25:00,52172,0,0,0,0,0,0
52172,Sheopur Gwalior Passenger,Pass,Passenger,NCR,SOE,Sheopur Kalan,GWL,GWALIOR JN,207,10,15,16:25:00,06:10:00,52171,0,0,0,0,0,0
52174,Sabalgarh Gwalior Passenger,Pass,Passenger,NCR,SBL,Sabalgarh,GWL,GWALIOR JN,92,4,35,10:50:00,06:15:00,52173,0,0,0,0,0,0
52175,Gwalior Sabalgarh Fast Passenger,Pass,Passenger,NCR,GWL,GWALIOR JN,SBL,Sabalgarh,92,4,0,13:20:00,09:20:00,52174,0,0,0,0,0,0
52177,Sabalgarh Sheopur Passenger,Pass,Passenger,NCR,SBL,Sabalgarh,SOE,Sheopur Kalan,115,4,50,11:05:00,06:15:00,52178,0,0,0,0,0,0
52178,Sheopur Sabalgarh Passenger,Pass,Passenger,NCR,SOE,Sheopur Kalan,SBL,Sabalgarh,115,5,0,19:25:00,14:25:00,52177,0,0,0,0,0,0
52181,Dhaulpur Tantpur Passenger,Pass,Passenger,?,DHO,DHAULPUR,TPO,Tantpur,58,2,25,13:05:00,10:40:00,,0,0,0,0,0,0
52182,Tantpur Mohari Bari Passenger,Pass,Passenger,NCR,TPO,Tantpur,BARI,Bari,26,1,10,14:30:00,13:20:00,,0,0,0,0,0,0
52183,Bari Mohari Sirmuttra Passenger,Pass,Passenger,NCR,BARI,Bari,SRMT,Sirmuttra,38,1,40,16:25:00,14:45:00,,0,0,0,0,0,0
52201,Kasganj Lalkuan Passenger,Pass,Passenger,NER,KSJF,Kasganj Mg,LKKA,Lal Kuan,188,6,55,12:55:00,06:00:00,52202,0,0,0,0,0,0
52202,Lalkuan Kasganj Passenger,Pass,Passenger,NER,LKKA,Lal Kuan,KSJF,Kasganj Mg,188,7,30,21:55:00,14:25:00,52201,0,0,0,0,0,0
52203,Kasganj Tanakpur Passenger,Pass,Passenger,NER,KSJF,Kasganj Mg,TPU,Tanakpur,223,9,35,19:50:00,10:15:00,52204,0,0,0,0,0,0
52204,Tanakpur-Bareilly Passenger,Pass,Passenger,NER,TPU,Tanakpur,KSJF,Kasganj Mg,223,10,15,17:00:00,06:45:00,52203,0,0,0,0,0,0
52205,Kasganj Pilibhit Passenger,Pass,Passenger,NER,KSJF,Kasganj Mg,PBE,PILIBHIT JN,162,6,30,19:45:00,13:15:00,52206,0,0,0,0,0,0
52206,Pilibhit Kasganj Passenger,Pass,Passenger,NER,PBE,PILIBHIT JN,KSJF,Kasganj Mg,162,6,20,11:40:00,05:20:00,52205,0,0,0,0,0,0
52207,Kasganj Pilibhit Passenger,Pass,Passenger,NER,KSJF,Kasganj Mg,PBE,PILIBHIT JN,162,6,5,21:40:00,15:35:00,52206,0,0,0,0,0,0
52208,Pilibhit Kasganj Passenger,Pass,Passenger,NER,PBE,PILIBHIT JN,KSJF,Kasganj Mg,162,6,45,13:55:00,07:10:00,52207,0,0,0,0,0,0
52209,Bareilly Lalkuan Passenger,Pass,Passenger,NER,BRY,BAREILLY,LKKA,Lal Kuan,84,2,50,17:15:00,14:25:00,52210,0,0,0,0,0,0
52210,Lalkuan Bareilly Passenger,Pass,Passenger,NER,LKKA,Lal Kuan,BRY,BAREILLY,84,2,45,09:55:00,07:10:00,52209,0,0,0,0,0,0
52211,Bareilly Lal Kuan Passenger,Pass,Passenger,NER,BRY,BAREILLY,LKKA,Lal Kuan,84,2,40,19:45:00,17:05:00,52210,0,0,0,0,0,0
52212,Lal Kuan Bareilly Passenger,Pass,Passenger,NER,LKKA,Lal Kuan,BRY,BAREILLY,84,3,0,13:00:00,10:00:00,52211,0,0,0,0,0,0
52214,Mailani Bareilly Passenger,Pass,Passenger,NER,MLN,MAILANI,BRY,BAREILLY,125,4,35,18:35:00,14:00:00,52213,0,0,0,0,0,0
52215,Bareilly Pilibhit Passenger,Pass,Passenger,NER,BRY,BAREILLY,PBE,PILIBHIT JN,58,2,0,13:50:00,11:50:00,52216,0,0,0,0,0,0
52216,Pilibhit Bareilly Passenger,Pass,Passenger,NER,PBE,PILIBHIT JN,BRY,BAREILLY,58,2,20,15:15:00,12:55:00,52215,0,0,0,0,0,0
52217,Kasganj Bareilly Passenger,Pass,Passenger,NER,KSJF,Kasganj Mg,BRY,BAREILLY,104,3,5,00:20:00,21:15:00,52218,0,0,0,0,0,0
52218,Bareilly Kasganj Passenger,Pass,Passenger,NER,BRY,BAREILLY,KSJF,Kasganj Mg,104,3,0,22:30:00,19:30:00,52217,0,0,0,0,0,0
52219,Pilibhit Tanakpur Passenger,Pass,Passenger,NER,PBE,PILIBHIT JN,TPU,Tanakpur,61,2,0,17:20:00,15:20:00,52220,0,0,0,0,0,0
52220,Tanakpur Pilibhit Passenger,Pass,Passenger,NER,TPU,Tanakpur,PBE,PILIBHIT JN,61,2,0,14:40:00,12:40:00,52219,0,0,0,0,0,0
52221,Pilibhit Mailani Passenger,Pass,Passenger,NER,PBE,PILIBHIT JN,MLN,MAILANI,67,2,10,17:10:00,15:00:00,52222,0,0,0,0,0,0
52222,Mailani Pilibhit Passenger,Pass,Passenger,NER,MLN,MAILANI,PBE,PILIBHIT JN,67,1,55,06:45:00,04:50:00,52221,0,0,0,0,0,0
52223,Pilibhit Mailani Passenger,Pass,Passenger,NER,PBE,PILIBHIT JN,MLN,MAILANI,67,2,10,20:10:00,18:00:00,52222,0,0,0,0,0,0
52224,Lakhimpur Pilibhit Passenger,Pass,Passenger,NER,LMP,LAKHIMPUR,PBE,PILIBHIT JN,127,4,15,08:30:00,04:15:00,52225,0,0,0,0,0,0
52225,Pilibhit Lakhimpur Passenger,Pass,Passenger,NER,PBE,PILIBHIT JN,LMP,LAKHIMPUR,127,4,15,02:15:00,22:00:00,52224,0,0,0,0,0,0
52226,Mailani Pilibhit Passenger,Pass,Passenger,NER,MLN,MAILANI,PBE,PILIBHIT JN,67,2,10,19:55:00,17:45:00,,0,0,0,0,0,0
52227,Pilibhit Tanakpur Passenger,Pass,Passenger,NER,PBE,PILIBHIT JN,TPU,Tanakpur,61,2,25,09:25:00,07:00:00,,0,0,0,0,0,0
52229,Shahjahanpur Tanakpur Passenger,Pass,Passenger,NER,SZP,Shahjahanpur,TPU,Tanakpur,145,5,40,12:10:00,06:30:00,52230,0,0,0,0,0,0
52230,Tanakpur Shahjahanpur Passenger,Pass,Passenger,NER,TPU,Tanakpur,SZP,Shahjahanpur,145,6,20,16:40:00,10:20:00,52229,0,0,0,0,0,0
52231,Pilibhit Shahjahanpur Passenger,Pass,Passenger,NER,PBE,PILIBHIT JN,SZP,Shahjahanpur,84,2,30,09:50:00,07:20:00,52232,0,0,0,0,0,0
52232,Shahjahanpur Pilibhit Passenger,Pass,Passenger,NER,SZP,Shahjahanpur,PBE,PILIBHIT JN,84,2,30,13:45:00,11:15:00,52231,0,0,0,0,0,0
52233,Pilibhit Shahjahanpur Passenger,Pass,Passenger,NER,PBE,PILIBHIT JN,SZP,Shahjahanpur,84,2,40,12:55:00,10:15:00,52234,0,0,0,0,0,0
52234,Shahjahanpur Pilibhit Passenger,Pass,Passenger,NER,SZP,Shahjahanpur,PBE,PILIBHIT JN,84,2,40,16:15:00,13:35:00,52233,0,0,0,0,0,0
52235,Pilibhit Shahjahanpur Passenger,Pass,Passenger,NER,PBE,PILIBHIT JN,SZP,Shahjahanpur,84,2,40,20:45:00,18:05:00,52236,0,0,0,0,0,0
55324,RAMNAGAR - MORADABAD PASSENGER,Pass,Passenger,NER,RMR,RAMNAGAR,MB,MORADABAD,77,1,55,05:40:00,03:45:00,55323,0,0,0,0,0,0
52176,Sabalgarh Gwalior Fast Passenger,Pass,Passenger,NCR,SBL,Sabalgarh,GWL,GWALIOR JN,92,3,40,18:00:00,14:20:00,52175,0,0,0,0,0,0
52180,Sirmuttra Dhaulpur Passenger,Pass,Passenger,NCR,SRMT,Sirmuttra,DHO,DHAULPUR,70,2,55,10:15:00,07:20:00,52179,0,0,0,0,0,0
52184,Sirmuttra Dhaulpur Passenger,Pass,Passenger,NCR,SRMT,Sirmuttra,DHO,DHAULPUR,70,2,55,19:35:00,16:40:00,,0,0,0,0,0,0
52236,Shahjahanpur Pilibhit Passenger,Pass,Passenger,NER,SZP,Shahjahanpur,PBE,PILIBHIT JN,84,2,30,20:15:00,17:45:00,52235,0,0,0,0,0,0
52237,PILIBHIT - AISHBAGH PASS,Pass,Passenger,NER,PBE,PILIBHIT JN,ASSH,AISHBAGH,258,8,25,12:55:00,04:30:00,52238,0,0,0,0,0,0
52239,TIKUNIA - AISHBAGH PASSENGER,Pass,Passenger,NER,TQN,TIKUNIA,ASSH,AISHBAGH,269,9,0,14:45:00,05:45:00,52240,0,0,0,0,0,0
52240,AISHBAGH - TIKUNIA PASSENGER,Pass,Passenger,NER,ASSH,AISHBAGH,TQN,TIKUNIA,267,9,0,23:50:00,14:50:00,52239,0,0,0,0,0,0
52241,Mailani Aishbagh Passenger,Pass,Passenger,NER,MLN,MAILANI,ASH,AISHBAGH,193,6,30,18:25:00,11:55:00,52242,0,0,0,0,0,0
52242,Aishbagh Mailani Passenger,Pass,Passenger,NER,ASH,AISHBAGH,MLN,MAILANI,193,6,10,16:10:00,10:00:00,52241,0,0,0,0,0,0
52243,PILIBHIT - AISHBAGH PASSENGER,Pass,Passenger,NER,PBE,PILIBHIT JN,ASSH,AISHBAGH,316,12,25,21:10:00,08:45:00,52244,0,0,0,0,0,0
52245,MAILANI  - AISHBAGH PASSENGER,Pass,Passenger,NER,MLN,MAILANI,ASSH,AISHBAGH,191,6,25,00:10:00,17:45:00,52246,0,0,0,0,0,0
52246,AISHBAGH - MAILANI PASSENGER,Pass,Passenger,NER,ASSH,AISHBAGH,MLN,MAILANI,192,6,15,00:10:00,17:55:00,52245,0,0,0,0,0,0
52247,Mailani Sitapur Passenger,Pass,Passenger,NER,MLN,MAILANI,STP,SITAPUR,107,3,50,00:10:00,20:20:00,52248,0,0,0,0,0,0
52248,Sitapur Mailani Passenger,Pass,Passenger,NER,STP,SITAPUR,MLN,MAILANI,106,3,40,13:55:00,10:15:00,52247,0,0,0,0,0,0
52249,Sitapur Aishbagh Passenger,Pass,Passenger,NER,STP,SITAPUR,ASH,AISHBAGH,86,3,5,08:30:00,05:25:00,52250,0,0,0,0,0,0
52250,AISHBAGH - SITAPUR  PASSENGER,Pass,Passenger,NER,ASSH,AISHBAGH,STP,SITAPUR,86,3,0,08:50:00,05:50:00,52251,0,0,0,0,0,0
52251,SITAPUR - AISHBAGH PASSENGER,Pass,Passenger,NER,STP,SITAPUR,ASSH,AISHBAGH,86,3,5,20:05:00,17:00:00,52250,0,0,0,0,0,0
52252,Aishbagh Sitapur Passenger,Pass,Passenger,NER,ASH,AISHBAGH,STP,SITAPUR,86,2,35,16:10:00,13:35:00,52251,0,0,0,0,0,0
52254,Mailani Gonda Passenger,Pass,Passenger,NER,MLN,MAILANI,GD,GONDA JN,330,7,30,10:30:00,03:00:00,52253,0,0,0,0,0,0
52255,Gonda Bareilly Passenger,Pass,Passenger,NER,GD,GONDA JN,BRY,BAREILLY,455,12,50,19:20:00,06:30:00,,0,0,0,0,0,0
52257,Gonda Mailani Passenger,Pass,Passenger,NER,GD,GONDA JN,MLN,MAILANI,330,7,20,19:10:00,11:50:00,52258,0,0,0,0,0,0
52258,Mailani Gonda Passenger,Pass,Passenger,NER,MLN,MAILANI,GD,GONDA JN,330,7,45,14:00:00,06:15:00,52257,0,0,0,0,0,0
52259,Gonda Mailani Passenger,Pass,Passenger,NER,GD,GONDA JN,MLN,MAILANI,330,7,25,23:55:00,16:30:00,52258,0,0,0,0,0,0
52260,Mailani Gonda Passenger,Pass,Passenger,NER,MLN,MAILANI,GD,GONDA JN,330,7,30,00:45:00,17:15:00,52259,0,0,0,0,0,0
52261,Gonda Nepalganj Passenger,Pass,Passenger,NER,GD,GONDA JN,NPR,Nepalganj Road,114,3,50,12:25:00,08:35:00,52262,0,0,0,0,0,0
52262,Nepalganj Gonda Passenger,Pass,Passenger,NER,NPR,Nepalganj Road,GD,GONDA JN,114,4,0,09:15:00,05:15:00,52261,0,0,0,0,0,0
52263,Gonda Nepalganj Passenger,Pass,Passenger,NER,GD,GONDA JN,NPR,Nepalganj Road,114,3,45,17:05:00,13:20:00,52264,0,0,0,0,0,0
52264,Nepalganj Gonda Passenger,Pass,Passenger,NER,NPR,Nepalganj Road,GD,GONDA JN,114,3,50,18:50:00,15:00:00,52263,0,0,0,0,0,0
52265,Gonda Nepalganj Passenger,Pass,Passenger,NER,GD,GONDA JN,NPR,Nepalganj Road,114,3,35,21:50:00,18:15:00,52264,0,0,0,0,0,0
52266,Nepalganj Gonda Passenger,Pass,Passenger,NER,NPR,Nepalganj Road,GD,GONDA JN,114,4,0,21:40:00,17:40:00,52265,0,0,0,0,0,0
52267,Gonda Nepalganj Passenger,Pass,Passenger,NER,GD,GONDA JN,NPR,Nepalganj Road,114,3,5,07:20:00,04:15:00,52268,0,0,0,0,0,0
52268,Nepalganj Gonda Passenger,Pass,Passenger,NER,NPR,Nepalganj Road,GD,GONDA JN,114,3,25,11:15:00,07:50:00,52267,0,0,0,0,0,0
52269,Anand Nagar Gonda Fast Passenger,Pass,Passenger,NER,ANDN,Anand Nagar,GD,GONDA JN,179,6,40,09:50:00,03:10:00,52270,0,0,0,0,0,0
52270,Gonda Anandnagar Passenger,Pass,Passenger,NER,GD,GONDA JN,ANDN,Anand Nagar,179,6,15,11:25:00,05:10:00,52269,0,0,0,0,0,0
52271,Anand Nagar Gonda Passenger,Pass,Passenger,NER,ANDN,Anand Nagar,GD,GONDA JN,179,6,35,15:15:00,08:40:00,52270,0,0,0,0,0,0
52272,Gonda Anandnagar Passenger,Pass,Passenger,NER,GD,GONDA JN,ANDN,Anand Nagar,179,6,45,14:15:00,07:30:00,52271,0,0,0,0,0,0
52274,Gonda Anandnagar Passenger,Pass,Passenger,NER,GD,GONDA JN,ANDN,Anand Nagar,179,6,35,18:50:00,12:15:00,52273,0,0,0,0,0,0
52276,Gonda Anandnagar Passenger,Pass,Passenger,NER,GD,GONDA JN,ANDN,Anand Nagar,179,6,30,01:15:00,18:45:00,52275,0,0,0,0,0,0
52277,Palia Kalan Mailani Passenger,Pass,Passenger,NER,PLK,PALIA KALAN,MLN,MAILANI,30,1,0,16:50:00,15:50:00,52278,0,0,0,0,0,0
52278,Mailani Palia Kalan Passenger,Pass,Passenger,NER,MLN,MAILANI,PLK,PALIA KALAN,30,0,50,15:05:00,14:15:00,52277,0,0,0,0,0,0
52280,Chhapra-Thawe Passenger,Pass,Passenger,NER,CPR,CHHAPRA,THE,Thawe Junction,105,4,15,06:00:00,01:45:00,52279,0,0,0,0,0,0
52282,Chhapra Thawe Passenger,Pass,Passenger,NER,CPR,CHHAPRA,THE,Thawe Junction,105,4,25,02:00:00,21:35:00,52283,0,0,0,0,0,0
52283,Thawe Chhapra Passenger,Pass,Passenger,NER,THE,Thawe Junction,CPR,CHHAPRA,105,4,30,09:55:00,05:25:00,52282,0,0,0,0,0,0
52285,Thawe Chhapra Passenger,Pass,Passenger,NER,THE,Thawe Junction,CPR,CHHAPRA,105,4,15,17:15:00,13:00:00,52286,0,0,0,0,0,0
52286,Chhapra Thawe Passenger,Pass,Passenger,NER,CPR,CHHAPRA,THE,Thawe Junction,105,4,20,16:45:00,12:25:00,52285,0,0,0,0,0,0
52287,Thawe Chhapra Passenger,Pass,Passenger,NER,BRY,BAREILLY,LKKA,Lal Kuan,84,2,55,08:25:00,05:30:00,52286,0,0,0,0,0,0
52288,Chhapra Thawe Passenger,Pass,Passenger,NER,LKU,LAL KUAN,BRY,BAREILLY,85,3,5,22:10:00,19:05:00,52287,0,0,0,0,0,0
54311,Bareilly Moradabad Passenger,Pass,Passenger,NR,BE,BAREILLY,MB,MORADABAD,113,3,25,15:25:00,12:00:00,54312,0,0,0,0,0,0
52273,Anand Nagar Gonda Passenger,Pass,Passenger,NER,ANDN,Anand Nagar,GD,GONDA JN,179,6,30,19:45:00,13:15:00,52274,0,0,0,0,0,0
52275,Anand Nagar Gonda Passenger,Pass,Passenger,NER,ANDN,Anand Nagar,GD,GONDA JN,179,6,0,03:00:00,21:00:00,52274,0,0,0,0,0,0
52295,Bareilly Lal Kuan Passenger,Pass,Passenger,NER,THE,Thawe Junction,CPR,CHHAPRA,105,4,15,21:25:00,17:10:00,52296,0,0,0,0,0,0
52297,Pilibhit Shahjahanpur Passenger,Pass,Passenger,NER,PBE,PILIBHIT JN,SZP,Shahjahanpur,84,2,10,08:10:00,06:00:00,52298,0,0,0,0,0,0
52298,Shahjahanpur Pilibhit Passenger,Pass,Passenger,NER,SZP,Shahjahanpur,PBE,PILIBHIT JN,84,2,20,11:30:00,09:10:00,52297,0,0,0,0,0,0
52301,Balgona-Katwa Fast Local,Pass,Passenger,?,BGNA,Balgona,KWF,Katwa,27,2,0,08:05:00,06:05:00,52302,0,0,0,0,0,0
52302,Katwa Balgona Local,Pass,Passenger,?,KWF,Katwa,BGNA,Balgona,27,2,0,05:50:00,03:50:00,52301,0,0,0,0,0,0
52322,Saharsa-Forbesganj Passenger,Pass,Passenger,?,SHC,SAHARSA JN,FBG,FORBESGANJ,112,7,10,10:10:00,03:00:00,52323,0,0,0,0,0,0
52323,Forbesganj-Saharsa Passenger,Pass,Passenger,?,FBG,FORBESGANJ,SHC,SAHARSA JN,112,7,0,17:15:00,10:15:00,52324,0,0,0,0,0,0
52324,Saharsa-forbesganj Passenger,Pass,Passenger,ECR,SHC,SAHARSA JN,FBG,FORBESGANJ,112,7,0,15:15:00,08:15:00,52325,0,0,0,0,0,0
52325,Forbesganj-Saharsa Passenger,Pass,Passenger,ECR,FBG,FORBESGANJ,SHC,SAHARSA JN,112,7,0,20:00:00,13:00:00,52326,0,0,0,0,0,0
52326,Saharsa-Forbesganj Passenger,Pass,Passenger,?,SHC,SAHARSA JN,FBG,FORBESGANJ,112,6,55,20:40:00,13:45:00,52327,0,0,0,0,0,0
52327,Forbesganj-Saharsa Passenger,Pass,Passenger,?,FBG,FORBESGANJ,SHC,SAHARSA JN,112,7,0,01:15:00,18:15:00,52328,0,0,0,0,0,0
52328,Saharsa-Forbesganj Passenger,Pass,Passenger,?,SHC,SAHARSA JN,FBG,FORBESGANJ,112,7,40,23:40:00,16:00:00,52329,0,0,0,0,0,0
52329,Forbesganj-Saharsa Passenger,Pass,Passenger,?,FBG,FORBESGANJ,SHC,SAHARSA JN,112,7,0,04:30:00,21:30:00,52330,0,0,0,0,0,0
52330,Saharsa-Forbesganj Passenger,Pass,Passenger,?,SHC,SAHARSA JN,FBG,FORBESGANJ,112,6,55,01:10:00,18:15:00,52329,0,0,0,0,0,0
52468,BAIJNATHPAPROLA  - PATHANKOT PASSENGER,Pass,Passenger,NR,BJPL,BAIJNATH PAPROLA,PTK,PATHANKOT,213,6,15,20:25:00,14:10:00,52469,0,0,0,0,0,0
52471,Kangra Valley Rail Passenger,Pass,Passenger,NR,PTK,PATHANKOT,JDNX,JOGINDER NAGAR,170,9,10,11:25:00,02:15:00,52472,0,0,0,0,0,0
52467,Kangra Valley Rail Passenger,Pass,Passenger,NR,PTK,PATHANKOT,BJPL,BAIJNATH PAPROLA,147,7,35,20:55:00,13:20:00,52466,0,0,0,0,0,0
52470,Kangra Valley Rail Passenger,Pass,Passenger,NR,BJPL,BAIJNATH PAPROLA,PTK,PATHANKOT,213,6,20,23:55:00,17:35:00,52469,0,0,0,0,0,0
16311,BIKANER - KOCHUVELI Express,Exp,Express,SR,BKN,BIKANER JN,KCVL,KOCHUVELI,3002,54,45,03:10:00,20:25:00,16312,1,1,1,0,0,0
52472,JOGINDER NAGAR - PATHANKOT PASSENGER,Pass,Passenger,NR,JDNX,JOGINDER NAGAR,PTK,PATHANKOT,170,10,10,17:30:00,07:20:00,52473,0,0,0,0,0,0
52474,Kangra Valley Rail Passenger,Pass,Passenger,NR,JDNX,JOGINDER NAGAR,PTK,PATHANKOT,170,10,15,22:35:00,12:20:00,52473,0,0,0,0,0,0
52501,BhikhnaThori Narkatiaganj Passenger,Pass,Passenger,ECR,BKF,Bhikhna Thori,NKE,NARKATIAGANJ JN,0,1,35,07:10:00,05:35:00,52502,0,0,0,0,0,0
52502,Narkatiaganj Bhikhna Thori Passenger,Pass,Passenger,ECR,NKE,NARKATIAGANJ JN,BKF,Bhikhna Thori,0,1,30,05:15:00,03:45:00,52501,0,0,0,0,0,0
52503,BhikhnaThori Narkatiaganj Passenger,Pass,Passenger,ECR,BKF,Bhikhna Thori,NKE,NARKATIAGANJ JN,0,1,35,12:55:00,11:20:00,52502,0,0,0,0,0,0
52504,Narkatiaganj Bhikhna Thori Passenger,Pass,Passenger,ECR,NKE,NARKATIAGANJ JN,BKF,Bhikhna Thori,0,1,30,11:00:00,09:30:00,52503,0,0,0,0,0,0
52505,BhikhnaThori Narkatiaganj Passenger,Pass,Passenger,ECR,BKF,Bhikhna Thori,NKE,NARKATIAGANJ JN,0,1,35,19:50:00,18:15:00,52504,0,0,0,0,0,0
52506,Narkatiaganj Bhikhna Thori Passenger,Pass,Passenger,ECR,NKE,NARKATIAGANJ JN,BKF,Bhikhna Thori,0,1,35,17:35:00,16:00:00,52505,0,0,0,0,0,0
52507,Raxaul-Narkatiaganj Passenger,Pass,Passenger,?,RXL,RAXAUL JN,NKE,NARKATIAGANJ JN,40,1,50,09:20:00,07:30:00,52508,0,0,0,0,0,0
52508,Narkatiganj Raxaul Passenger,Pass,Passenger,?,NKE,NARKATIAGANJ JN,RXL,RAXAUL JN,40,1,50,05:50:00,04:00:00,52507,0,0,0,0,0,0
52509,Raxaul Narkatiaganj Passenger,Pass,Passenger,?,RXL,RAXAUL JN,NKE,NARKATIAGANJ JN,40,1,50,14:40:00,12:50:00,52508,0,0,0,0,0,0
52510,Narkatiaganj Raxaul Passenger,Pass,Passenger,?,NKE,NARKATIAGANJ JN,RXL,RAXAUL JN,40,1,45,12:00:00,10:15:00,52509,0,0,0,0,0,0
52511,Raxaul Narkatiaganj Passenger,Pass,Passenger,?,RXL,RAXAUL JN,NKE,NARKATIAGANJ JN,40,1,55,20:00:00,18:05:00,52510,0,0,0,0,0,0
52512,Narkatiaganj Raxaul Passenger,Pass,Passenger,?,NKE,NARKATIAGANJ JN,RXL,RAXAUL JN,40,1,50,17:05:00,15:15:00,52511,0,0,0,0,0,0
52515,Jhanjharpur Laukaha Bazar Passenger,Pass,Passenger,?,JJP,Jhanjharpur,LKQ,Laukaha Bazar,43,2,45,06:15:00,03:30:00,52516,0,0,0,0,0,0
52516,Laukaha Bazar Jhanjharpur Passenger,Pass,Passenger,?,LKQ,Laukaha Bazar,JJP,Jhanjharpur,43,2,25,23:35:00,21:10:00,52515,0,0,0,0,0,0
52518,Laukaha Bazar Sakri Passenger,Pass,Passenger,?,JJP,Jhanjharpur,SKI,SAKRI JN,19,1,5,07:15:00,06:10:00,52517,0,0,0,0,0,0
52519,Sakri Laukaha Bazar Passenger,Pass,Passenger,?,SKI,SAKRI JN,JJP,Jhanjharpur,19,1,0,18:15:00,17:15:00,52518,0,0,0,0,0,0
52520,Laukaha Bazar Sakri Passenger,Pass,Passenger,?,JJP,Jhanjharpur,SKI,SAKRI JN,19,1,10,10:50:00,09:40:00,52521,0,0,0,0,0,0
52521,Sakri Laukaha Bazar Passenger,Pass,Passenger,?,SKI,SAKRI JN,JJP,Jhanjharpur,19,1,0,23:30:00,22:30:00,52520,0,0,0,0,0,0
52522,Laukaha Bazar Sakri Passenger,Pass,Passenger,?,JJP,Jhanjharpur,SKI,SAKRI JN,19,1,3,16:15:00,15:12:00,52521,0,0,0,0,0,0
52523,Sakri Nirmali Passenger,Pass,Passenger,ECR,SKI,SAKRI JN,NMA,Nirmali,51,2,30,04:30:00,02:00:00,52524,0,0,0,0,0,0
52524,Nirmali Sakri Pass,Pass,Passenger,?,NMA,Nirmali,SKI,SAKRI JN,51,2,40,08:10:00,05:30:00,52525,0,0,0,0,0,0
52525,Sakri Nirmali Pass,Pass,Passenger,?,SKI,SAKRI JN,NMA,Nirmali,51,2,45,09:10:00,06:25:00,52526,0,0,0,0,0,0
52526,Nirmali Sakri Passenger,Pass,Passenger,?,NMA,Nirmali,SKI,SAKRI JN,51,2,30,12:05:00,09:35:00,52525,0,0,0,0,0,0
52527,Sakri Nirmali Pass,Pass,Passenger,?,SKI,SAKRI JN,NMA,Nirmali,51,2,55,12:55:00,10:00:00,52526,0,0,0,0,0,0
52528,Nirmali Sakri Pass,Pass,Passenger,?,NMA,Nirmali,SKI,SAKRI JN,51,2,55,18:05:00,15:10:00,52527,0,0,0,0,0,0
52529,Sakri Nirmali Pass,Pass,Passenger,?,SKI,SAKRI JN,NMA,Nirmali,51,2,55,17:25:00,14:30:00,52530,0,0,0,0,0,0
52530,Nirmali Sakri Pass,Pass,Passenger,?,NMA,Nirmali,SKI,SAKRI JN,51,2,30,20:45:00,18:15:00,52529,0,0,0,0,0,0
52531,Sakri Nirmali Pass,Pass,Passenger,?,SKI,SAKRI JN,NMA,Nirmali,51,2,45,21:15:00,18:30:00,52530,0,0,0,0,0,0
52532,Nirmali Sakri Pass,Pass,Passenger,?,NMA,Nirmali,SKI,SAKRI JN,51,2,30,00:30:00,22:00:00,52531,0,0,0,0,0,0
52534,Bihariganj Banmankhi Passenger,Pass,Passenger,?,BHGJ,Bihariganj,BNKI,Banmankhi Junction,27,2,0,13:20:00,11:20:00,52535,0,0,0,0,0,0
52535,Banmankhi Bihariganj Passenger,Pass,Passenger,?,BNKI,Banmankhi Junction,BHGJ,Bihariganj,27,2,0,15:40:00,13:40:00,52534,0,0,0,0,0,0
52536,Bihariganj Purnia Passenger,Pass,Passenger,?,BHGJ,Bihariganj,PRNA,PURNIA JN,64,4,0,20:00:00,16:00:00,52537,0,0,0,0,0,0
52537,Purnia Bihariganj Passenger,Pass,Passenger,?,BNKI,Banmankhi Junction,BHGJ,Bihariganj,27,2,0,15:40:00,13:40:00,52538,0,0,0,0,0,0
52538,Bihariganj Purnia Passenger,Pass,Passenger,?,BHGJ,Bihariganj,PRNA,PURNIA JN,63,3,50,10:20:00,06:30:00,52537,0,0,0,0,0,0
52540,Darjeeling Kurseong Toy Train,Pass,Passenger,?,DJ,Darjeeling,KGN,Kurseong,31,2,40,11:55:00,09:15:00,52541,0,0,0,0,1,0
52541,Kurseong Darjeeling Toy Train,Pass,Passenger,?,NJP,NEW JALPAIGURI,DJ,Darjeeling,88,7,15,16:15:00,09:00:00,52540,0,0,0,0,1,0
52544,Darjeeling Kurseong Toy Train,Pass,Passenger,?,DJ,Darjeeling,KGN,Kurseong,31,2,55,13:10:00,10:15:00,52545,0,0,0,0,1,0
52545,Kurseong Darjeeling Toy Train,Pass,Passenger,NFR,KGN,Kurseong,DJ,Darjeeling,31,2,50,17:50:00,15:00:00,52544,0,0,0,0,1,0
52547,Darjeeling Joyride,Toy,Toy Train / Heritage,NFR,DJ,Darjeeling,DJRZ,To Darjeeling,2,0,11,18:00:00,17:49:00,,0,0,0,0,1,0
52548,Darjeeling Himalayan Toy Train,Toy,Toy Train / Heritage,NFR,DJ,Darjeeling,DJRZ,To Darjeeling,2,0,14,12:50:00,12:36:00,,0,0,0,0,1,0
52549,Darjeeling Himalayan Toy Train,Toy,Toy Train / Heritage,NFR,DJ,Darjeeling,DJRZ,To Darjeeling,2,0,14,15:30:00,15:16:00,,0,0,0,0,1,0
52550,Darjeeling Joyride,Toy,Toy Train / Heritage,NFR,DJ,Darjeeling,DJRZ,To Darjeeling,0,0,0,10:10:00,10:10:00,,0,0,0,0,1,0
52552,Murliganj-Purnia Passenger,Pass,Passenger,?,MRIJ,Murliganj,PRNA,PURNIA JN,56,2,30,17:30:00,15:00:00,52551,0,0,0,0,0,0
52553,Purnia Murliganj Passenger,Pass,Passenger,?,PRNA,PURNIA JN,MRIJ,Murliganj,56,2,25,22:55:00,20:30:00,52554,0,0,0,0,0,0
52566,JIRIBAM - SILCHAR MG Passenger,Pass,Passenger,NFR,JRBM,JIRIBAM,SCL,SILCHAR,56,3,0,14:45:00,11:45:00,52565,0,0,0,0,0,0
18005,HOWRAH - JAGDALPUR Samaleshwari Exp,Exp,Express,SER,HWH,HOWRAH JN,JDB,JAGDALPUR,1057,22,50,20:25:00,21:35:00,18006,1,1,1,1,0,0
52554,Muraliganj Purnia Passenger,Pass,Passenger,?,MRIJ,Murliganj,PRNA,PURNIA JN,56,2,15,07:00:00,04:45:00,52555,0,0,0,0,0,0
52556,Budhma Banmankhi Passenger,Pass,Passenger,ECR,BDMA,Budhma,BNKI,Banmankhi Junction,34,1,55,00:05:00,22:10:00,52557,0,0,0,0,0,0
52557,Banmankhi Budhma Passenger,Pass,Passenger,ECR,BNKI,Banmankhi Junction,BDMA,Budhma,34,1,55,05:55:00,04:00:00,52558,0,0,0,0,0,0
52558,Budhma Banmankhi Passenger,Pass,Passenger,ECR,BDMA,Budhma,BNKI,Banmankhi Junction,34,1,55,08:20:00,06:25:00,52557,0,0,0,0,0,0
52563,Agartala Silchar Passenger,Pass,Passenger,NFR,AGTL,Agartala,SCL,SILCHAR,257,10,15,21:45:00,11:30:00,52564,0,0,0,0,0,1
52564,Silchar Agartala Passenger,Pass,Passenger,NFR,SCL,SILCHAR,AGTL,Agartala,257,9,15,20:00:00,10:45:00,52563,0,0,0,0,0,1
52565,SILCHAR - JIRIBAM MG Passenger,Pass,Passenger,NFR,SCL,SILCHAR,JRBM,JIRIBAM,56,3,15,10:45:00,07:30:00,52566,0,0,0,0,0,0
52567,Badarpur Bhairabhi Passenger,Pass,Passenger,?,BPB,BADARPUR JN,BHRB,Bhairabi,94,4,45,12:25:00,07:40:00,52568,0,0,0,0,0,0
52568,Bhairabhi Badarpur Passenger,Pass,Passenger,?,BHRB,Bhairabi,BPB,BADARPUR JN,94,5,0,18:30:00,13:30:00,52567,0,0,0,0,0,0
52569,Karimganj Dullabcherra Passenger,Pass,Passenger,?,KXJ,Karimganj Junction,DLCR,Dullabcherra,51,2,10,18:55:00,16:45:00,52570,0,0,0,0,0,0
52570,Dullabcherra Karimganj Passenger,Pass,Passenger,?,DLCR,Dullabcherra,KXJ,Karimganj Junction,51,2,20,07:35:00,05:15:00,52569,0,0,0,0,0,0
52571,Karimganj Dullabcherra Passenger,Pass,Passenger,NFR,KGN,Kurseong,DJ,Darjeeling,28,2,40,16:15:00,13:35:00,52572,0,0,0,0,0,0
52572,Dullabcherra Karimganj Passenger,Pass,Passenger,NFR,DLCR,Dullabcherra,KXJ,Karimganj Junction,51,2,25,15:40:00,13:15:00,52571,0,0,0,0,0,0
52575,Agartala Dharmanagar Passenger,Pass,Passenger,NFR,AGTL,Agartala,DMR,Dharmanagar,141,4,0,20:00:00,16:00:00,52576,0,0,0,0,0,1
52576,Dharmanagar Agartala Passenger,Pass,Passenger,NFR,DMR,Dharmanagar,AGTL,Agartala,141,4,10,10:30:00,06:20:00,52575,0,0,0,0,0,1
52577,Dharmanagar Silchar Passenger,Pass,Passenger,NFR,DMR,Dharmanagar,SCL,SILCHAR,116,4,40,12:10:00,07:30:00,52578,0,0,0,0,0,0
52578,Silchar Dharmanagar Passenger,Pass,Passenger,NFR,SCL,SILCHAR,DMR,Dharmanagar,116,3,55,20:55:00,17:00:00,52577,0,0,0,0,0,0
52579,Agartala Dharmanagar Passenger,Pass,Passenger,NFR,AGTL,Agartala,DMR,Dharmanagar,141,3,55,10:40:00,06:45:00,52580,0,0,0,0,0,1
52580,Dharmanagar Agartala Passenger,Pass,Passenger,NFR,DMR,Dharmanagar,AGTL,Agartala,141,4,20,15:30:00,11:10:00,52579,0,0,0,0,0,1
52901,Mahesana Ahmedabad Passenger,Pass,Passenger,WR,MSH,MAHESANA JN,ADI,AHMEDABAD JN,67,2,50,22:20:00,19:30:00,52902,0,0,0,0,0,0
52903,Mahesana Ahmedabad Passenger,Pass,Passenger,WR,MSH,MAHESANA JN,ADI,AHMEDABAD JN,69,2,30,07:50:00,05:20:00,52904,0,0,0,0,0,0
52904,Ahmedabad Mahesana Passenger,Pass,Passenger,WR,ADI,AHMEDABAD JN,MSH,MAHESANA JN,69,2,40,21:40:00,19:00:00,52903,0,0,0,0,0,0
52906,Ahmedabad Mahesana Passenger,Pass,Passenger,WR,ADI,AHMEDABAD JN,MSH,MAHESANA JN,69,2,50,16:45:00,13:55:00,52905,0,0,0,0,0,0
52907,Mahesana Ahmedabad Passenger,Pass,Passenger,WR,MSH,MAHESANA JN,ADI,AHMEDABAD JN,69,2,45,14:55:00,12:10:00,52906,0,0,0,0,0,0
52908,Ahmedabad Mahesana Passenger,Pass,Passenger,WR,ADI,AHMEDABAD JN,MSH,MAHESANA JN,69,2,40,14:00:00,11:20:00,52907,0,0,0,0,0,0
52909,Mahesana Ahmedabad Passenger,Pass,Passenger,WR,MSH,MAHESANA JN,ADI,AHMEDABAD JN,69,2,35,17:05:00,14:30:00,52908,0,0,0,0,0,0
52910,Ahmedabad Mahesana Fast Passenger,Pass,Passenger,WR,ADI,AHMEDABAD JN,MSH,MAHESANA JN,69,2,45,07:40:00,04:55:00,52909,0,0,0,0,0,0
52911,Ranuj Ahmedabad Fast Passenger,Pass,Passenger,WR,RUJ,RANUJ,ADI,AHMEDABAD JN,129,4,15,10:30:00,06:15:00,52912,0,0,0,0,0,0
52912,Ahmedabad Ranuj Fast Passenger,Pass,Passenger,WR,ADI,AHMEDABAD JN,RUJ,RANUJ,129,3,55,21:30:00,17:35:00,52911,0,0,0,0,0,0
52913,Patan Ahmedabad Passenger,Pass,Passenger,WR,RUJ,RANUJ,ADI,AHMEDABAD JN,125,5,0,17:25:00,12:25:00,52912,0,0,0,0,0,0
52914,Ahmedabad Ranuj Passenger,Pass,Passenger,WR,ADI,AHMEDABAD JN,RUJ,RANUJ,125,4,50,11:45:00,06:55:00,52913,0,0,0,0,0,0
52915,Nandol Dehegam Ahmedabad Passenger,Pass,Passenger,WR,NHM,NANDOL DEHEGAM,ADI,AHMEDABAD JN,73,1,20,15:10:00,13:50:00,52916,0,0,0,0,0,0
52916,Ahmedabad Nandol Dehegam Passenger,Pass,Passenger,WR,ADI,AHMEDABAD JN,NHM,NANDOL DEHEGAM,73,1,30,13:20:00,11:50:00,52917,0,0,0,0,0,0
52917,Nandol Dehegam Ahmedabad Passenger,Pass,Passenger,WR,NHM,NANDOL DEHEGAM,ADI,AHMEDABAD JN,73,1,20,06:50:00,05:30:00,52918,0,0,0,0,0,0
52918,Ahmedabad Nandol Dehegam Passenger,Pass,Passenger,WR,ADI,AHMEDABAD JN,NHM,NANDOL DEHEGAM,73,1,20,22:40:00,21:20:00,52917,0,0,0,0,0,0
52919,Himmatnagar Ahmedabad Passenger,Pass,Passenger,WR,HMT,HIMMATNAGAR,ADI,AHMEDABAD JN,133,3,25,17:15:00,13:50:00,52920,0,0,0,0,0,0
52920,Ahmedabad Himmatnagar Passenger,Pass,Passenger,WR,ADI,AHMEDABAD JN,HMT,HIMMATNAGAR,133,3,40,12:30:00,08:50:00,52921,0,0,0,0,0,0
52921,Himmatnagar Ahmedabad Passenger,Pass,Passenger,WR,HMT,HIMMATNAGAR,ADI,AHMEDABAD JN,133,3,30,09:30:00,06:00:00,52920,0,0,0,0,0,0
52922,Ahmedabad Himmatnagar Pass,Pass,Passenger,WR,ADI,AHMEDABAD JN,HMT,HIMMATNAGAR,133,3,20,21:55:00,18:35:00,52921,0,0,0,0,0,0
52923,Khed Brahma Ahmedabad Passenger,Pass,Passenger,WR,KDBM,Khed Brahma,ADI,AHMEDABAD JN,188,5,40,20:45:00,15:05:00,52924,0,0,0,0,0,0
52924,Ahmedabad Khed Brahma Passenger,Pass,Passenger,WR,ADI,AHMEDABAD JN,KDBM,Khed Brahma,188,5,25,13:35:00,08:10:00,52925,0,0,0,0,0,0
52926,Ahmedabad Khed Brahma Passenger,Pass,Passenger,WR,ADI,AHMEDABAD JN,KDBM,Khed Brahma,188,5,30,21:20:00,15:50:00,52925,0,0,0,0,0,0
52927,Udaipur Ahmedabad Fast Passenger,Pass,Passenger,WR,UDZ,UDAIPUR CITY,ADI,AHMEDABAD JN,298,11,30,21:05:00,09:35:00,52928,1,0,0,0,0,0
52928,Mewar Fast Passenger,Pass,Passenger,WR,ADI,AHMEDABAD JN,UDZ,UDAIPUR CITY,298,10,35,17:45:00,07:10:00,52927,0,0,0,0,0,0
52929,Veraval Dhasa Passenger,Pass,Passenger,WR,VRL,VERAVAL,DAS,DHASA JN,190,7,0,16:45:00,09:45:00,52930,0,0,0,0,0,0
52930,Dhasa Veraval Passenger,Pass,Passenger,WR,DAS,DHASA JN,VRL,VERAVAL,190,5,55,18:00:00,12:05:00,52929,0,0,0,0,0,0
22464,Rajasthan Sampark Kranti Express,SKr,Sampark Kranti,NR,BKN,BIKANER JN,DEE,DELHI SARAI ROHILLA,685,12,20,05:35:00,17:15:00,,1,1,1,0,0,0
52931,Jetalsar Dhasa Passenger,Pass,Passenger,WR,JLR,JETALSAR JN,DAS,DHASA JN,105,2,35,10:00:00,07:25:00,52932,0,0,0,0,0,0
52932,Dhasa Jetalsar Passenger,Pass,Passenger,WR,DAS,DHASA JN,JLR,JETALSAR JN,105,2,25,19:55:00,17:30:00,52931,0,0,0,0,0,0
52933,Veraval Dhasa Passenger,Pass,Passenger,WR,VRL,VERAVAL,DAS,DHASA JN,190,6,25,20:20:00,13:55:00,,0,0,0,0,0,0
52935,Ahmedabad Botad Passenger,Pass,Passenger,WR,GG,GANDHIGRAM,BTD,BOTAD JN,155,4,20,20:20:00,16:00:00,52934,0,0,0,0,0,0
52937,Fatehabad Chowk Ujjain Passenger,Pass,Passenger,WR,FTD,Fatehabad Chowk Junction,UJN,UJJAIN JN,23,0,40,12:35:00,11:55:00,52936,0,0,0,0,0,0
52938,Botad Ahmedabad Passenger,Pass,Passenger,WR,BTD,BOTAD JN,GG,GANDHIGRAM,155,3,50,20:55:00,17:05:00,52939,0,0,0,0,0,0
52939,Gandhigram Botad Passenger,Pass,Passenger,WR,GG,GANDHIGRAM,BTD,BOTAD JN,155,3,55,11:10:00,07:15:00,52940,0,0,0,0,0,0
52942,SBI-BTD - GANDHIGRAM PASSENGER,Pass,Passenger,WR,BTDF,BOTAD JN,GG,GANDHIGRAM,155,3,30,10:45:00,07:15:00,52941,0,0,0,0,0,0
52943,Ahmedabad Botad Passenger,Pass,Passenger,WR,GG,GANDHIGRAM,BTD,BOTAD JN,155,3,20,21:05:00,17:45:00,52944,0,0,0,0,0,0
52945,Ahmedabad Botad Passenger,Pass,Passenger,WR,GG,GANDHIGRAM,BTD,BOTAD JN,155,3,35,22:50:00,19:15:00,52944,0,0,0,0,0,0
52946,Dhasa Veraval Passenger,Pass,Passenger,WR,DAS,DHASA JN,VRL,VERAVAL,190,5,50,13:25:00,07:35:00,,0,0,0,0,0,0
52947,Wansjaliya Dhassa Passenger,Pass,Passenger,WR,JLR,JETALSAR JN,DAS,DHASA JN,105,2,20,22:35:00,20:15:00,52948,0,0,0,0,0,0
52948,Dhasa Wansjaliya Passenger,Pass,Passenger,WR,DAS,DHASA JN,JLR,JETALSAR JN,105,2,15,09:25:00,07:10:00,52947,0,0,0,0,0,0
52949,Veraval Delvada Passenger,Pass,Passenger,WR,VRL,VERAVAL,DVA,Delvada,94,3,35,19:55:00,16:20:00,52950,0,0,0,0,0,0
52950,Delvada Veraval Passenger,Pass,Passenger,WR,DVA,Delvada,VRL,VERAVAL,94,3,15,11:20:00,08:05:00,52949,0,0,0,0,0,0
52951,Delvada Junagadh Passenger,Pass,Passenger,WR,DVA,Delvada,JND,JUNAGADH JN,158,6,10,20:35:00,14:25:00,52952,0,0,0,0,0,0
52952,Junagadh Delvada Passenger,Pass,Passenger,WR,JND,JUNAGADH JN,DVA,Delvada,158,6,5,13:20:00,07:15:00,52951,0,0,0,0,0,0
52953,Kodinar Veraval Passenger,Pass,Passenger,WR,KODR,Kodinar,VRL,VERAVAL,71,3,45,18:40:00,14:55:00,52954,0,0,0,0,0,0
52954,Veraval Kodinar Passenger,Pass,Passenger,WR,VRL,VERAVAL,KODR,Kodinar,71,2,35,14:35:00,12:00:00,52953,0,0,0,0,0,0
52955,Khijadiya Junagarh Pass,Pass,Passenger,WR,KJV,Khijadiya Junction,JND,JUNAGADH JN,134,4,10,10:20:00,06:10:00,52956,0,0,0,0,0,0
52956,JUNAGADH KHIJADIYA PASS,Pass,Passenger,WR,JND,JUNAGADH JN,KJV,Khijadiya Junction,134,3,50,21:50:00,18:00:00,52955,0,0,0,0,0,0
52957,Ratlam Mhow Fast Passenger,Pass,Passenger,WR,RTM,RATLAM JN,MHOW,Mhow,147,3,55,14:25:00,10:30:00,52958,0,0,0,0,0,0
52958,Mhow Ratlam Fast Passenger,Pass,Passenger,WR,MHOW,Mhow,RTM,RATLAM JN,147,4,15,10:00:00,05:45:00,52957,0,0,0,0,0,0
52959,Ratlam Mhow Fast Passenger,Pass,Passenger,WR,RTM,RATLAM JN,MHOW,Mhow,147,4,20,00:20:00,20:00:00,52958,0,0,0,0,0,0
52960,Mhow Ratlam Fast Passenger,Pass,Passenger,WR,MHOW,Mhow,RTM,RATLAM JN,147,4,10,19:30:00,15:20:00,52961,0,0,0,0,0,0
52961,Ratlam Mhow Fast Passenger,Pass,Passenger,WR,RTM,RATLAM JN,MHOW,Mhow,147,4,45,20:05:00,15:20:00,52962,0,0,0,0,0,0
52962,Mhow Ratlam Fast Passenger,Pass,Passenger,WR,MHOW,Mhow,RTM,RATLAM JN,147,4,45,12:05:00,07:20:00,52961,1,0,0,0,0,0
52963,Ratlam Mhow Fast Passenger,Pass,Passenger,WR,RTM,RATLAM JN,MHOW,Mhow,147,3,55,11:25:00,07:30:00,52962,0,0,0,0,0,0
52964,Mhow Ratlam Fast Passenger,Pass,Passenger,WR,MHOW,Mhow,RTM,RATLAM JN,147,4,20,00:50:00,20:30:00,52965,0,0,0,0,0,0
52965,Ratlam Mhow Fast Passenger,Pass,Passenger,WR,RTM,RATLAM JN,MHOW,Mhow,147,4,15,21:15:00,17:00:00,52966,1,0,0,0,0,0
52966,Mhow Ratlam Passenger,Pass,Passenger,WR,MHOW,Mhow,RTM,RATLAM JN,147,3,55,16:20:00,12:25:00,52965,0,0,0,0,0,0
52967,Indore Mhow Fast Passenger,Pass,Passenger,?,INDM,Indore Junction MG,MHOW,Mhow,29,1,10,07:45:00,06:35:00,52968,0,0,0,0,0,0
52968,Mhow Indore Fast Passenger,Pass,Passenger,WR,MHOW,Mhow,INDM,Indore Junction MG,29,0,50,06:05:00,05:15:00,52967,0,0,0,0,0,0
52969,Ujjain Fatehabad Passenger,Pass,Passenger,WR,UJN,UJJAIN JN,FTD,Fatehabad Chowk Junction,23,0,40,17:30:00,16:50:00,52970,0,0,0,0,0,0
52970,Fatehabad Chowk Ujjain Passenger,Pass,Passenger,WR,FTD,Fatehabad Chowk Junction,UJN,UJJAIN JN,23,0,40,18:40:00,18:00:00,52969,0,0,0,0,0,0
52971,Ujjain Mhow Passenger,Pass,Passenger,WR,UJN,UJJAIN JN,MHOW,Mhow,91,3,10,09:30:00,06:20:00,52972,0,0,0,0,0,0
52972,Mhow Ujjain Passenger,Pass,Passenger,WR,MHOW,Mhow,UJN,UJJAIN JN,91,2,50,21:15:00,18:25:00,52971,0,0,0,0,0,0
52973,Ratlam Akola Passenger,Pass,Passenger,WR,RTM,RATLAM JN,AK,AKOLA JN,431,17,30,16:00:00,22:30:00,52974,1,0,0,0,0,0
52975,Ratlam Akola Passenger,Pass,Passenger,WR,RTM,RATLAM JN,AK,AKOLA JN,431,16,30,22:30:00,06:00:00,52974,1,0,0,0,0,0
52976,Akola Ratlam Fast Pass,Pass,Passenger,WR,AK,AKOLA JN,RTM,RATLAM JN,431,15,25,04:25:00,13:00:00,52975,1,0,0,0,0,0
52977,Indore Mhow Fast Passenger,Pass,Passenger,WR,INDM,Indore Junction MG,MHOW,Mhow,29,0,50,12:15:00,11:25:00,,0,0,0,0,0,0
52978,Mhow-Indore Passenger,Pass,Passenger,WR,MHOW,Mhow,INDB,INDORE JN BG,29,0,50,10:00:00,09:10:00,52979,0,0,0,0,0,0
52979,Indore Mhow Passenger,Pass,Passenger,WR,INDB,INDORE JN BG,MHOW,Mhow,29,1,5,15:50:00,14:45:00,52978,0,0,0,0,0,0
52980,MHOW - INDM Passenger,Pass,Passenger,WR,MHOW,Mhow,INDB,INDORE JN BG,29,0,55,14:25:00,13:30:00,52979,0,0,0,0,0,0
52981,Indore Mhow Fast Passenger,Pass,Passenger,WR,INDB,INDORE JN BG,MHOW,Mhow,29,0,50,18:50:00,18:00:00,52982,0,0,0,0,0,0
52982,Mhow Indore MG Fast Passenger,Pass,Passenger,WR,MHOW,Mhow,INDB,INDORE JN BG,29,0,50,17:10:00,16:20:00,52981,0,0,0,0,0,0
52983,Fatehabad Mhow Passenger,Pass,Passenger,WR,FTD,Fatehabad Chowk Junction,MHOW,Mhow,68,2,30,18:10:00,15:40:00,52984,0,0,0,0,0,0
14202,Rai Bareli Jaunpur Express,Exp,Express,NR,RBL,RAE BARELI JN,JNU,JAUNPUR JN,203,5,25,12:05:00,06:40:00,14201,0,0,0,0,0,0
15632-Slip,Guwahati Barmer Express Slip,Exp,Express,NFR,GHY,GUWAHATI,BKN,BIKANER JN,2333,44,15,07:00:00,10:45:00,,1,1,1,0,0,0
18508,AMRITSAR - VISAKHAPATNAM Hirakud Exp,Exp,Express,ECoR,ASR,AMRITSAR JN,VSKP,VISHAKAPATNAM,2574,48,5,23:50:00,23:45:00,18507,1,1,1,0,0,0
25631,Bikaner Guwahati Express,Exp,Express,NFR,BKN,BIKANER JN,GHY,GUWAHATI,2333,47,30,23:15:00,23:45:00,,1,1,0,0,0,0
52984,Mhow Fatehabad Fast Passenger,Pass,Passenger,?,MHOW,Mhow,FTD,Fatehabad Chowk Junction,68,2,10,15:20:00,13:10:00,52983,0,0,0,0,0,0
52985,Indore Mg Mhow Passenger,Pass,Passenger,WR,INDB,INDORE JN BG,MHOW,Mhow,29,0,55,21:45:00,20:50:00,52986,0,0,0,0,0,0
52986,Mhow Indore MG Pass,Pass,Passenger,WR,MHOW,Mhow,INDB,INDORE JN BG,29,0,50,20:10:00,19:20:00,52985,0,0,0,0,0,0
52987,Mhow Akola Fast Passenger,Pass,Passenger,WR,MHOW,Mhow,AK,AKOLA JN,292,13,35,01:30:00,11:55:00,52988,1,0,0,0,0,0
52988,Akola Mhow Fast Passenger,Pass,Passenger,WR,AK,AKOLA JN,MHOW,Mhow,292,12,45,11:50:00,23:05:00,52987,1,0,0,0,0,0
52989,Ujjain Mhow Passenger,Pass,Passenger,WR,UJN,UJJAIN JN,MHOW,Mhow,91,3,5,22:45:00,19:40:00,52990,0,0,0,0,0,0
52990,Mhow Ujjain Passenger,Pass,Passenger,WR,MHOW,Mhow,UJN,UJJAIN JN,91,3,15,10:05:00,06:50:00,52989,0,0,0,0,0,0
52991,Ujjain Khandwa Passenger,Pass,Passenger,WR,UJN,UJJAIN JN,KNW,KHANDWA,204,7,55,21:30:00,13:35:00,52992,0,0,0,0,0,0
52992,Khandwa Ujjain Passenger Express,Pass,Passenger,WR,KNW,KHANDWA,UJN,UJJAIN JN,204,6,30,13:15:00,06:45:00,52991,0,0,0,0,0,0
52993,Mhow Akola Passenger,Pass,Passenger,WR,MHOW,Mhow,AK,AKOLA JN,292,12,10,09:00:00,20:50:00,52994,1,0,0,0,0,0
52994,Akola Mhow Passenger,Pass,Passenger,WR,AK,AKOLA JN,MHOW,Mhow,292,11,20,06:20:00,19:00:00,52993,1,0,0,0,0,0
53001,Howrah Azimganj Passenger,Pass,Passenger,ER,HWH,HOWRAH JN,AZ,AZIMGANJ JN,217,6,20,22:20:00,16:00:00,53002,0,0,0,0,0,0
53002,Azimganj Howrah Passenger,Pass,Passenger,ER,AZ,AZIMGANJ JN,HWH,HOWRAH JN,217,7,10,03:50:00,20:40:00,53001,0,0,0,0,0,0
53003,Howrah Malda Town Fast Passenger,Pass,Passenger,ER,HWH,HOWRAH JN,MLDT,MALDA TOWN,339,10,25,07:50:00,21:25:00,53004,1,0,0,0,0,0
53004,Malda Howrah Fast Passenger,Pass,Passenger,ER,MLDT,MALDA TOWN,HWH,HOWRAH JN,339,11,15,04:30:00,17:15:00,53003,0,0,0,0,0,0
53006,Azimganj Katwa Passenger,Pass,Passenger,ER,AZ,AZIMGANJ JN,KWAE,KATWA,73,1,49,05:19:00,03:30:00,,0,0,0,0,0,0
53007,Katwa Rampurhat Passenger,Pass,Passenger,ER,KWAE,KATWA,RPH,RAMPUR HAT,134,5,0,13:55:00,08:55:00,53008,0,0,0,0,0,0
53008,Rampurhat Katwa Passenger,Pass,Passenger,ER,RPH,RAMPUR HAT,KWAE,KATWA,134,5,35,14:25:00,08:50:00,53007,0,0,0,0,0,0
53010,Azimganj Katwa Passenger,Pass,Passenger,ER,AZ,AZIMGANJ JN,KWAE,KATWA,73,2,15,07:15:00,05:00:00,,0,0,0,0,0,0
53012,Azimganj Katwa Passenger,Pass,Passenger,ER,AZ,AZIMGANJ JN,KWAE,KATWA,73,2,23,09:38:00,07:15:00,,0,0,0,0,0,0
53014,Azimganj Katwa Passenger,Pass,Passenger,ER,AZ,AZIMGANJ JN,KWAE,KATWA,73,2,7,10:57:00,08:50:00,,0,0,0,0,0,0
53016,Azimganj Katwa Passenger,Pass,Passenger,ER,AZ,AZIMGANJ JN,KWAE,KATWA,73,2,20,16:40:00,14:20:00,53017,0,0,0,0,0,0
53017,Katwa Azimganj Passenger,Pass,Passenger,ER,KWAE,KATWA,AZ,AZIMGANJ JN,73,2,20,21:40:00,19:20:00,53018,0,0,0,0,0,0
53018,Azimganj Katwa Passenger,Pass,Passenger,ER,AZ,AZIMGANJ JN,KWAE,KATWA,73,2,30,17:45:00,15:15:00,53017,0,0,0,0,0,0
53022,Bhagalpur Azimganj Passenger,Pass,Passenger,ER,BGP,BHAGALPUR,AZ,AZIMGANJ JN,226,8,5,19:45:00,11:40:00,53021,0,0,0,0,0,0
53035,Azimganj Barharwa Passenger,Pass,Passenger,ER,AZ,AZIMGANJ JN,BHW,BARHARWA JN,94,3,30,00:50:00,21:20:00,53036,0,0,0,0,0,0
53043,Howrah-Rajgir Fast Passenger,Pass,Passenger,ER,HWH,HOWRAH JN,RGD,Rajgir,651,21,40,08:50:00,11:10:00,53044,0,0,0,0,0,0
53044,Rajgir-Howrah Fast Passenger,Pass,Passenger,ER,RGD,Rajgir,HWH,HOWRAH JN,676,23,30,12:10:00,12:40:00,53043,0,0,0,0,0,0
53045,Mayurakshi Fast Passenger,Pass,Passenger,ER,HWH,HOWRAH JN,RPH,RAMPUR HAT,288,5,50,22:15:00,16:25:00,53046,0,0,0,0,0,0
53046,Mayurakshi Fast Passenger,Pass,Passenger,ER,RPH,RAMPUR HAT,HWH,HOWRAH JN,288,6,5,11:35:00,05:30:00,53045,0,0,0,0,0,0
53047,Viswabharati Fast Passenger,Pass,Passenger,ER,HWH,HOWRAH JN,RPH,RAMPUR HAT,219,4,55,21:35:00,16:40:00,53048,0,0,0,0,0,1
53048,Viswabharati Fast Passenger,Pass,Passenger,ER,RPH,RAMPUR HAT,HWH,HOWRAH JN,219,5,0,10:10:00,05:10:00,53047,0,0,0,0,0,1
53050,Mokameh Howrah Passenger,Pass,Passenger,ER,MKA,MOKAMEH JN,HWH,HOWRAH JN,455,14,50,03:00:00,12:10:00,53049,0,0,0,0,0,0
53061,Barddhaman-Hatia Passenger,Pass,Passenger,ER,BWN,BARDDHAMAN JN,HTE,HATIA,345,11,25,17:40:00,06:15:00,53062,0,0,0,0,0,0
53062,Hatia Barddhaman Passenger,Pass,Passenger,ER,HTE,HATIA,BWN,BARDDHAMAN JN,333,13,15,21:10:00,07:55:00,53061,0,0,0,0,0,0
53064,Barharwa Barddhaman Passenger,Pass,Passenger,ER,BHW,BARHARWA JN,BWN,BARDDHAMAN JN,212,5,55,20:40:00,14:45:00,53063,0,0,0,0,0,0
53065,Barddhaman Rampurhat Passenger,Pass,Passenger,ER,BWN,BARDDHAMAN JN,RPH,RAMPUR HAT,112,2,35,11:45:00,09:10:00,53066,0,0,0,0,0,0
53066,Rampurhat Barddhaman Passenger,Pass,Passenger,ER,RPH,RAMPUR HAT,BWN,BARDDHAMAN JN,112,2,35,17:00:00,14:25:00,53065,0,0,0,0,0,0
53067,Barddhaman Rampurhat Passenger,Pass,Passenger,ER,BWN,BARDDHAMAN JN,RPH,RAMPUR HAT,112,2,40,20:15:00,17:35:00,53066,0,0,0,0,0,0
53208,Buxar Islampur Passenger,Pass,Passenger,ECR,BXR,BUXAR,IPR,Islampur,181,6,55,11:50:00,04:55:00,53207,0,0,0,0,0,0
53213,Buxar Mughal Sarai Passenger,Pass,Passenger,ECR,BXR,BUXAR,MGS,MUGHAL SARAI JN,94,2,35,06:35:00,04:00:00,53214,0,0,0,0,0,0
53215,Buxar Mughal Sarai Passenger,Pass,Passenger,ECR,BXR,BUXAR,MGS,MUGHAL SARAI JN,94,2,40,11:55:00,09:15:00,53214,0,0,0,0,0,0
53217,Buxar Mughal Sarai Passenger,Pass,Passenger,ECR,BXR,BUXAR,MGS,MUGHAL SARAI JN,94,2,25,19:00:00,16:35:00,53216,0,0,0,0,0,0
18047,HOWRAH - VASCO DA GAMA Amravati Exp,Exp,Express,SER,HWH,HOWRAH JN,VSG,VASCO DA GAMA,2147,39,30,15:00:00,23:30:00,18048,1,1,1,0,0,0
51196,Ballarshah Wardha Mumbai Passenger,Pass,Passenger,CR,BPQ,BALHARSHAH,CSTM,MUMBAI CST,891,18,30,12:00:00,17:30:00,,1,1,0,0,0,0
53068,Rampurhat Barddhaman Passenger,Pass,Passenger,ER,RPH,RAMPUR HAT,BWN,BARDDHAMAN JN,112,2,45,12:15:00,09:30:00,53067,0,0,0,0,0,0
53070,Rampurhat Barddhaman Passenger,Pass,Passenger,ER,RPH,RAMPUR HAT,BWN,BARDDHAMAN JN,112,2,32,08:47:00,06:15:00,53069,0,0,0,0,0,0
53073,Rampurhat Sahibganj Passenger,Pass,Passenger,ER,RPH,RAMPUR HAT,SBG,SAHIBGANJ JN,133,3,37,00:22:00,20:45:00,53074,0,0,0,0,0,0
53074,Sahibganj Rampurhat Passenger,Pass,Passenger,ER,SBG,SAHIBGANJ JN,RPH,RAMPUR HAT,133,3,45,08:30:00,04:45:00,53073,0,0,0,0,0,0
53132,Muzaffarpur Sealdah Passenger,Pass,Passenger,ER,MFP,MUZAFFARPUR JN,SDAH,KOLKATA SEALDAH,568,19,40,03:25:00,07:45:00,53131,0,0,0,0,0,0
53135,Sealdah Rampurhat Passenger,Pass,Passenger,ER,SDAH,KOLKATA SEALDAH,RPH,RAMPUR HAT,227,6,25,18:00:00,11:35:00,53136,0,0,0,0,0,0
53136,Rampurhat Sealdah Passenger,Pass,Passenger,ER,RPH,RAMPUR HAT,SDAH,KOLKATA SEALDAH,227,6,55,20:00:00,13:05:00,53135,0,0,0,0,0,0
53137,Rampurhat- Barharwa Passenger,Pass,Passenger,ER,RPH,RAMPUR HAT,BHW,BARHARWA JN,79,2,5,06:35:00,04:30:00,53138,0,0,0,0,0,0
53139,KolkataChitpur-Chittaranjan Passenger,Pass,Passenger,ER,KOAA,KOLKATA CHITPUR,CRJ,CHITTARANJAN,241,5,40,05:05:00,23:25:00,53140,1,0,0,0,0,0
53140,Chittranjan-KolkataChitpur Passenger,Pass,Passenger,ER,CRJ,CHITTARANJAN,KOAA,KOLKATA CHITPUR,241,5,5,13:35:00,08:30:00,53139,1,0,0,0,0,0
53152,Lalgola Ranaghat Passenger,Pass,Passenger,ER,LGL,Lalgola,RHA,Ranaghat Junction,154,3,40,07:05:00,03:25:00,53153,0,0,0,0,0,0
53153,Ranaghat Lalgola Passenger,Pass,Passenger,ER,RHA,Ranaghat Junction,LGL,Lalgola,154,4,15,16:05:00,11:50:00,53152,0,0,0,0,0,0
53154,Lalgola Ranaghat Passenger,Pass,Passenger,ER,LGL,Lalgola,RHA,Ranaghat Junction,154,3,55,15:25:00,11:30:00,53153,0,0,0,0,0,0
53155,Ranaghat Lalgola Passenger,Pass,Passenger,ER,RHA,Ranaghat Junction,LGL,Lalgola,154,3,45,20:45:00,17:00:00,53154,0,0,0,0,0,0
53156,LGL Ranaghat Passenger,Pass,Passenger,ER,LGL,Lalgola,RHA,Ranaghat Junction,154,4,34,22:14:00,17:40:00,53155,0,0,0,0,0,0
53172,Lalgola Sealdah Passenger,Pass,Passenger,ER,LGL,Lalgola,SDAH,KOLKATA SEALDAH,227,7,10,04:30:00,21:20:00,53173,1,0,0,0,1,0
53173,Sealdah Lalgola Passenger,Pass,Passenger,ER,SDAH,KOLKATA SEALDAH,LGL,Lalgola,227,5,43,13:40:00,07:57:00,53172,0,0,0,0,0,0
53174,Lalgola Sealdah Passenger,Pass,Passenger,ER,LGL,Lalgola,SDAH,KOLKATA SEALDAH,227,5,45,10:00:00,04:15:00,53175,0,0,0,0,0,0
53175,Sealdah Lalgola Passenger,Pass,Passenger,ER,SDAH,KOLKATA SEALDAH,LGL,Lalgola,227,6,18,18:38:00,12:20:00,53174,0,0,0,0,1,0
53177,Sealdah Lalgola Fast Passenger,Pass,Passenger,ER,SDAH,KOLKATA SEALDAH,LGL,Lalgola,227,5,15,22:15:00,17:00:00,53178,0,0,0,0,0,0
53178,Lalgola Sealdah Fast Passenger,Pass,Passenger,ER,LGL,Lalgola,SDAH,KOLKATA SEALDAH,227,6,45,15:15:00,08:30:00,53177,0,0,0,0,0,0
53179,Kolkata Lalgola Passenger,Pass,Passenger,ER,KOAA,KOLKATA CHITPUR,LGL,Lalgola,227,5,50,19:50:00,14:00:00,,0,0,0,0,0,0
53180,Lalgola Kolkata Passenger,Pass,Passenger,ER,LGL,Lalgola,SDAH,KOLKATA SEALDAH,227,6,25,20:20:00,13:55:00,53181,0,0,0,0,0,0
53181,Lalgola Passenger,Pass,Passenger,ER,SDAH,KOLKATA SEALDAH,LGL,Lalgola,227,5,55,05:00:00,23:05:00,53180,1,0,0,0,1,0
53203,Patna Buxar Passenger,Pass,Passenger,ECR,PNBE,PATNA JN,BXR,BUXAR,117,3,15,08:55:00,05:40:00,53204,0,0,0,0,0,0
53204,Buxar Patna Passenger,Pass,Passenger,ECR,BXR,BUXAR,PNBE,PATNA JN,117,4,45,13:45:00,09:00:00,53203,0,0,0,0,0,0
53205,Patna Buxar Passenger,Pass,Passenger,ECR,PNBE,PATNA JN,BXR,BUXAR,117,4,35,19:20:00,14:45:00,53204,0,0,0,0,0,0
53206,Buxar Patna Passenger,Pass,Passenger,ECR,BXR,BUXAR,PNBE,PATNA JN,117,4,55,17:00:00,12:05:00,53205,0,0,0,0,0,0
53207,Islampur Buxar Passenger,Pass,Passenger,ECR,IPR,Islampur,BXR,BUXAR,181,9,10,23:15:00,14:05:00,53208,0,0,0,0,0,0
53214,Mughal Sarai Buxar Passenger,Pass,Passenger,ECR,MGS,MUGHAL SARAI JN,BXR,BUXAR,94,3,20,08:30:00,05:10:00,53213,0,0,0,0,0,0
53216,Mughal Sarai Buxar Passenger,Pass,Passenger,ECR,MGS,MUGHAL SARAI JN,BXR,BUXAR,94,3,20,11:35:00,08:15:00,53215,0,0,0,0,0,0
53218,Mughal Sarai Buxar Passenger,Pass,Passenger,ECR,MGS,MUGHAL SARAI JN,BXR,BUXAR,94,3,0,16:05:00,13:05:00,53219,0,0,0,0,0,0
53219,Buxar Mughal Sarai Passenger,Pass,Passenger,ECR,BXR,BUXAR,MGS,MUGHAL SARAI JN,94,3,45,03:30:00,23:45:00,53220,0,0,0,0,0,0
53227,Darbhanga-Patna Kamala Ganga Fast Passenger,Pass,Passenger,ECR,DBG,DARBHANGA JN,PNBE,PATNA JN,196,6,30,12:00:00,05:30:00,53228,0,0,0,0,0,0
53228,Kamla Ganga Fast Passenger,Pass,Passenger,ECR,PNBE,PATNA JN,DBG,DARBHANGA JN,197,7,30,23:15:00,15:45:00,53227,0,0,0,0,0,0
53229,Rajgir Danapur Passenger,Pass,Passenger,ECR,RGD,Rajgir,DNR,DANAPUR,108,4,35,09:45:00,05:10:00,53230,0,0,0,0,0,0
53230,Danapur Rajgir Passenger,Pass,Passenger,ECR,DNR,DANAPUR,RGD,Rajgir,108,4,35,22:30:00,17:55:00,53229,0,0,0,0,0,0
53231,Danapur Rajgir Passenger,Pass,Passenger,ECR,DNR,DANAPUR,RGD,Rajgir,108,4,20,12:10:00,07:50:00,53232,0,0,0,0,0,0
53232,Rajgir Danapur Passenger,Pass,Passenger,ECR,RGD,Rajgir,DNR,DANAPUR,108,6,0,22:00:00,16:00:00,53231,0,0,0,0,0,0
53321,ASANSOL DHANBAD PASS,Pass,Passenger,?,ASN,ASANSOL JN,DHN,DHANBAD JN,59,1,30,18:00:00,16:30:00,53322,0,0,0,0,0,0
53322,Dhanbad-Asansol Passenger MEMU,Pass,Passenger,ECR,DHN,DHANBAD JN,ASN,ASANSOL JN,59,1,25,14:45:00,13:20:00,53321,0,0,0,0,0,0
53343,NSCB GOMOH - CHOPAN Passenger,Pass,Passenger,ECR,GMO,GOMOH JN,CPU,CHOPAN,455,13,55,19:35:00,05:40:00,53344,0,0,0,0,0,0
53344,CHOPAN - NSCB GOMOH Passenger,Pass,Passenger,ECR,CPU,CHOPAN,GMO,GOMOH JN,455,12,50,19:45:00,06:55:00,53343,0,0,0,0,0,0
53345,CHOPAN - ALLAHABAD Passenger,Pass,Passenger,ECR,CPU,CHOPAN,ALD,ALLAHABAD JN,223,7,40,12:00:00,04:20:00,53346,0,0,0,0,0,0
53346,ALLAHABAD - CHOPAN Passenger,Pass,Passenger,ECR,ALD,ALLAHABAD JN,CPU,CHOPAN,223,7,55,22:45:00,14:50:00,53345,0,0,0,0,0,0
13071,Jamalpur Express,Exp,Express,ER,HWH,HOWRAH JN,JMP,JAMALPUR JN,467,9,35,07:10:00,21:35:00,13072,1,1,1,1,0,0
18235,Bilaspur Express Cum Passenger,Exp,Express,SECR,BPL,BHOPAL JN,BSP,BILASPUR JN,717,22,5,06:05:00,08:00:00,18236,1,0,0,0,1,0
18409,Sri Jagannath Express,Exp,Express,ECoR,HWH,HOWRAH JN,PURI,PURI,502,9,40,04:40:00,19:00:00,18410,1,1,1,0,0,0
18645,East Coast Express,Exp,Express,SER,HWH,HOWRAH JN,HYB,HYDERABAD DECCAN,1592,30,45,18:30:00,11:45:00,18646,1,1,1,0,0,0
19306,Shipra Express,Exp,Express,WR,HWH,HOWRAH JN,INDB,INDORE JN BG,1754,31,55,01:40:00,17:45:00,19305,1,1,1,0,0,0
22308,Bikaner-Howrah SF Express,SF,Superfast,ER,BKN,BIKANER JN,HWH,HOWRAH JN,1882,33,15,04:00:00,18:45:00,,1,1,0,0,0,0
23040,Rajgir Howrah Passenger,Pass,Passenger,ER,RGD,Rajgir,HWH,HOWRAH JN,552,14,0,06:05:00,16:05:00,53043,1,0,0,0,0,0
37355,Howrah-Tarakeswar Local,MEMU,MEMU,?,HWH,HOWRAH JN,TAK,Tarakeswar,57,1,30,11:50:00,10:20:00,37356,0,0,0,0,0,0
38442,Panskura Howrah EMU,MEMU,MEMU,?,PKU,PANSKURA,HWH,HOWRAH JN,71,1,55,11:45:00,09:50:00,38441,0,0,0,0,1,0
43891,Avadi Pattabiram East EMU,MEMU,MEMU,SR,AVD,AVADI,PRES,Pattabiram East,10,0,20,03:15:00,02:55:00,43892,0,0,0,0,0,0
51816,Agra Jhansi Passenger,Pass,Passenger,NCR,AGC,AGRA CANTT,JHS,JHANSI JN,216,6,0,20:50:00,14:50:00,51815,0,0,0,0,0,0
53049,Howrah Mokameh Passenger,Pass,Passenger,ER,HWH,HOWRAH JN,MKA,MOKAMEH JN,455,12,20,11:10:00,22:50:00,53050,1,0,0,0,0,0
53323,SINDRI TOWN DHANBAD PASSSENGE,Pass,Passenger,ECR,SNDT,Sindri Town,DHN,DHANBAD JN,27,1,35,09:35:00,08:00:00,53324,0,0,0,0,0,0
53324,Dhanbad Sindri Town Passenger,Pass,Passenger,ECR,DHN,DHANBAD JN,SNDT,Sindri Town,27,0,55,07:05:00,06:10:00,53323,0,0,0,0,0,0
53325,Sindri Town Dhanbad Passenger,Pass,Passenger,ECR,SNDT,Sindri Town,DHN,DHANBAD JN,27,1,5,12:35:00,11:30:00,53324,0,0,0,0,0,0
53326,Dhanbad Sindri Town Passenger,Pass,Passenger,ECR,DHN,DHANBAD JN,SNDT,Sindri Town,27,1,5,11:05:00,10:00:00,53325,0,0,0,0,0,0
53327,Sindri Town Gomoh Passenger,Pass,Passenger,ECR,SNDT,Sindri Town,GMO,GOMOH JN,56,2,25,17:05:00,14:40:00,53328,0,0,0,0,0,0
53328,Gomoh Sindri Town Passenger,Pass,Passenger,ECR,GMO,GOMOH JN,SNDT,Sindri Town,56,1,55,19:20:00,17:25:00,53327,0,0,0,0,0,0
53333,Sindri Town Dhanbad Passenger,Pass,Passenger,ECR,SNDT,Sindri Town,DHN,DHANBAD JN,27,1,5,21:05:00,20:00:00,53334,0,0,0,0,0,0
53334,DHANBAD SINDRI TOWN PASSENGER,Pass,Passenger,ECR,DHN,DHANBAD JN,SNDT,Sindri Town,27,1,5,14:10:00,13:05:00,53333,0,0,0,0,0,0
53336,Ranchi Dhanbad Passenger,Pass,Passenger,ECR,RNC,RANCHI,DHN,DHANBAD JN,161,5,40,21:35:00,15:55:00,53335,0,0,0,0,0,0
53337,Garhbeta Ranchi Passenger,Pass,Passenger,ECR,GBA,GARHBETA,RNC,RANCHI,269,6,0,11:45:00,05:45:00,53338,0,0,0,0,0,0
53338,Ranchi Garhbeta Passenger,Pass,Passenger,ECR,RNC,RANCHI,GBA,GARHBETA,269,6,0,21:25:00,15:25:00,53337,0,0,0,0,0,0
53339,Dhanbad Chandrapura Passenger,Pass,Passenger,ECR,DHN,DHANBAD JN,CRP,CHANDRAPURA,34,1,50,13:25:00,11:35:00,53340,0,0,0,0,0,0
53340,Chandrapura Dhanbad Passenger,Pass,Passenger,ECR,CRP,CHANDRAPURA,DHN,DHANBAD JN,34,1,45,15:35:00,13:50:00,53339,0,0,0,0,0,0
53341,Dhanbad-Muri Passenger,Pass,Passenger,ECR,DHN,DHANBAD JN,MURI,MURI,101,5,5,22:50:00,17:45:00,53342,0,0,0,0,0,0
53342,Muri-Dhanbad Passenger,Pass,Passenger,ECR,MURI,MURI,DHN,DHANBAD JN,101,4,30,08:50:00,04:20:00,53341,0,0,0,0,0,0
53347,Gomoh Barwadih Passenger,Pass,Passenger,ECR,GMO,GOMOH JN,BRWD,BARWADIH JN,255,7,0,16:50:00,09:50:00,53348,0,0,0,0,0,0
53348,Barwadih Gomoh Passenger,Pass,Passenger,ECR,BRWD,BARWADIH JN,GMO,GOMOH JN,255,8,0,13:50:00,05:50:00,53347,0,0,0,0,0,0
53350,Dehri on Sone Barwadih Passenger,Pass,Passenger,ECR,DOS,DEHRI ON SONE,BRWD,BARWADIH JN,164,4,10,10:00:00,05:50:00,53349,0,0,0,0,0,0
53351,Barwadih-Chunar Passenger,Pass,Passenger,ECR,BRWD,BARWADIH JN,CAR,CHUNAR,303,8,55,11:55:00,03:00:00,,0,0,0,0,0,0
53352,Chunar Chopan Passenger,Pass,Passenger,ECR,CAR,CHUNAR,CPU,CHOPAN,103,3,10,17:10:00,14:00:00,,0,0,0,0,0,0
53358,Dehari On Sone - Barkakana Passenger,Pass,Passenger,?,DOS,DEHRI ON SONE,BRKA,BARKAKANA,319,8,15,23:55:00,15:40:00,,0,0,0,0,0,0
53359,Gomoh Barka Kana Passenger,Pass,Passenger,ECR,GMO,GOMOH JN,BRKA,BARKAKANA,100,3,20,21:20:00,18:00:00,53360,0,0,0,0,0,0
53360,Barkakana-NSBC Gomoh Passenger,Pass,Passenger,ECR,BRKA,BARKAKANA,GMO,GOMOH JN,100,3,20,06:50:00,03:30:00,53359,0,0,0,0,0,0
53361,Barka Kana Varanasi Passenger,Pass,Passenger,ECR,BRKA,BARKAKANA,BSB,VARANASI JN,456,12,22,18:05:00,05:43:00,53362,0,0,0,0,0,0
53362,Varanasi-Barkakana Passenger,Pass,Passenger,ECR,BSB,VARANASI JN,BRKA,BARKAKANA,456,13,0,20:00:00,07:00:00,53361,0,0,0,0,0,0
53364,Dehri On Sone Gaya Passenger,Pass,Passenger,ECR,DOS,DEHRI ON SONE,GAYA,GAYA JN,85,2,10,15:30:00,13:20:00,53363,0,0,0,0,0,0
53401,Sahibganj- Malda Town Passenger,Pass,Passenger,ER,SBG,SAHIBGANJ JN,MLDT,MALDA TOWN,105,3,15,09:15:00,06:00:00,53402,0,0,0,0,0,0
53402,Malda Town- Sahibganj Passenger,Pass,Passenger,ER,MLDT,MALDA TOWN,SBG,SAHIBGANJ JN,106,3,30,19:50:00,16:20:00,53401,0,0,0,0,0,0
53403,Rampurhat Gaya Passenger,Pass,Passenger,ER,RPH,RAMPUR HAT,GAYA,GAYA JN,435,17,20,23:00:00,05:40:00,,0,0,0,0,0,0
53406,Sahibganj- Rampurhat Passenger,Pass,Passenger,?,SBG,SAHIBGANJ JN,RPH,RAMPUR HAT,133,4,5,23:30:00,19:25:00,53405,0,0,0,0,0,0
53412,Sahibganj Barharwa Passenger,Pass,Passenger,ER,SBG,SAHIBGANJ JN,BHW,BARHARWA JN,53,1,25,13:35:00,12:10:00,53411,0,0,0,0,0,0
53417,Barddhaman MaldaTown Passenger,Pass,Passenger,ER,BWN,BARDDHAMAN JN,MLDT,MALDA TOWN,233,6,0,11:00:00,05:00:00,53418,0,0,0,0,0,0
53418,Malda Town Barddhaman Passenger,Pass,Passenger,ER,MLDT,MALDA TOWN,BWN,BARDDHAMAN JN,233,6,40,21:40:00,15:00:00,53417,0,0,0,0,0,0
53551,Jasidih-Dumka Passenger,Pass,Passenger,ER,JSME,JASIDIH JN,DUMK,Dumka,72,1,45,09:10:00,07:25:00,53552,0,0,0,0,0,0
53553,Jasidih-Dumka Passenger,Pass,Passenger,ER,JSME,JASIDIH JN,DUMK,Dumka,72,1,45,14:45:00,13:00:00,53552,0,0,0,0,0,0
53567,asansol jhajha mEMU,Pass,Passenger,ER,ASN,ASANSOL JN,JAJ,JHAJHA,155,3,20,12:55:00,09:35:00,,0,0,0,0,0,0
11055,MUMBAI LTT - GORAKHPUR Exp,Exp,Express,CR,LTT,LOKMANYA TILAK TERM,GKP,GORAKHPUR JN,1733,33,20,20:15:00,10:55:00,11056,1,1,1,0,0,0
11107,Gwalior-Varanasi Bundelkhand Express,Exp,Express,NCR,GWL,GWALIOR JN,BSB,VARANASI JN,624,14,10,10:50:00,20:40:00,11108,1,1,1,1,0,0
15270,AHMEDABAD - MUZAFFARPUR Jan Sadharan Exp,Exp,Express,NER,ADI,AHMEDABAD JN,MFP,MUZAFFARPUR JN,1752,35,45,04:00:00,16:15:00,15269,0,0,0,0,0,0
16519,JOLARPETTAI - BANGALORE Exp,Exp,Express,SWR,JTJ,JOLARPETTAI,SBC,BANGALORE CITY JN,145,3,35,08:00:00,04:25:00,16520,0,0,0,0,0,0
32252,Dankuni Sealdah Local,MEMU,MEMU,?,DKAE,DANKUNI,SDAH,KOLKATA SEALDAH,22,0,44,14:52:00,14:08:00,,0,0,0,0,0,0
51253,Amla Chhindwara Passenger,Pass,Passenger,WCR,AMLA,AMLA JN,CWA,Chhindwara Junction,115,4,0,12:00:00,08:00:00,51254,0,0,0,0,0,0
51882,Agra Gwalior Fast Passenger,Pass,Passenger,NCR,AGC,AGRA CANTT,GWL,GWALIOR JN,118,2,40,10:15:00,07:35:00,51881,0,0,0,0,0,0
52173,Gwalior Sabalgarh Passenger,Pass,Passenger,NCR,GWL,GWALIOR JN,SBL,Sabalgarh,92,4,40,20:20:00,15:40:00,52174,0,0,0,0,0,0
53442,Bhagalpur Mandar Hill Passenger,Pass,Passenger,ER,BGP,BHAGALPUR,MDLE,Mandar Hill,0,2,5,06:05:00,04:00:00,53443,0,0,0,0,0,0
53481,Tinpahar Rajmahal Pass,Pass,Passenger,?,TPH,TINPAHAR JN,RJL,Rajmahal,11,0,25,06:28:00,06:03:00,53482,0,0,0,0,0,0
53482,Rajmahal Tinpahar Passenger,Pass,Passenger,?,RJL,Rajmahal,TPH,TINPAHAR JN,11,0,25,02:25:00,02:00:00,53483,0,0,0,0,0,0
53483,Tinpahar Rajmahal Pass,Pass,Passenger,?,TPH,TINPAHAR JN,RJL,Rajmahal,11,0,28,10:18:00,09:50:00,53484,0,0,0,0,0,0
53484,Rajmahal Tinpahar Passenger,Pass,Passenger,?,RJL,Rajmahal,TPH,TINPAHAR JN,11,0,25,07:13:00,06:48:00,53485,0,0,0,0,0,0
53485,Tinpahar Rajmahal Pass,Pass,Passenger,?,TPH,TINPAHAR JN,RJL,Rajmahal,11,0,28,14:15:00,13:47:00,53484,0,0,0,0,0,0
53487,Tinpahar Rajmahal Pass,Pass,Passenger,?,TPH,TINPAHAR JN,RJL,Rajmahal,11,0,25,16:45:00,16:20:00,53488,0,0,0,0,0,0
53490,Rajmahal Tinpahar Passenger,Pass,Passenger,?,RJL,Rajmahal,TPH,TINPAHAR JN,11,0,28,17:38:00,17:10:00,53491,0,0,0,0,0,0
53491,Tinpahar Rajmahal Pass,Pass,Passenger,?,TPH,TINPAHAR JN,RJL,Rajmahal,11,0,25,21:55:00,21:30:00,53492,0,0,0,0,0,0
53492,Rajmahal Tinpahar Passenger,Pass,Passenger,ER,RJL,Rajmahal,TPH,TINPAHAR JN,11,0,25,20:25:00,20:00:00,53491,0,0,0,0,0,0
53493,Tinpahar Rajmahal Pass,Pass,Passenger,?,TPH,TINPAHAR JN,RJL,Rajmahal,11,0,25,23:55:00,23:30:00,53492,0,0,0,0,0,0
53494,Rajmahal-Teenpahar Pass.,Pass,Passenger,ER,RJL,Rajmahal,TPH,TINPAHAR JN,11,0,25,22:45:00,22:20:00,53493,0,0,0,0,0,0
53511,Madhupur Giridih Pass,Pass,Passenger,?,MDP,MADHUPUR JN,GRD,Giridih,38,1,10,04:30:00,03:20:00,53512,0,0,0,0,0,0
53512,GIRIDIH MADHUPUR PASS,Pass,Passenger,?,GRD,Giridih,MDP,MADHUPUR JN,38,0,55,05:45:00,04:50:00,53513,0,0,0,0,0,0
53513,MADHUPUR GIRIDIH PASS,Pass,Passenger,?,MDP,MADHUPUR JN,GRD,Giridih,36,1,0,09:30:00,08:30:00,53514,0,0,0,0,0,0
53514,Giridih-Madhupur Passenger,Pass,Passenger,ER,GRD,Giridih,MDP,MADHUPUR JN,36,1,0,10:50:00,09:50:00,53513,0,0,0,0,0,0
53517,MADHUPUR GIRIDIH PASS,Pass,Passenger,?,MDP,MADHUPUR JN,GRD,Giridih,38,1,0,17:20:00,16:20:00,53518,0,0,0,0,0,0
53518,GIRIDIH MADHUPUR PASS,Pass,Passenger,?,GRD,Giridih,MDP,MADHUPUR JN,38,0,55,18:35:00,17:40:00,53517,0,0,0,0,0,0
53519,MADHUPUR GIRIDIH PASS,Pass,Passenger,?,MDP,MADHUPUR JN,GRD,Giridih,38,0,55,22:30:00,21:35:00,53518,0,0,0,0,0,0
53520,Giridih-Madhupur Passenger,Pass,Passenger,?,GRD,Giridih,MDP,MADHUPUR JN,36,0,55,23:45:00,22:50:00,53519,0,0,0,0,0,0
53547,Andal-Jasidih Passenger,Pass,Passenger,ER,UDL,ANDAL JN,STN,SITARAMPUR,34,1,35,08:10:00,06:35:00,53548,0,0,0,0,0,0
53548,Jasidih Andal Passenger,Pass,Passenger,ER,JSME,JASIDIH JN,UDL,ANDAL JN,136,4,0,17:30:00,13:30:00,53547,0,0,0,0,0,0
53552,Dumka-Jasidih Passenger,Pass,Passenger,ER,DUMK,Dumka,JSME,JASIDIH JN,72,1,45,11:35:00,09:50:00,53551,0,0,0,0,0,0
53554,Dumka-Jasidih Passenger,Pass,Passenger,ER,DUMK,Dumka,JSME,JASIDIH JN,72,1,45,18:45:00,17:00:00,53553,0,0,0,0,0,0
53602,Dehri On Sone Gaya Passenger,Pass,Passenger,ECR,DOS,DEHRI ON SONE,GAYA,GAYA JN,85,2,15,17:15:00,15:00:00,53601,0,0,0,0,0,0
53603,Gaya Dehri On Sone Passenger,Pass,Passenger,ECR,GAYA,GAYA JN,DOS,DEHRI ON SONE,85,2,25,18:40:00,16:15:00,53602,0,0,0,0,0,0
53604,Dehri-on-Sone Gaya Passenger,Pass,Passenger,ECR,DOS,DEHRI ON SONE,GAYA,GAYA JN,85,2,15,12:50:00,10:35:00,53603,0,0,0,0,0,0
53607,Gaya Dehri on Sone Passenger,Pass,Passenger,ECR,GAYA,GAYA JN,DOS,DEHRI ON SONE,85,2,5,09:45:00,07:40:00,53608,0,0,0,0,0,0
53641,Dildarnagar Mughal Sarai Passenger,Pass,Passenger,ECR,DLN,DILDARNAGAR JN,MGS,MUGHAL SARAI JN,58,2,55,21:40:00,18:45:00,53642,0,0,0,0,0,0
53643,Dildarnagar Tarighat Passenger,Pass,Passenger,ECR,DLN,DILDARNAGAR JN,TRG,Tarighat,19,0,50,08:55:00,08:05:00,53644,0,0,0,0,0,0
53644,Tarighat Dildarnagar Passenger,Pass,Passenger,ECR,TRG,Tarighat,DLN,DILDARNAGAR JN,19,0,55,10:10:00,09:15:00,53645,0,0,0,0,0,0
53645,Dildarnagar Tarighat Passenger,Pass,Passenger,ECR,DLN,DILDARNAGAR JN,TRG,Tarighat,19,0,50,13:00:00,12:10:00,53646,0,0,0,0,0,0
53646,Tarighat Dildarnagar Passenger,Pass,Passenger,ECR,TRG,Tarighat,DLN,DILDARNAGAR JN,19,0,45,14:05:00,13:20:00,53645,0,0,0,0,0,0
53647,Dildarnagar Tarighat Passenger,Pass,Passenger,NCR,DLN,DILDARNAGAR JN,TRG,Tarighat,19,0,45,17:45:00,17:00:00,53646,0,0,0,0,0,0
54001,Tilak Bridge Rohtak Shuttle,Pass,Passenger,NR,TKJ,TILAK BRIDGE,ROK,ROHTAK JN,73,2,35,21:10:00,18:35:00,54002,0,0,0,0,0,0
54002,Rohtak Tilak Bridge Passenger,Pass,Passenger,NR,ROK,ROHTAK JN,TKJ,TILAK BRIDGE,73,2,29,08:44:00,06:15:00,54001,0,0,0,0,0,0
54011,Rewari Passenger,Pass,Passenger,NR,TKJ,TILAK BRIDGE,RE,REWARI,86,3,2,20:45:00,17:43:00,54012,0,0,0,0,0,0
54012,Rewari Tilak Bridge Passenger,Pass,Passenger,NR,RE,REWARI,TKJ,TILAK BRIDGE,86,3,5,09:10:00,06:05:00,54011,0,0,0,0,0,0
54022,Tilak Bridge Delhi Bulandshahr Passenger,Pass,Passenger,NR,TKJ,TILAK BRIDGE,BSC,Bulandshahr,124,3,37,21:45:00,18:08:00,,0,0,0,0,0,0
57517,Hyderabad-Tandur Passenger,Pass,Passenger,SCR,HYB,HYDERABAD DECCAN,TDU,TANDUR,116,2,40,15:15:00,12:35:00,,1,0,0,0,0,0
19916,Ahmedabad Mahesana InterCity,Exp,Express,WR,ADI,AHMEDABAD JN,MSH,MAHESANA JN,69,2,5,09:50:00,07:45:00,19915,0,0,0,0,0,0
53036,Barharwa Azimganj Passenger,Pass,Passenger,ER,BHW,BARHARWA JN,AZ,AZIMGANJ JN,94,2,50,06:35:00,03:45:00,53035,0,0,0,0,0,0
53609,Dehri on Sone Mughal Sarai Passenger,Pass,Passenger,?,DOS,DEHRI ON SONE,MGS,MUGHAL SARAI JN,120,3,0,12:50:00,09:50:00,53610,0,0,0,0,0,0
53611,Barwadih Dehri on Sone Passenger,Pass,Passenger,?,BRWD,BARWADIH JN,DOS,DEHRI ON SONE,164,4,30,10:00:00,05:30:00,53612,0,0,0,0,0,0
53612,Dehri on Sone Barwadih Passenger,Pass,Passenger,?,DOS,DEHRI ON SONE,BRWD,BARWADIH JN,164,4,45,23:50:00,19:05:00,53611,0,0,0,0,0,0
53614,Mughal Sarai Gaya Fast Passenger,Pass,Passenger,ECR,MGS,MUGHAL SARAI JN,GAYA,GAYA JN,205,5,0,09:00:00,04:00:00,53613,0,0,0,0,0,0
53616,GAYA JAMALPUR PASS,Pass,Passenger,?,GAYA,GAYA JN,JMP,JAMALPUR JN,183,6,25,20:15:00,13:50:00,53615,0,0,0,0,0,0
53623,JHAJHA - GAYA Passenger,Pass,Passenger,ECR,JAJ,JHAJHA,GAYA,GAYA JN,182,7,25,20:25:00,13:00:00,53624,0,0,0,0,0,0
53624,GAYA - JHAJHA Passenger,Pass,Passenger,ECR,GAYA,GAYA JN,JAJ,JHAJHA,182,7,5,12:20:00,05:15:00,53623,0,0,0,0,0,0
53625,Kiul Gaya Passenger,Pass,Passenger,ECR,KIUL,KIUL JN,GAYA,GAYA JN,129,5,10,10:00:00,04:50:00,53626,0,0,0,0,0,0
53626,Gaya Kiul Passenger,Pass,Passenger,ECR,GAYA,GAYA JN,KIUL,KIUL JN,129,4,50,12:10:00,07:20:00,53625,0,0,0,0,0,0
53627,Kiul Gaya Passenger,Pass,Passenger,ECR,KIUL,KIUL JN,GAYA,GAYA JN,129,4,25,10:35:00,06:10:00,53626,0,0,0,0,0,0
53628,Gaya Kiul Passenger,Pass,Passenger,ECR,GAYA,GAYA JN,KIUL,KIUL JN,129,5,45,17:00:00,11:15:00,53627,0,0,0,0,0,0
53629,Kiul Gaya Passenger,Pass,Passenger,ECR,KIUL,KIUL JN,GAYA,GAYA JN,129,4,45,18:00:00,13:15:00,53630,0,0,0,0,0,0
53630,Gaya Kiul Passenger,Pass,Passenger,ECR,GAYA,GAYA JN,KIUL,KIUL JN,129,4,43,23:43:00,19:00:00,53629,0,0,0,0,0,0
53631,Kiul Gaya Passenger,Pass,Passenger,ECR,KIUL,KIUL JN,GAYA,GAYA JN,129,4,5,22:05:00,18:00:00,53630,0,0,0,0,0,0
53632,Gaya Kiul Passenger,Pass,Passenger,ECR,GAYA,GAYA JN,KIUL,KIUL JN,129,4,35,01:25:00,20:50:00,53631,0,0,0,0,0,0
53642,Mughal Sarai Dildarnagar Passenger,Pass,Passenger,ECR,MGS,MUGHAL SARAI JN,DLN,DILDARNAGAR JN,58,1,35,07:50:00,06:15:00,53641,0,0,0,0,0,0
53648,Tarighat Dildarnagar Passenger,Pass,Passenger,NCR,TRG,Tarighat,DLN,DILDARNAGAR JN,19,0,45,18:40:00,17:55:00,53647,0,0,0,0,0,0
53653,Patna Gaya Passenger,Pass,Passenger,ECR,PNBE,PATNA JN,GAYA,GAYA JN,92,3,15,22:45:00,19:30:00,53654,0,0,0,0,0,0
53654,Gaya Patna Passenger MEMU,Pass,Passenger,ECR,GAYA,GAYA JN,PNBE,PATNA JN,92,3,15,09:45:00,06:30:00,53653,0,0,0,0,0,0
53659,Patna-Sasaram Passenger,Pass,Passenger,?,PNBE,PATNA JN,SSM,SASARAM,146,4,50,20:10:00,15:20:00,53660,0,0,0,0,0,0
54003,H Nizamuddin Kosi Kalan,Pass,Passenger,NR,KSV,KOSI KALAN,NZM,DELHI H NIZAMUDDIN,93,3,20,16:15:00,12:55:00,54004,0,0,0,0,0,0
54004,H Nizamuddin Kosi Kalan,Pass,Passenger,NR,NZM,DELHI H NIZAMUDDIN,KSV,KOSI KALAN,93,2,10,11:40:00,09:30:00,54003,0,0,0,0,0,0
54006,JIND - ROHTAK  Passenger (UnReserved),Pass,Passenger,NR,JIND,JIND JN,ROK,ROHTAK JN,141,4,30,09:05:00,04:35:00,54007,0,0,0,0,0,0
54007,ROHTAK - PANIPAT - JIND Passenger (UnReserved),Pass,Passenger,NR,ROK,ROHTAK JN,JIND,JIND JN,141,4,15,13:45:00,09:30:00,54008,0,0,0,0,0,0
54008,JIND - ROHTAK PASSENGER,Pass,Passenger,NR,JIND,JIND JN,ROK,ROHTAK JN,141,4,10,14:10:00,10:00:00,54009,0,0,0,0,0,0
54009,JIND - ROHTAK PASSENGER,Pass,Passenger,NR,ROK,ROHTAK JN,JIND,JIND JN,141,4,50,22:40:00,17:50:00,54008,0,0,0,0,0,0
54013,Rohtak Bhiwani Passenger,Pass,Passenger,NR,ROK,ROHTAK JN,BNW,Bhiwani,49,1,5,15:15:00,14:10:00,54014,0,0,0,0,0,0
54014,Bhiwani Rohtak Passenger,Pass,Passenger,NR,BNW,Bhiwani,ROK,ROHTAK JN,49,1,50,09:10:00,07:20:00,54013,0,0,0,0,0,0
54015,Rohtak Bhiwani Passenger,Pass,Passenger,NR,ROK,ROHTAK JN,BNW,Bhiwani,49,1,25,19:05:00,17:40:00,54014,0,0,0,0,0,0
54016,Bhiwani Rohtak Passenger,Pass,Passenger,NR,BNW,Bhiwani,ROK,ROHTAK JN,49,1,5,11:00:00,09:55:00,54015,0,0,0,0,0,0
54018,Bhiwani Rohtak Passenger,Pass,Passenger,NR,BNW,Bhiwani,ROK,ROHTAK JN,49,1,20,17:20:00,16:00:00,,0,0,0,0,0,0
54021,Tilak Bridge Passenger,Pass,Passenger,NR,BSC,Bulandshahr,NDLS,NEW DELHI,101,3,33,08:58:00,05:25:00,,0,0,0,0,0,0
54023,Rohtak Jind Passenger,Pass,Passenger,NR,ROK,ROHTAK JN,JIND,JIND JN,57,1,25,08:25:00,07:00:00,,0,0,0,0,0,0
54024,Jind Delhi Passenger,Pass,Passenger,NR,JIND,JIND JN,DLI,OLD DELHI,127,4,15,21:55:00,17:40:00,,0,0,0,0,0,0
54043,Jind Sirsa Passenger,Pass,Passenger,NR,JIND,JIND JN,SSA,Sirsa,245,6,20,22:45:00,16:25:00,54044,0,0,0,0,0,0
54044,Sirsa Jind Passenger,Pass,Passenger,NR,SSA,Sirsa,JIND,JIND JN,245,8,25,14:50:00,06:25:00,54043,0,0,0,0,0,0
54045,Jind Firozpur Passenger,Pass,Passenger,NR,JIND,JIND JN,FZR,FIROZPUR CANT,258,9,10,12:35:00,03:25:00,54046,0,0,0,0,0,0
54046,Jind Firozpur Passenger,Pass,Passenger,NR,FZR,FIROZPUR CANT,JIND,JIND JN,258,9,0,23:05:00,14:05:00,54045,0,0,0,0,0,0
54051,Ludhiana Firozpur Passenger,Pass,Passenger,NR,LDH,LUDHIANA JN,FZR,FIROZPUR CANT,124,2,55,13:00:00,10:05:00,54052,0,0,0,0,0,0
54052,Ludhiana Firozpur Passenger,Pass,Passenger,NR,FZR,FIROZPUR CANT,LDH,LUDHIANA JN,124,2,50,16:35:00,13:45:00,54051,0,0,0,0,0,0
54053,Jakhal Ludhiana Passenger,Pass,Passenger,NR,JHL,JAKHAL JN,LDH,LUDHIANA JN,129,3,10,08:30:00,05:20:00,54054,0,0,0,0,0,0
54054,Ludhiana Jakhal Passenger,Pass,Passenger,NR,LDH,LUDHIANA JN,JHL,JAKHAL JN,129,3,20,22:20:00,19:00:00,54053,0,0,0,0,0,0
54077,Bareilly Delhi Passenger,Pass,Passenger,NR,BE,BAREILLY,DLI,OLD DELHI,274,9,55,03:40:00,17:45:00,54078,1,0,0,0,0,0
54078,Shajahanpur Passenger Slip Ex Bareilly,Pass,Passenger,NR,DLI,OLD DELHI,BE,BAREILLY,274,9,15,08:55:00,23:40:00,54077,1,0,0,0,0,0
54091,Najibabad Kotdwara Pass,Pass,Passenger,NR,NBD,NAJIBABAD JN,KTW,KOTDWARA,24,0,45,21:00:00,20:15:00,54092,0,0,0,0,0,0
54104,Mughal Sarai Allahabad Passenger,Pass,Passenger,NCR,ALD,ALLAHABAD JN,CAR,CHUNAR,120,3,10,21:40:00,18:30:00,54103,0,0,0,0,0,0
54031,DELHI - JIND PASSENGER,Pass,Passenger,NR,DLI,OLD DELHI,JIND,JIND JN,127,4,0,15:55:00,11:55:00,54032,0,0,0,0,0,0
54032,JIND - DELHI PASSENGER,Pass,Passenger,NR,JIND,JIND JN,DLI,OLD DELHI,127,3,50,11:35:00,07:45:00,54031,0,0,0,0,0,0
54033,OLD DELHI - NARWANA Pass,Pass,Passenger,NR,DLI,OLD DELHI,NRW,NARWANA JN,127,4,25,21:45:00,17:20:00,54034,0,0,0,0,0,0
54034,JIND - DELHI Pass,Pass,Passenger,NR,JIND,JIND JN,DLI,OLD DELHI,127,3,50,19:45:00,15:55:00,54033,0,0,0,0,0,0
54035,DELHI  - JAKHAL PASSENGER,Pass,Passenger,NR,DLI,OLD DELHI,JHL,JAKHAL JN,199,6,10,21:35:00,15:25:00,54036,0,0,0,0,0,0
54036,JAKHAL - DELHI PASSENGER,Pass,Passenger,NR,JHL,JAKHAL JN,DLI,OLD DELHI,199,6,20,10:40:00,04:20:00,54035,0,0,0,0,0,0
54037,Kurukshetra Jind Passenger,Pass,Passenger,NR,KKDE,KURUKSHETRA JN,JIND,JIND JN,126,3,25,11:20:00,07:55:00,54038,0,0,0,0,0,0
54038,Jind Kurukshetra Passenger,Pass,Passenger,NR,JIND,JIND JN,KKDE,KURUKSHETRA JN,126,3,5,07:25:00,04:20:00,54037,0,0,0,0,0,0
54039,Kurukshetra Jind Passenger,Pass,Passenger,NR,KKDE,KURUKSHETRA JN,JIND,JIND JN,126,3,15,15:45:00,12:30:00,54038,0,0,0,0,0,0
54040,Jind Kurukshetra Passenger,Pass,Passenger,NR,JIND,JIND JN,KKDE,KURUKSHETRA JN,126,3,5,11:40:00,08:35:00,54039,0,0,0,0,0,0
54041,Kurukshetra Jind Passenger,Pass,Passenger,NR,KKDE,KURUKSHETRA JN,JIND,JIND JN,126,3,5,21:25:00,18:20:00,54040,0,0,0,0,0,0
54042,Jind Kurukshetra Passenger,Pass,Passenger,NR,JIND,JIND JN,KKDE,KURUKSHETRA JN,126,3,5,16:15:00,13:10:00,54041,0,0,0,0,0,0
54047,Jind Kurukshetra Passenger,Pass,Passenger,NR,KKDE,KURUKSHETRA JN,JIND,JIND JN,126,2,45,00:35:00,21:50:00,54048,0,0,0,0,0,0
54048,Jind Nrw Kurukshetra Passenger,Pass,Passenger,NR,JIND,JIND JN,KKDE,KURUKSHETRA JN,126,3,20,21:05:00,17:45:00,54047,0,0,0,0,0,0
54049,ROHTAK - JIND PASSENGER,Pass,Passenger,NR,ROK,ROHTAK JN,JIND,JIND JN,141,4,20,08:25:00,04:05:00,54050,0,0,0,0,0,0
54050,ROHTAK - JIND PASSENGER,Pass,Passenger,NR,JIND,JIND JN,ROK,ROHTAK JN,141,4,10,20:10:00,16:00:00,54049,0,0,0,0,0,0
54055,Moradabad Delhi Passenger,Pass,Passenger,NR,MB,MORADABAD,DLI,OLD DELHI,164,4,45,19:45:00,15:00:00,54056,0,0,0,0,0,0
54057,Delhi Shamli Passenger,Pass,Passenger,NR,DLI,OLD DELHI,SMQL,SHAMLI,94,3,25,00:25:00,21:00:00,54058,0,0,0,0,0,0
54058,Shamli Delhi Passenger,Pass,Passenger,NR,SMQL,SHAMLI,DLI,OLD DELHI,94,3,15,06:30:00,03:15:00,54059,0,0,0,0,0,0
54059,Delhi Shamli Passenger,Pass,Passenger,NR,DLI,OLD DELHI,SMQL,SHAMLI,94,2,35,01:25:00,22:50:00,54058,0,0,0,0,0,0
54060,Shamli Delhi Passenger,Pass,Passenger,NR,SMQL,SHAMLI,DLI,OLD DELHI,94,3,30,10:00:00,06:30:00,54059,0,0,0,0,0,0
54071,Hoshiarpur Jalandhar DMU,Pass,Passenger,NR,HSX,Hoshiarpur,JUC,JALANDHAR CITY,43,1,10,20:20:00,19:10:00,54072,0,0,0,0,0,0
54072,Jalandhar Hoshiarpur DMU,Pass,Passenger,NR,JUC,JALANDHAR CITY,HSX,Hoshiarpur,43,1,25,06:25:00,05:00:00,54071,0,0,0,0,0,0
54075,Sitapur Delhi Passenger,Pass,Passenger,NR,SPC,SITAPUR CITY,DLI,OLD DELHI,409,13,0,03:40:00,14:40:00,54076,1,0,0,0,0,0
54076,Delhi - Sitapur Cant Passenger,Pass,Passenger,NR,DLI,OLD DELHI,SPC,SITAPUR CITY,409,13,55,13:35:00,23:40:00,54075,1,0,0,0,0,0
54085,Delhi Rewari Pass,Pass,Passenger,NR,DLI,OLD DELHI,RE,REWARI,82,2,35,09:35:00,07:00:00,54086,0,0,0,0,0,0
54086,Rewari Delhi Pass,Pass,Passenger,NR,RE,REWARI,DLI,OLD DELHI,82,3,15,13:40:00,10:25:00,54085,0,0,0,0,0,0
54102,Kanpur Allahabad Passenger,Pass,Passenger,NCR,CNB,KANPUR CENTRAL,ALD,ALLAHABAD JN,214,7,10,10:10:00,03:00:00,54101,0,0,0,0,0,0
54105,Mughalsarai Allahabad Passenger,Pass,Passenger,NCR,MGS,MUGHAL SARAI JN,ALD,ALLAHABAD JN,152,4,15,20:15:00,16:00:00,54106,0,0,0,0,0,0
54106,Allahabad Mughal Sarai Passenger,Pass,Passenger,NCR,ALD,ALLAHABAD JN,MGS,MUGHAL SARAI JN,152,4,0,11:10:00,07:10:00,54105,0,0,0,0,0,0
54107,Allahabad Jaunpur Passenger,Pass,Passenger,NCR,ALD,ALLAHABAD JN,JNU,JAUNPUR JN,113,4,35,21:35:00,17:00:00,54108,0,0,0,0,0,0
54108,Allahabad Jaunpur Passenger,Pass,Passenger,NCR,JNU,JAUNPUR JN,ALD,ALLAHABAD JN,113,5,0,10:45:00,05:45:00,54107,0,0,0,0,0,0
54109,Mughal Sarai Faizabad Passenger,Pass,Passenger,NCR,MGS,MUGHAL SARAI JN,FD,FAIZABAD JN,223,6,50,23:30:00,16:40:00,54110,0,0,0,0,0,0
54157,Jhansi Kanpur Passenger,Pass,Passenger,NCR,JHS,JHANSI JN,CNB,KANPUR CENTRAL,222,6,5,14:00:00,07:55:00,54158,0,0,0,0,0,0
54158,Kanpur Jhansi Passenger,Pass,Passenger,NCR,CNB,KANPUR CENTRAL,JHS,JHANSI JN,214,5,57,12:25:00,06:28:00,54157,0,0,0,0,0,0
54160,Banda Jhansi Passenger,Pass,Passenger,NCR,BNDA,BANDA JN,JHS,JHANSI JN,191,4,25,22:15:00,17:50:00,54159,0,0,0,0,0,0
54192,Kila Hathras Passenger,Pass,Passenger,NCR,HRF,Hathras Kila,HRS,HATHRAS JN,9,0,25,16:30:00,16:05:00,54193,0,0,0,0,0,0
54193,Hathras Kila Passenger,Pass,Passenger,NCR,HRS,HATHRAS JN,HRF,Hathras Kila,9,0,25,09:15:00,08:50:00,54192,0,0,0,0,0,0
54221,RBL RAGHURAJ SINGH PASS,Pass,Passenger,NR,RBL,RAE BARELI JN,RRS,Raghuraj Singh,56,1,55,08:00:00,06:05:00,54222,0,0,0,0,0,0
54223,RBL RAGHURAJ SINGH PASS,Pass,Passenger,NR,RBL,RAE BARELI JN,RRS,Raghuraj Singh,56,2,20,19:25:00,17:05:00,54222,0,0,0,0,0,0
54226,Raibareli Unchahar Passenger,Pass,Passenger,NR,RBL,RAE BARELI JN,UCR,Unchahar Junction,38,0,50,09:25:00,08:35:00,54225,0,0,0,0,0,0
54232,Lucknow-Faizabad Passenger,Pass,Passenger,NR,LKO,LUCKNOW,FD,FAIZABAD JN,127,3,45,08:30:00,04:45:00,54231,0,0,0,0,0,0
54234,Lucknow Faizabad Passenger,Pass,Passenger,NR,LKO,LUCKNOW,FD,FAIZABAD JN,127,3,35,20:40:00,17:05:00,54233,0,0,0,0,0,0
54239,Mankapur Faizabad Passenger,Pass,Passenger,NR,MUR,MANKAPUR JN,AY,AYODHYA,37,1,5,09:25:00,08:20:00,54240,0,0,0,0,0,0
54243,Mankapur Ayodhya Passenger,Pass,Passenger,NR,MUR,MANKAPUR JN,AY,AYODHYA,37,1,10,18:10:00,17:00:00,54244,0,0,0,0,0,0
54251,Lucknow Saharanpur Passenger,Pass,Passenger,NR,LKO,LUCKNOW,SRE,SAHARANPUR,519,18,35,18:20:00,23:45:00,54252,1,0,0,0,0,0
54254,Lucknow Pratapgarh,Pass,Passenger,NR,LKO,LUCKNOW,PRG,PRAYAG,225,7,50,12:40:00,04:50:00,54253,0,0,0,0,0,0
54271,Arrah-Sasaram-Mughal Sarai Passenger,Pass,Passenger,NR,ARA,ARA,MGS,MUGHAL SARAI JN,198,6,20,19:20:00,13:00:00,54272,0,0,0,0,0,0
53138,Barharwa- Rampurhat Passenger,Pass,Passenger,ER,BHW,BARHARWA JN,RPH,RAMPUR HAT,79,2,10,12:00:00,09:50:00,53137,0,0,0,0,0,0
54110,Faizabad Mughal Sarai Passenger,Pass,Passenger,NCR,FD,FAIZABAD JN,MGS,MUGHAL SARAI JN,223,6,35,10:00:00,03:25:00,54109,0,0,0,0,0,0
54151,Fatehpur Kanpur Passenger,Pass,Passenger,NCR,FTP,FATEHPUR,CNB,KANPUR CENTRAL,77,2,20,09:40:00,07:20:00,54152,0,0,0,0,0,0
54152,Kanpur Fatehpur Passenger,Pass,Passenger,NCR,CNB,KANPUR CENTRAL,FTP,FATEHPUR,77,2,40,20:55:00,18:15:00,54151,0,0,0,0,0,0
54153,Rae Bareli Kanpur Passenger,Pass,Passenger,NCR,RBL,RAE BARELI JN,CNB,KANPUR CENTRAL,167,5,50,08:50:00,03:00:00,54154,0,0,0,0,0,0
54154,Kanpur Rae Bareli Passenger,Pass,Passenger,NCR,CNB,KANPUR CENTRAL,RBL,RAE BARELI JN,167,6,8,22:40:00,16:32:00,54153,0,0,0,0,0,0
54155,Manikpur Kanpur Passenger,Pass,Passenger,NCR,MKP,MANIKPUR JN,CNB,KANPUR CENTRAL,267,6,35,21:05:00,14:30:00,54156,0,0,0,0,0,0
54156,Kanpur Manikpur Passenger,Pass,Passenger,NCR,CNB,KANPUR CENTRAL,MKP,MANIKPUR JN,259,6,24,13:45:00,07:21:00,54155,0,0,0,0,0,0
54211,Rae Bareli Kanpur Passenger,Pass,Passenger,NR,RBL,RAE BARELI JN,CNB,KANPUR CENTRAL,127,5,25,10:35:00,05:10:00,54212,0,0,0,0,0,0
54212,Kanpur Rae Bareli Passenger,Pass,Passenger,NR,CNB,KANPUR CENTRAL,RBL,RAE BARELI JN,189,4,25,18:55:00,14:30:00,54211,0,0,0,0,0,0
54222,Lalganj Dalmau Rai Bareli Passenger,Pass,Passenger,NR,RRS,Raghuraj Singh,RBL,RAE BARELI JN,56,1,45,10:05:00,08:20:00,54221,0,0,0,0,0,0
54224,LalGanj Rae Bareli Passenger,Pass,Passenger,NR,RRS,Raghuraj Singh,RBL,RAE BARELI JN,56,1,50,22:20:00,20:30:00,54223,0,0,0,0,0,0
54225,Unchahar Raebareli Shuttle,Pass,Passenger,NR,UCR,Unchahar Junction,RBL,RAE BARELI JN,38,0,50,10:45:00,09:55:00,54226,0,0,0,0,0,0
54227,Unchahar Raebareli Shuttle,Pass,Passenger,NR,UCR,Unchahar Junction,RBL,RAE BARELI JN,38,1,15,18:30:00,17:15:00,54228,0,0,0,0,0,0
54228,Raibareli Unchahar Passenger,Pass,Passenger,NR,RBL,RAE BARELI JN,UCR,Unchahar Junction,38,0,50,16:35:00,15:45:00,54227,0,0,0,0,0,0
54233,Faizabad Lucknow Passenger,Pass,Passenger,NR,FD,FAIZABAD JN,LKO,LUCKNOW,127,3,55,21:25:00,17:30:00,54232,0,0,0,0,0,0
54237,Mankapur Ayodhya Passenger,Pass,Passenger,NR,MUR,MANKAPUR JN,FD,FAIZABAD JN,43,1,35,21:50:00,20:15:00,54238,0,0,0,0,0,0
54238,Faizabad Mankapur Passenger,Pass,Passenger,NR,FD,FAIZABAD JN,MUR,MANKAPUR JN,43,1,25,06:15:00,04:50:00,54237,0,0,0,0,0,0
54240,Ayodhya Mankapur Passenger,Pass,Passenger,NR,AY,AYODHYA,MUR,MANKAPUR JN,37,1,20,11:20:00,10:00:00,54239,0,0,0,0,0,0
54244,Ayodhya Mankapur Passenger,Pass,Passenger,NR,AY,AYODHYA,MUR,MANKAPUR JN,37,1,0,19:45:00,18:45:00,54243,0,0,0,0,0,0
54252,Saharanpur Lucknow Passenger,Pass,Passenger,NR,SRE,SAHARANPUR,LKO,LUCKNOW,520,19,45,04:05:00,08:20:00,54251,0,0,0,0,0,0
54253,Prayag Ghat Lucknow Passenger,Pass,Passenger,NR,PRG,PRAYAG,LKO,LUCKNOW,225,9,10,23:50:00,14:40:00,54254,0,0,0,0,0,0
54255,VARANASI - LUCKNOW PASSENGER,Pass,Passenger,NR,BSB,VARANASI JN,LKO,LUCKNOW,257,14,55,14:55:00,00:00:00,54256,0,0,0,0,0,0
54256,LUCKNOW - VARANASI PASSENGER,Pass,Passenger,NR,LKO,LUCKNOW,BSB,VARANASI JN,301,9,30,20:45:00,11:15:00,54255,0,0,0,0,0,0
54262,Mughal Sarai Jaunpur Passenger,Pass,Passenger,NR,JNU,JAUNPUR JN,BSB,VARANASI JN,57,2,0,05:15:00,03:15:00,,0,0,0,0,0,0
54263,Varanasi Sultanpur Passenger,Pass,Passenger,NR,BSB,VARANASI JN,SLN,SULTANPUR,155,4,0,09:50:00,05:50:00,54264,0,0,0,0,0,0
54264,Sultanpur Varanasi Passenger,Pass,Passenger,NR,SLN,SULTANPUR,BSB,VARANASI JN,155,3,40,10:15:00,06:35:00,54263,0,0,0,0,0,0
54265,Varanasi Sultanpur Passenger,Pass,Passenger,NR,BSB,VARANASI JN,SLN,SULTANPUR,155,4,5,20:20:00,16:15:00,54264,0,0,0,0,0,0
54266,Sultanpur Varanasi Passenger,Pass,Passenger,NR,SLN,SULTANPUR,BSB,VARANASI JN,155,4,40,22:55:00,18:15:00,54265,0,0,0,0,0,0
54267,Mughal Sarai Varanasi Passenger,Pass,Passenger,NR,MGS,MUGHAL SARAI JN,BSB,VARANASI JN,17,0,45,09:30:00,08:45:00,54268,0,0,0,0,0,0
54270,Varanasi Mughal Sarai Passenger,Pass,Passenger,NR,BSB,VARANASI JN,MGS,MUGHAL SARAI JN,17,0,40,19:05:00,18:25:00,,0,0,0,0,0,0
54273,Arrah Sasaram Passenger,Pass,Passenger,NR,ARA,ARA,SSM,SASARAM,98,3,30,08:00:00,04:30:00,54274,0,0,0,0,0,0
54274,Sasaram Arrah Passenger,Pass,Passenger,NR,SSM,SASARAM,ARA,ARA,98,3,30,11:50:00,08:20:00,54273,0,0,0,0,0,0
54293,Partapgarh Lucknow Passenger,Pass,Passenger,NR,PBH,PARTAPGARH JN,LKO,LUCKNOW,173,6,5,11:45:00,05:40:00,54294,0,0,0,0,0,0
54294,Lucknow Partapgarh Passenger,Pass,Passenger,NR,LKO,LUCKNOW,PBH,PARTAPGARH JN,173,6,20,20:05:00,13:45:00,54293,0,0,0,0,0,0
54303,Delhi Kalka Passenger,Pass,Passenger,NR,DLI,OLD DELHI,KLK,Kalka,302,8,10,23:40:00,15:30:00,54304,0,0,0,0,0,0
54304,Kalka Delhi Passenger,Pass,Passenger,NR,KLK,Kalka,DLI,OLD DELHI,337,12,25,19:40:00,07:15:00,54303,0,0,0,0,0,0
54310,Rewari Delhi Passenger,Pass,Passenger,NR,RE,REWARI,DLI,OLD DELHI,82,2,50,12:20:00,09:30:00,54309,0,0,0,0,0,0
54328,Shahjehanpur Sitapur Passenger,Pass,Passenger,NR,SPN,SHAHJEHANPUR,SCC,SITAPUR CANT,92,2,55,09:15:00,06:20:00,,0,0,0,0,0,0
54329,Balamau Shahjahanpur Passenger,Pass,Passenger,NR,BLM,BALAMU JN,SPN,SHAHJEHANPUR,96,2,50,20:20:00,17:30:00,54330,0,0,0,0,0,0
54330,Shahjehanpur Balamu Passenger,Pass,Passenger,NR,SPN,SHAHJEHANPUR,BLM,BALAMU JN,96,2,50,11:45:00,08:55:00,54329,0,0,0,0,0,0
54331,Lucknow Balamau Passenger,Pass,Passenger,NR,LKO,LUCKNOW,BLM,BALAMU JN,69,2,0,19:05:00,17:05:00,54332,0,0,0,0,0,0
54332,Balamu Lucknow Passenger,Pass,Passenger,NR,BLM,BALAMU JN,LKO,LUCKNOW,69,1,40,09:30:00,07:50:00,54331,0,0,0,0,0,0
54334,Lucknow Varanasi Passenger,Pass,Passenger,NR,LKO,LUCKNOW,BSB,VARANASI JN,347,10,10,22:55:00,12:45:00,54333,0,0,0,0,0,0
54351,Aligarh Bareilly Passenger,Pass,Passenger,NR,ALJN,ALIGARH JN,BE,BAREILLY,167,6,30,18:20:00,11:50:00,54352,0,0,0,0,0,0
54352,Bareilly Aligarh Passenger,Pass,Passenger,NR,BE,BAREILLY,ALJN,ALIGARH JN,160,5,40,10:50:00,05:10:00,54351,0,0,0,0,0,0
54466,TUNDLA - FARRUKHABAD PASSENGER,Pass,Passenger,NR,TDL,TUNDLA JN,FBD,FARRUKHABAD,389,14,25,10:50:00,20:25:00,54465,0,0,0,0,0,0
12285,Secunderabad- Hazrat Nizamuddin Duronto Express,Drnt,Duronto,SCR,SC,SECUNDERABAD JN,NZM,DELHI H NIZAMUDDIN,1660,21,5,10:35:00,13:30:00,12286,1,1,1,1,0,0
12918,Gujarat Sampark Kranti Express,SKr,Sampark Kranti,WR,NZM,DELHI H NIZAMUDDIN,ADI,AHMEDABAD JN,1085,16,30,06:35:00,14:05:00,12917,1,1,1,0,0,0
17002,Secunderabad Sainagar Shirdi Express,Exp,Express,SCR,SC,SECUNDERABAD JN,SNSI,SAINAGAR SHIRDI,776,16,35,09:15:00,16:40:00,17001,1,1,1,0,0,0
17050-Slip,Machilipatnam Express Slip,Exp,Express,SCR,SC,SECUNDERABAD JN,MUGR,Manuguru,331,8,20,07:05:00,22:45:00,,1,1,1,0,0,0
22111,Bhusaval Nagpur (Triweekly) Express,SF,Superfast,CR,BSL,BHUSAVAL JN,NGP,NAGPUR,604,10,25,16:00:00,05:35:00,22112,0,0,0,0,0,1
47172,Secunderabad Falaknuma MMTS,Hyd,Hyderabad Suburban,SCR,SC,SECUNDERABAD JN,FM,KACHEGUDA FALAKNUMA,14,0,30,06:30:00,06:00:00,,0,0,0,0,0,0
47205,Secunderabad Falaknuma MMTS,Hyd,Hyderabad Suburban,SCR,SC,SECUNDERABAD JN,FM,KACHEGUDA FALAKNUMA,14,0,30,05:20:00,04:50:00,47204,0,0,0,0,0,0
52253,Gonda Mailani Passenger,Pass,Passenger,NER,GD,GONDA JN,MLN,MAILANI,330,7,20,09:50:00,02:30:00,52254,0,0,0,0,0,0
53411,Barharwa Sahibganj Passenger,Pass,Passenger,ER,BHW,BARHARWA JN,SBG,SAHIBGANJ JN,53,1,30,14:00:00,12:30:00,53412,0,0,0,0,0,0
53608,Dehri on Sone Gaya Passenger,Pass,Passenger,ECR,DOS,DEHRI ON SONE,GAYA,GAYA JN,85,1,58,20:50:00,18:52:00,53607,0,0,0,0,0,0
54231,Faizabad Lucknow Passenger,Pass,Passenger,NR,FD,FAIZABAD JN,LKO,LUCKNOW,127,3,35,09:20:00,05:45:00,54232,0,0,0,0,0,0
54272,Mughal Sarai-Sasaram-Arrah Passenger,Pass,Passenger,NR,MGS,MUGHAL SARAI JN,ARA,ARA,198,5,45,01:00:00,19:15:00,54271,0,0,0,0,0,0
54281,Sultanpur Lucknow Passenger,Pass,Passenger,NR,SLN,SULTANPUR,LKO,LUCKNOW,140,4,25,10:45:00,06:20:00,54282,0,0,0,0,0,0
54282,Lucknow Sultanpur Passenger,Pass,Passenger,NR,LKO,LUCKNOW,SLN,SULTANPUR,140,3,55,09:55:00,06:00:00,54281,0,0,0,0,0,0
54283,Sultanpur Lucknow Passenger,Pass,Passenger,NR,SLN,SULTANPUR,LKO,LUCKNOW,140,4,35,23:05:00,18:30:00,54284,0,0,0,0,0,0
54284,Lucknow Sultanpur Passenger,Pass,Passenger,NR,LKO,LUCKNOW,SLN,SULTANPUR,140,4,5,23:00:00,18:55:00,54283,0,0,0,0,0,0
54291,Varanasi Partapgarh Passenger,Pass,Passenger,NR,BSB,VARANASI JN,PBH,PARTAPGARH JN,128,4,10,21:00:00,16:50:00,54292,0,0,0,0,0,0
54292,Partapgarh Varanasi Passenger,Pass,Passenger,NR,PBH,PARTAPGARH JN,BSB,VARANASI JN,128,3,45,09:00:00,05:15:00,54291,0,0,0,0,0,0
54301,Hapur Ghaziabad Shuttle,Pass,Passenger,NR,HPU,HAPUR,GZB,GHAZIABAD,37,1,5,10:25:00,09:20:00,54302,0,0,0,0,0,0
54302,Ghaziabad Hapur Passenger,Pass,Passenger,NR,GZB,GHAZIABAD,HPU,HAPUR,37,1,20,17:35:00,16:15:00,54301,0,0,0,0,0,0
54312,Moradabad Bareilly Passenger,Pass,Passenger,NR,MB,MORADABAD,BE,BAREILLY,113,3,30,11:30:00,08:00:00,54311,0,0,0,0,0,0
54322,Sitapur Cantt Balamau Passenger,Pass,Passenger,NR,SCC,SITAPUR CANT,BLM,BALAMU JN,69,2,35,20:50:00,18:15:00,54321,0,0,0,0,0,0
54323,BURHWAL - SITAPUR CANT PASSENGER,Pass,Passenger,NR,BUW,BURHWAL,SCC,SITAPUR CANT,97,2,20,18:05:00,15:45:00,54324,0,0,0,0,0,0
54324,SITAPUR - BURHWAL Passenger,Pass,Passenger,NR,SCC,SITAPUR CANT,BUW,BURHWAL,97,2,25,15:00:00,12:35:00,54323,0,0,0,0,0,0
54325,Sitapur Kanpur DMU,Pass,Passenger,NR,SCC,SITAPUR CANT,CNB,KANPUR CENTRAL,186,8,50,19:35:00,10:45:00,54326,0,0,0,0,0,0
54326,KANPUR SITAPUR PASS,Pass,Passenger,NR,CNB,KANPUR CENTRAL,SCC,SITAPUR CANT,185,9,25,14:40:00,05:15:00,54325,0,0,0,0,0,0
54327,Sitapur Shahjehanpur Passenger,Pass,Passenger,NR,SPC,SITAPUR CITY,SPN,SHAHJEHANPUR,87,2,20,19:25:00,17:05:00,,0,0,0,0,0,0
54333,Varanasi Lucknow Passenger,Pass,Passenger,NR,BSB,VARANASI JN,LKO,LUCKNOW,333,12,0,16:10:00,04:10:00,54334,0,0,0,0,0,0
54335,Balamau Kanpur Passenger,Pass,Passenger,NR,BLM,BALAMU JN,CNB,KANPUR CENTRAL,117,4,35,11:50:00,07:15:00,54336,0,0,0,0,0,0
54341,Sharanpur Dehradun Passenger,Pass,Passenger,NR,SRE,SAHARANPUR,DDN,DEHRADUN,132,5,5,19:35:00,14:30:00,54342,0,0,0,0,0,0
54342,Dehradun Saharanpur Passenger,Pass,Passenger,NR,DDN,DEHRADUN,SRE,SAHARANPUR,132,4,55,13:10:00,08:15:00,54341,0,0,0,0,0,0
54354,BAREILLY - ALIGARH PASSENGER,Pass,Passenger,NR,BE,BAREILLY,ALJN,ALIGARH JN,160,5,50,14:50:00,09:00:00,54353,0,0,0,0,0,0
54355,Roza Bareilly Passenger,Pass,Passenger,NR,ROZA,ROZA JN,BE,BAREILLY,78,2,30,08:40:00,06:10:00,54356,0,0,0,0,0,0
54356,Bareilley Roza junction passenger,Pass,Passenger,NR,BE,BAREILLY,ROZA,ROZA JN,78,2,15,20:10:00,17:55:00,54355,0,0,0,0,0,0
54371,Prayag Faizabad Passenger,Pass,Passenger,NR,PRG,PRAYAG,FD,FAIZABAD JN,151,5,30,11:05:00,05:35:00,54372,0,0,0,0,0,0
54372,Faizabad Prayag Passenger,Pass,Passenger,NR,FD,FAIZABAD JN,PRG,PRAYAG,151,6,15,19:35:00,13:20:00,54373,0,0,0,0,0,0
54374,Faizabad Prayag Passenger,Pass,Passenger,NR,FD,FAIZABAD JN,PRG,PRAYAG,151,5,35,23:20:00,17:45:00,54373,0,0,0,0,0,0
54375,Prayag Jaunpur Passenger,Pass,Passenger,NR,PRG,PRAYAG,JNU,JAUNPUR JN,107,3,30,10:05:00,06:35:00,54376,0,0,0,0,0,0
54376,Jaunpur Prayag Passenger,Pass,Passenger,NR,JNU,JAUNPUR JN,PRG,PRAYAG,107,3,55,20:55:00,17:00:00,54375,0,0,0,0,0,0
54392,MORADABAD  -  ALIGARH PASSENGER,Pass,Passenger,NR,MB,MORADABAD,ALJN,ALIGARH JN,172,5,50,23:15:00,17:25:00,54391,0,0,0,0,0,0
54401,Khurja Meerut Passenger,Pass,Passenger,NR,KRJ,KHURJA JN,MTC,MEERUT CITY,94,3,20,09:35:00,06:15:00,54402,0,0,0,0,0,0
54403,Khurja Meerut Passenger,Pass,Passenger,NR,KRJ,KHURJA JN,MTC,MEERUT CITY,94,3,0,15:50:00,12:50:00,54402,0,0,0,0,0,0
54461,BANDIKUI - BAREILLY Passenger,Pass,Passenger,?,BKI,BANDIKUI JN,BE,BAREILLY,418,14,55,05:45:00,14:50:00,54462,0,0,0,0,0,0
54462,BAREILLY - BANDIKUI Passenger,Pass,Passenger,NR,BE,BAREILLY,BKI,BANDIKUI JN,160,6,10,02:35:00,20:25:00,54461,0,0,0,0,0,0
54464,RISHIKESH - BANDIKUI Passenger,Pass,Passenger,NWR,RKSH,RISHIKESH,BKI,BANDIKUI JN,579,21,50,12:00:00,14:10:00,54463,0,0,0,0,0,0
54465,FARRUKHABAD - TUNDLA PASSENGER,Pass,Passenger,NR,FBD,FARRUKHABAD,TDL,TUNDLA JN,389,14,0,05:45:00,15:45:00,54466,0,0,0,0,0,0
58838,Chhindwara Ramakon Nagpur Passenger,Pass,Passenger,SECR,CWA,Chhindwara Junction,NGP,NAGPUR,148,5,50,04:50:00,23:00:00,58837,1,0,0,0,0,0
54373,Prayag Faizabad Passenger,Pass,Passenger,NR,PRG,PRAYAG,FD,FAIZABAD JN,151,5,55,13:55:00,08:00:00,54372,0,0,0,0,0,0
54377,Allahabad Passenger,Pass,Passenger,NR,PRG,PRAYAG,BE,BAREILLY,429,13,0,14:55:00,01:55:00,54378,0,0,0,0,0,0
54378,Bareilly Allahabad Passenger,Pass,Passenger,NR,BE,BAREILLY,PRG,PRAYAG,431,14,20,23:50:00,09:30:00,54377,0,0,0,0,0,0
54382,Najibabad Gajraula Passenger,Pass,Passenger,NR,NBD,NAJIBABAD JN,GJL,GAJRAULA JN,107,4,30,13:00:00,08:30:00,54381,0,0,0,0,0,0
54383,Gajraula Najibabad Passenger,Pass,Passenger,NR,GJL,GAJRAULA JN,NBD,NAJIBABAD JN,107,4,5,19:20:00,15:15:00,54382,0,0,0,0,0,0
54384,Najibabad Gajraula Passenger,Pass,Passenger,NR,NBD,NAJIBABAD JN,GJL,GAJRAULA JN,107,3,25,20:40:00,17:15:00,54383,0,0,0,0,0,0
54385,Najibabad Kotdwara Passenger,Pass,Passenger,NR,NBD,NAJIBABAD JN,KTW,KOTDWARA,24,0,45,10:10:00,09:25:00,54386,0,0,0,0,0,0
54386,Kotdwara Najibabad Passenger,Pass,Passenger,NR,KTW,KOTDWARA,NBD,NAJIBABAD JN,24,0,45,11:15:00,10:30:00,54385,0,0,0,0,0,0
54387,Najibabad Kotdwara Pass,Pass,Passenger,NR,NBD,NAJIBABAD JN,KTW,KOTDWARA,24,0,45,12:20:00,11:35:00,54386,0,0,0,0,0,0
54388,Kotdwara Najibabad Pass,Pass,Passenger,NR,KTW,KOTDWARA,NBD,NAJIBABAD JN,24,0,45,13:25:00,12:40:00,54387,0,0,0,0,0,0
54389,Najibabad Kotdwara Pass,Pass,Passenger,NR,NBD,NAJIBABAD JN,KTW,KOTDWARA,24,0,45,18:30:00,17:45:00,54388,0,0,0,0,0,0
54390,Kotdwara Najibabad Pass,Pass,Passenger,NR,KTW,KOTDWARA,NBD,NAJIBABAD JN,24,0,45,19:35:00,18:50:00,54389,0,0,0,0,0,0
54402,Meerut Khurja Passenger,Pass,Passenger,NR,MTC,MEERUT CITY,KRJ,KHURJA JN,94,3,50,09:15:00,05:25:00,54401,0,0,0,0,0,0
54405,Khurja Meerut Passenger,Pass,Passenger,NR,KRJ,KHURJA JN,MTC,MEERUT CITY,94,3,25,21:10:00,17:45:00,54404,0,0,0,0,0,0
54406,Meerut Khurja Passenger,Pass,Passenger,NR,MTC,MEERUT CITY,KRJ,KHURJA JN,94,2,50,20:35:00,17:45:00,54405,0,0,0,0,0,0
54411,Rewari Meerut Cantt. Passenger,Pass,Passenger,NWR,RE,REWARI,MUT,MEERUT CANT,167,5,40,20:30:00,14:50:00,54412,0,0,0,0,0,0
54412,Meerut NDLS Rewari Passenger,Pass,Passenger,NWR,MUT,MEERUT CANT,RE,REWARI,167,5,25,12:15:00,06:50:00,54411,0,0,0,0,0,0
54413,Delhi Rewari Passenger,Pass,Passenger,NR,DLI,OLD DELHI,RE,REWARI,82,3,0,06:40:00,03:40:00,54414,0,0,0,0,0,0
54414,Rewari Delhi Passenger,Pass,Passenger,NR,RE,REWARI,DLI,OLD DELHI,82,2,35,09:40:00,07:05:00,54413,0,0,0,0,0,0
54416,Rewari Delhi Sarai Rohilla Passenger,Pass,Passenger,NR,RE,REWARI,DLI,OLD DELHI,82,2,35,15:45:00,13:10:00,54415,0,0,0,0,0,0
54417,Delhi Rewari Passenger,Pass,Passenger,NR,DLI,OLD DELHI,RE,REWARI,82,2,35,18:45:00,16:10:00,54416,0,0,0,0,0,0
54418,Rewari Delhi Passenger,Pass,Passenger,NR,RE,REWARI,DLI,OLD DELHI,82,2,35,19:35:00,17:00:00,54417,0,0,0,0,0,0
54419,Delhi Sarai Rohilla Rewari Passenger,Pass,Passenger,NR,DLI,OLD DELHI,RE,REWARI,82,2,35,22:40:00,20:05:00,54418,0,0,0,0,0,0
54420,Rewari Delhi Passenger,Pass,Passenger,NR,RE,REWARI,DLI,OLD DELHI,82,2,35,21:40:00,19:05:00,54419,0,0,0,0,0,0
54421,Rewari Delhi Sarai Rohilla Passenger,Pass,Passenger,NR,DEE,DELHI SARAI ROHILLA,RE,REWARI,78,2,15,14:30:00,12:15:00,54422,0,0,0,0,0,0
54422,Rewari Delhi Sarai Rohilla Passenger,Pass,Passenger,NR,RE,REWARI,DEE,DELHI SARAI ROHILLA,78,2,30,08:00:00,05:30:00,54421,0,0,0,0,0,0
54463,BANDIKUI - RISHIKESH Passenger,Pass,Passenger,NWR,BKI,BANDIKUI JN,RKSH,RISHIKESH,579,23,5,13:55:00,14:50:00,54464,0,0,0,0,0,0
54471,Delhi Rishikesh Passenger,Pass,Passenger,NR,DLI,OLD DELHI,RKSH,RISHIKESH,311,10,55,04:30:00,17:35:00,54472,0,0,0,0,0,0
54472,Rishikesh Delhi Passenger,Pass,Passenger,NR,RKSH,RISHIKESH,DLI,OLD DELHI,311,10,20,17:20:00,07:00:00,54471,0,0,0,0,0,0
54474,Saharanpur Delhi Passenger,Pass,Passenger,NR,SRE,SAHARANPUR,DLI,OLD DELHI,196,4,55,08:50:00,03:55:00,54473,0,0,0,0,0,0
54475,Haridwar Passenger,Pass,Passenger,NR,DLI,OLD DELHI,HW,HARIDWAR JN,244,11,0,21:10:00,10:10:00,54476,0,0,0,0,0,0
54476,Haridwar Delhi Passenger,Pass,Passenger,NR,HW,HARIDWAR JN,DLI,OLD DELHI,244,10,55,16:10:00,05:15:00,54475,0,0,0,0,0,0
54481,Haridwar Rishikesh Passenger,Pass,Passenger,NR,HW,HARIDWAR JN,RKSH,RISHIKESH,23,0,55,06:15:00,05:20:00,54482,0,0,0,0,0,0
54482,Rishikesh Haridwar Passenger,Pass,Passenger,NR,RKSH,RISHIKESH,HW,HARIDWAR JN,23,1,0,09:10:00,08:10:00,54481,0,0,0,0,0,0
54483,Haridwar Rishikesh Passenger,Pass,Passenger,NR,HW,HARIDWAR JN,RKSH,RISHIKESH,23,0,50,11:20:00,10:30:00,54482,0,0,0,0,0,0
54484,Rishikesh Haridwar Passenger,Pass,Passenger,NR,RKSH,RISHIKESH,HW,HARIDWAR JN,23,1,0,16:35:00,15:35:00,54483,0,0,0,0,0,0
54485,Haridwar Rishikesh Passenger,Pass,Passenger,NR,HW,HARIDWAR JN,RKSH,RISHIKESH,23,0,50,18:15:00,17:25:00,54484,0,0,0,0,0,0
54486,Rishikesh Haridwar Passenger,Pass,Passenger,NR,RKSH,RISHIKESH,HW,HARIDWAR JN,23,0,50,19:25:00,18:35:00,54485,0,0,0,0,0,0
54502,Bhiwani Delhi Passenger,Pass,Passenger,NR,BNW,Bhiwani,DLI,OLD DELHI,119,3,55,09:00:00,05:05:00,54503,0,0,0,0,0,0
54503,Delhi Bhiwani Passenger,Pass,Passenger,NR,DLI,OLD DELHI,BNW,Bhiwani,119,3,30,20:15:00,16:45:00,54502,0,0,0,0,0,0
54506,Ambala Delhi Passenger,Pass,Passenger,NR,UMB,AMBALA CANT JN,DLI,OLD DELHI,268,9,30,15:30:00,06:00:00,54505,0,0,0,0,0,0
54531,Ambala Kalka Shuttle,Pass,Passenger,NR,UMB,AMBALA CANT JN,KLK,Kalka,69,1,50,20:20:00,18:30:00,54532,0,0,0,0,0,0
54542,AMBALA MEERUT PASS,Pass,Passenger,NR,UMB,AMBALA CANT JN,MTC,MEERUT CITY,194,6,50,23:15:00,16:25:00,54541,0,0,0,0,0,0
54551,Ambala Bhatinda Passenger,Pass,Passenger,NR,UMB,AMBALA CANT JN,BTI,BHATINDA JN,200,5,50,18:05:00,12:15:00,54552,0,0,0,0,0,0
54553,Ambala Dhuri Passenger,Pass,Passenger,NR,UMB,AMBALA CANT JN,DUI,DHURI JN,105,3,5,18:55:00,15:50:00,,0,0,0,0,0,0
54572,Ludhiana Ferozpur Passenger,Pass,Passenger,NR,FZR,FIROZPUR CANT,LDH,LUDHIANA JN,124,3,20,14:45:00,11:25:00,54571,0,0,0,0,0,0
54575,Lohian Khas Ludhiana Passenger,Pass,Passenger,NR,LDH,LUDHIANA JN,LNK,LOHIAN KHAS JN,77,2,9,21:30:00,19:21:00,54576,0,0,0,0,0,0
54576,Lohian Khas Ludhiana Passenger,Pass,Passenger,NR,LNK,LOHIAN KHAS JN,LDH,LUDHIANA JN,77,2,35,08:25:00,05:50:00,54575,0,0,0,0,0,0
54468,Etah Tundla Passenger,Pass,Passenger,NCR,ETAH,Etah,TDL,TUNDLA JN,73,1,40,10:10:00,08:30:00,54469,0,0,0,0,0,0
54469,Tundla Barhan Etah Passenger,Pass,Passenger,NCR,TDL,TUNDLA JN,ETAH,Etah,73,1,45,12:30:00,10:45:00,54470,0,0,0,0,0,0
54470,Etah Tundla Passenger,Pass,Passenger,NCR,ETAH,Etah,TDL,TUNDLA JN,73,2,0,18:00:00,16:00:00,54469,0,0,0,0,0,0
54473,Delhi Saharanpur Passenger,Pass,Passenger,NR,DLI,OLD DELHI,SRE,SAHARANPUR,195,5,50,00:05:00,18:15:00,54474,0,0,0,0,0,0
54505,Delhi Ambala Passenger,Pass,Passenger,NR,DLI,OLD DELHI,UMB,AMBALA CANT JN,268,10,5,20:25:00,10:20:00,54506,0,0,0,0,0,0
54511,Ambala Nangal Dam,Pass,Passenger,NR,UMB,AMBALA CANT JN,NLDM,NANGAL DAM,170,4,5,11:40:00,07:35:00,54512,0,0,0,0,0,0
54521,Delhi Saharanpur Passenger,Pass,Passenger,NR,DLI,OLD DELHI,SRE,SAHARANPUR,187,6,10,19:40:00,13:30:00,54522,0,0,0,0,0,0
54522,Saharanpur Delhi Passenger,Pass,Passenger,NR,SRE,SAHARANPUR,DLI,OLD DELHI,187,5,0,09:40:00,04:40:00,54521,0,0,0,0,0,0
54532,Ambala Kalka Passenger,Pass,Passenger,NR,KLK,Kalka,UMB,AMBALA CANT JN,69,1,50,14:55:00,13:05:00,54531,0,0,0,0,0,0
54539,Nizamuddin Ambala Passenger,Pass,Passenger,NR,NZM,DELHI H NIZAMUDDIN,UMB,AMBALA CANT JN,278,10,45,14:15:00,03:30:00,54540,0,0,0,0,0,0
54540,Ambala Delhi Passenger,Pass,Passenger,NR,UMB,AMBALA CANT JN,NZM,DELHI H NIZAMUDDIN,278,10,50,01:25:00,14:35:00,54539,0,0,0,0,0,0
54541,MEERUT AMBALA PASS,Pass,Passenger,NR,MTC,MEERUT CITY,UMB,AMBALA CANT JN,194,6,10,11:05:00,04:55:00,54542,0,0,0,0,0,0
54555,Dhuri Bathinda Passenger,Pass,Passenger,NR,DUI,DHURI JN,BTI,BHATINDA JN,95,2,40,09:00:00,06:20:00,,0,0,0,0,0,0
54556,Bhatinda Ambala Passenger,Pass,Passenger,NR,BTI,BHATINDA JN,UMB,AMBALA CANT JN,200,5,20,22:45:00,17:25:00,,0,0,0,0,0,0
54557,Ambala Patiala Passenger,Pass,Passenger,NR,UMB,AMBALA CANT JN,PTA,Patiala,53,1,20,09:00:00,07:40:00,54558,0,0,0,0,0,0
54558,Patiala Ambala Passenger,Pass,Passenger,NR,PTA,Patiala,UMB,AMBALA CANT JN,53,1,20,18:35:00,17:15:00,54557,0,0,0,0,0,0
54559,Bathinda Fazilka (Via Abohar) Passenger,Pass,Passenger,NR,BTI,BHATINDA JN,FKA,Fazilka,105,3,5,12:15:00,09:10:00,,0,0,0,0,0,0
54560,Fazilka Bathinda (Via Abohar) Passenger,Pass,Passenger,?,FKA,Fazilka,BTI,BHATINDA JN,105,3,20,16:05:00,12:45:00,54559,0,0,0,0,0,0
54561,Firozpur Bhatinda Passenger,Pass,Passenger,NR,BTI,BHATINDA JN,FZR,FIROZPUR CANT,88,2,10,08:55:00,06:45:00,54562,0,0,0,0,0,0
54562,Firozpur Bhatinda Passenger,Pass,Passenger,NR,FZR,FIROZPUR CANT,BTI,BHATINDA JN,88,2,20,08:55:00,06:35:00,54561,0,0,0,0,0,0
54563,Firozpur Bhatinda Passenger,Pass,Passenger,NR,BTI,BHATINDA JN,FZR,FIROZPUR CANT,88,2,10,15:40:00,13:30:00,54562,0,0,0,0,0,0
54564,Firozpur Bhatinda Passenger,Pass,Passenger,NR,FZR,FIROZPUR CANT,BTI,BHATINDA JN,88,2,20,19:50:00,17:30:00,54563,0,0,0,0,0,0
54581,Nangal Dam Una Himachal Passenger,Pass,Passenger,NR,NLDM,NANGAL DAM,UHL,Una Himachal,17,0,35,20:20:00,19:45:00,54582,0,0,0,0,0,0
54582,Una Nangal Dam Passenger,Pass,Passenger,NR,UNA,Una,NLDM,NANGAL DAM,0,0,40,09:00:00,08:20:00,54581,0,0,0,0,0,0
54601,Hisar Amritsar Passenger,Pass,Passenger,NR,HSR,Hisar,ASR,AMRITSAR JN,346,11,10,09:40:00,22:30:00,54602,1,0,0,0,0,0
54603,Hisar Ludhiana Passenger,Pass,Passenger,NR,HSR,Hisar,LDH,LUDHIANA JN,210,5,15,09:30:00,04:15:00,54604,0,0,0,0,0,0
54605,Hisar Ludhiana Passenger,Pass,Passenger,NR,HSR,Hisar,LDH,LUDHIANA JN,210,6,10,13:10:00,07:00:00,54606,0,0,0,0,0,0
54621,Jalandhar Pathankot Passenger,Pass,Passenger,NR,JUC,JALANDHAR CITY,PTK,PATHANKOT,115,3,25,20:55:00,17:30:00,54622,0,0,0,0,0,0
54622,Pathankot Jalandhar Passenger,Pass,Passenger,NR,PTK,PATHANKOT,JUC,JALANDHAR CITY,115,3,5,11:20:00,08:15:00,54621,0,0,0,0,0,0
54625,Jaijon Doaba Jalandhar Passenger,Pass,Passenger,NR,JJJ,Jaijon Doaba,JUC,JALANDHAR CITY,104,3,10,08:10:00,05:00:00,54626,0,0,0,0,0,0
54626,Jalandhar Jaijon Doaba Passenger,Pass,Passenger,NR,JJJ,Jaijon Doaba,JUC,JALANDHAR CITY,104,3,0,19:45:00,16:45:00,54625,0,0,0,0,0,0
54631,Dhuri Jakhal Hisar Passenger,Pass,Passenger,NR,HSR,Hisar,DUI,DHURI JN,148,4,10,21:40:00,17:30:00,54632,0,0,0,0,0,0
54632,Dhuri Hisar Passenger,Pass,Passenger,NR,DUI,DHURI JN,HSR,Hisar,148,3,45,09:05:00,05:20:00,54631,0,0,0,0,0,0
54633,Hisar Ludhiana Passenger,Pass,Passenger,NR,HSR,Hisar,LDH,LUDHIANA JN,210,5,20,18:35:00,13:15:00,54634,0,0,0,0,0,0
54634,Ludhiana Hisar Passenger,Pass,Passenger,NR,LDH,LUDHIANA JN,HSR,Hisar,210,5,40,11:15:00,05:35:00,54633,0,0,0,0,0,0
54636,Ludhiana Hisar Passenger,Pass,Passenger,NR,LDH,LUDHIANA JN,HSR,Hisar,210,5,5,14:40:00,09:35:00,54635,0,0,0,0,0,0
54637,Hoshiarpur-Jalandhar City DMU,Pass,Passenger,NR,HSX,Hoshiarpur,JUC,JALANDHAR CITY,43,1,0,12:45:00,11:45:00,54638,0,0,0,0,0,0
54638,Jalandhar City Hoshiarpur DMU,Pass,Passenger,NR,JUC,JALANDHAR CITY,HSX,Hoshiarpur,43,1,0,11:25:00,10:25:00,54637,0,0,0,0,0,0
54641,DELHI - FIROZPUR Passenger,Pass,Passenger,NR,DLI,OLD DELHI,FZR,FIROZPUR CANT,385,13,10,19:40:00,06:30:00,54642,0,0,0,0,0,0
54642,FIROZPUR - DELHI Passenger,Pass,Passenger,NR,FZR,FIROZPUR CANT,DLI,OLD DELHI,385,11,20,22:50:00,11:30:00,54641,0,0,0,0,0,0
54643,JALANDHAR CITY - FIROZPUR CANT PASSENGER,Pass,Passenger,NR,JUC,JALANDHAR CITY,FZR,FIROZPUR CANT,450,2,55,20:20:00,17:25:00,54644,0,0,0,0,0,0
54644,FIROZPUR CANT - JALANDHAR CITY PASSENGER,Pass,Passenger,NR,FZR,FIROZPUR CANT,JUC,JALANDHAR CITY,117,0,13,09:55:00,09:42:00,54643,0,0,0,0,0,0
54645,Ludhiana Firozpur Passenger,Pass,Passenger,NR,LDH,LUDHIANA JN,FZR,FIROZPUR CANT,124,2,55,23:00:00,20:05:00,54646,0,0,0,0,0,0
54653,Jammu Udhampur Passenger,Pass,Passenger,NR,JAT,JAMMU TAWI,UHP,UDHAMPUR,53,1,25,17:30:00,16:05:00,54654,0,0,0,0,0,0
54654,Udhampur Jammu Passenger,Pass,Passenger,NR,UHP,UDHAMPUR,JAT,JAMMU TAWI,53,1,30,19:50:00,18:20:00,54653,0,0,0,0,0,0
54701,Bhatinda Lalgarh Passenger,Pass,Passenger,NWR,BTI,BHATINDA JN,LGH,LALGARH JN,321,7,55,18:45:00,10:50:00,,1,0,0,0,0,0
56373,Guruvayur Thrissur Passenger,Pass,Passenger,SR,GUV,GURUVAYUR,TCR,THRISUR,23,0,40,09:35:00,08:55:00,56374,0,0,0,0,0,0
53423,JAMALPUR KIUL PASS,Pass,Passenger,?,JMP,JAMALPUR JN,KIUL,KIUL JN,45,1,15,12:50:00,11:35:00,53422,0,0,0,0,0,0
54611,Amritsar Batala Pathankot DMU,Pass,Passenger,NR,ASR,AMRITSAR JN,PTK,PATHANKOT,107,2,55,07:35:00,04:40:00,54612,0,0,0,0,0,0
54612,Amritsar Batala Pathankot,Pass,Passenger,NR,PTK,PATHANKOT,ASR,AMRITSAR JN,107,2,50,08:10:00,05:20:00,54611,0,0,0,0,0,0
54613,Amritsar Pathankot DMU,Pass,Passenger,NR,ASR,AMRITSAR JN,PTK,PATHANKOT,107,3,20,09:35:00,06:15:00,54612,0,0,0,0,0,0
54614,Amritsar Batala Pathankot Passenger,Pass,Passenger,NR,PTK,PATHANKOT,ASR,AMRITSAR JN,107,3,0,11:00:00,08:00:00,54613,0,0,0,0,0,0
54615,Amritsar Pathankot DMU,Pass,Passenger,NR,ASR,AMRITSAR JN,PTK,PATHANKOT,107,3,15,20:50:00,17:35:00,54614,0,0,0,0,0,0
54616,Amritsar Batala Pathankot DMU,Pass,Passenger,NR,PTK,PATHANKOT,ASR,AMRITSAR JN,107,2,55,20:20:00,17:25:00,54615,0,0,0,0,0,0
54635,Hisar Ludhiana Passenger,Pass,Passenger,NR,HSR,Hisar,LDH,LUDHIANA JN,210,6,0,22:00:00,16:00:00,54634,0,0,0,0,0,0
54646,Ludhiana Firozpur Passenger,Pass,Passenger,NR,FZR,FIROZPUR CANT,LDH,LUDHIANA JN,124,3,30,08:45:00,05:15:00,54645,0,0,0,0,0,0
54702,Bikaner Abohar Passenger,Pass,Passenger,NWR,LGH,LALGARH JN,ABS,ABOHAR,394,9,20,18:25:00,09:05:00,,1,0,0,0,0,0
54703,Abohar Jodhpur passenger,Pass,Passenger,NWR,ABS,ABOHAR,JU,JODHPUR JN,675,18,0,13:00:00,19:00:00,,1,0,0,0,0,0
54751,Rewari Shri Ganganagar,Pass,Passenger,NWR,RE,REWARI,SGNR,SHRI GANGANAGAR,427,11,10,00:50:00,13:40:00,54752,0,0,0,0,0,0
54752,Shri Ganganagar Rewari,Pass,Passenger,NWR,SGNR,SHRI GANGANAGAR,RE,REWARI,427,11,0,12:30:00,01:30:00,54751,0,0,0,0,0,0
54753,Bhatinda Shri Ganganagar Passenger,Pass,Passenger,NWR,BTI,BHATINDA JN,SGNR,SHRI GANGANAGAR,127,3,15,13:55:00,10:40:00,54754,0,0,0,0,0,0
54754,Shri Ganganagar Bhatinda Passenger,Pass,Passenger,NWR,SGNR,SHRI GANGANAGAR,BTI,BHATINDA JN,127,3,35,09:55:00,06:20:00,54755,0,0,0,0,0,0
54755,Bhatinda Shri Ganganagar Passenger,Pass,Passenger,NWR,BTI,BHATINDA JN,SGNR,SHRI GANGANAGAR,127,3,25,10:30:00,07:05:00,54754,0,0,0,0,0,0
54756,Sriganganagar Bathinda Passenger,Pass,Passenger,NWR,SGNR,SHRI GANGANAGAR,BTI,BHATINDA JN,127,3,50,19:10:00,15:20:00,54755,0,0,0,0,0,0
54757,Ambala Cantt. Shri Ganganagar Passenger,Pass,Passenger,NWR,UMB,AMBALA CANT JN,SGNR,SHRI GANGANAGAR,327,10,20,16:45:00,06:25:00,54758,0,0,0,0,0,0
54758,Shri Ganganagar Bathinda Passenger,Pass,Passenger,NWR,SGNR,SHRI GANGANAGAR,UMB,AMBALA CANT JN,327,8,45,19:45:00,11:00:00,54757,0,0,0,0,0,0
54781,Bhatinda Rewari Passenger,Pass,Passenger,NWR,BTI,BHATINDA JN,RE,REWARI,300,8,15,01:55:00,17:40:00,54782,0,0,0,0,0,0
54782,Rewari Bhatinda Passenger,Pass,Passenger,NWR,RE,REWARI,BTI,BHATINDA JN,300,7,55,17:00:00,09:05:00,54781,0,0,0,0,0,0
54783,Fazilka Rewari Passenger,Pass,Passenger,NWR,FKA,Fazilka,RE,REWARI,423,12,40,21:10:00,08:30:00,54784,0,0,0,0,0,0
54784,Rewari Fazilka Passenger,Pass,Passenger,NWR,RE,REWARI,FKA,Fazilka,433,11,20,16:00:00,04:40:00,54783,0,0,0,0,0,0
54785,Firozpur Fazilka Passenger,Pass,Passenger,NR,FZR,FIROZPUR CANT,FKA,Fazilka,88,2,20,08:05:00,05:45:00,54786,0,0,0,0,0,0
54786,Fazilka Fir Passenger,Pass,Passenger,NR,FKA,Fazilka,FZR,FIROZPUR CANT,88,2,25,19:45:00,17:20:00,54785,0,0,0,0,0,0
54787,Bhiwani Rewari Passenger,Pass,Passenger,NWR,BNW,Bhiwani,RE,REWARI,83,1,55,08:40:00,06:45:00,54788,0,0,0,0,0,0
54788,Rewari Bhiwani Passenger,Pass,Passenger,NWR,RE,REWARI,BNW,Bhiwani,83,1,55,23:35:00,21:40:00,54787,0,0,0,0,0,0
54791,Mathura Alwar Bhiwani Passenger,Pass,Passenger,NWR,MTJ,MATHURA JN,BNW,Bhiwani,280,7,45,21:00:00,13:15:00,54792,0,0,0,0,0,0
54792,Bhiwani Mathura Passenger,Pass,Passenger,NWR,BNW,Bhiwani,MTJ,MATHURA JN,280,7,50,12:25:00,04:35:00,54791,0,0,0,0,0,0
54793,Sawai Madhopur Mathura Passenger,Pass,Passenger,NWR,BXN,BAYANA JN,MTJ,MATHURA JN,76,2,20,10:45:00,08:25:00,,0,0,0,0,0,0
54794,Mathura Bayana Passenger,Pass,Passenger,NWR,MTJ,MATHURA JN,SWM,SAWAI MADHOPUR,217,5,45,19:45:00,14:00:00,,0,0,0,0,0,0
54805,Ahmedabad Ajmer Passenger,Pass,Passenger,NWR,ADI,AHMEDABAD JN,AII,AJMER JN,496,16,10,15:25:00,23:15:00,54806,1,0,0,0,0,0
54806,Ajmer Ahmedabad Passenger,Pass,Passenger,NWR,AII,AJMER JN,ADI,AHMEDABAD JN,496,17,30,03:45:00,10:15:00,54805,1,0,0,0,0,0
54807,Ajmer Jaipur Passenger,Pass,Passenger,NWR,AII,AJMER JN,JP,JAIPUR,128,3,20,21:35:00,18:15:00,54808,0,0,0,0,0,0
54809,Rewari-Degana Passenger,Pass,Passenger,NWR,RE,REWARI,DNA,DEGANA JN,394,8,55,21:10:00,12:15:00,54810,0,0,0,0,0,0
54810,Degana Rewari Pass,Pass,Passenger,NWR,DNA,DEGANA JN,RE,REWARI,394,9,15,14:30:00,05:15:00,54809,0,0,0,0,0,0
54811,Bhopal Jodhpur Passenger,Pass,Passenger,NWR,BPL,BHOPAL JN,JU,JODHPUR JN,993,27,0,19:10:00,16:10:00,54812,1,0,0,0,0,0
54812,Jodhpur Bhopal Passenger,Pass,Passenger,NWR,JU,JODHPUR JN,BPL,BHOPAL JN,993,26,45,10:50:00,08:05:00,54811,1,0,0,0,0,0
55002,Ayodhya Gorakhpur Passenger,Pass,Passenger,NER,AY,AYODHYA,GKP,GORAKHPUR JN,161,5,35,19:15:00,13:40:00,55001,0,0,0,0,0,0
55008,Thawe Hajipur Passenger,Pass,Passenger,NER,THE,Thawe Junction,SEE,SONPUR JN,147,4,30,10:40:00,06:10:00,55007,0,0,0,0,0,0
55009,Bhatni Chhapra Passenger,Pass,Passenger,NER,BTT,BHATNI JN,CPR,CHHAPRA,110,3,45,09:25:00,05:40:00,55010,0,0,0,0,0,0
55012,Gorakhpur Siwan Passenger,Pass,Passenger,NER,GKP,GORAKHPUR JN,SV,SIWAN JN,119,3,50,22:20:00,18:30:00,55011,0,0,0,0,0,0
55013,Chhapra Varanasi Passenger,Pass,Passenger,NER,CPR,CHHAPRA,BSB,VARANASI JN,205,8,25,21:50:00,13:25:00,,0,0,0,0,0,0
55015,Sonpur-Narkatiaganj Passenger,Pass,Passenger,NER,SEE,SONPUR JN,NKE,NARKATIAGANJ JN,219,7,10,01:40:00,18:30:00,,0,0,0,0,0,0
55017,Chhapra-Mau Passenger,Pass,Passenger,NER,CPR,CHHAPRA,MAU,MAU JN,134,5,10,22:40:00,17:30:00,55018,0,0,0,0,0,0
55019,Chhapra Gorakhpur Passenger,Pass,Passenger,NER,CPR,CHHAPRA,GKP,GORAKHPUR JN,180,6,5,16:55:00,10:50:00,55020,0,0,0,0,0,0
56605,Coimbatore Thrissur Passenger,Pass,Passenger,SR,CBE,COIMBATORE JN,TCR,THRISUR,134,4,5,20:45:00,16:40:00,,0,0,0,0,0,0
53430,JAMALPUR RAMPURHAT PASS,Pass,Passenger,?,JMP,JAMALPUR JN,BGP,BHAGALPUR,53,1,27,12:05:00,10:38:00,53429,0,0,0,0,0,0
53432,JAMALPUR RAMPURHAT PASS,Pass,Passenger,?,JMP,JAMALPUR JN,SBG,SAHIBGANJ JN,127,3,50,19:15:00,15:25:00,53431,0,0,0,0,0,0
54801,JODHPUR - AJMER Fast Passenger,Pass,Passenger,NWR,JU,JODHPUR JN,AII,AJMER JN,244,5,55,12:55:00,07:00:00,54802,1,1,0,0,0,0
54802,AJMER - JODHPUR Fast Passenger,Pass,Passenger,NWR,AII,AJMER JN,JU,JODHPUR JN,244,5,0,19:30:00,14:30:00,54801,1,1,0,0,0,0
54803,JODHPUR - AHMEDABAD Passenger,Pass,Passenger,NWR,JU,JODHPUR JN,ADI,AHMEDABAD JN,454,12,50,21:35:00,08:45:00,54804,0,0,0,0,0,0
54804, AHMEDABAD - JODHPUR Passenger,Pass,Passenger,NWR,ADI,AHMEDABAD JN,JU,JODHPUR JN,454,14,20,20:35:00,06:15:00,54803,0,0,0,0,0,0
54813,Jodhpur Barmer Passenger,Pass,Passenger,NWR,JU,JODHPUR JN,BME,BARMER,209,5,0,12:45:00,07:45:00,54814,0,0,0,0,0,0
54814,Barmer Jodhpur Passenger,Pass,Passenger,NWR,BME,BARMER,JU,JODHPUR JN,209,4,30,09:30:00,05:00:00,54815,0,0,0,0,0,0
54815,Jodhpur Barmer Passenger,Pass,Passenger,NWR,JU,JODHPUR JN,BME,BARMER,209,5,20,20:30:00,15:10:00,54816,0,0,0,0,0,0
54816,Barmer Jodhpur Passenger,Pass,Passenger,NWR,BME,BARMER,JU,JODHPUR JN,209,4,50,18:50:00,14:00:00,54817,0,0,0,0,0,0
54817,Jaisalmer Jodhpur Passenger,Pass,Passenger,NWR,JU,JODHPUR JN,BME,BARMER,209,4,50,04:00:00,23:10:00,54816,0,0,0,0,0,0
54818,Jodhpur Jaisalmer Passenger,Pass,Passenger,NWR,BME,BARMER,JU,JODHPUR JN,209,4,30,04:00:00,23:30:00,54817,0,0,0,0,0,0
54819,JAISALMER - JODHPUR PASSENGER,Pass,Passenger,NWR,JSM,JAISALMER,JU,JODHPUR JN,300,6,45,14:15:00,07:30:00,54820,0,0,0,0,0,0
54820,JODHPUR - JAISALMER PASSENGER,Pass,Passenger,NWR,JU,JODHPUR JN,JSM,JAISALMER,300,7,0,15:30:00,08:30:00,54819,0,0,0,0,0,0
54821,Jodhpur Bhildi Passenger,Pass,Passenger,NWR,JU,JODHPUR JN,BLDI,BHILDI,304,7,55,14:30:00,06:35:00,54822,0,0,0,0,0,0
54822,Bhildi Jodhpur Passenger,Pass,Passenger,NWR,BLDI,BHILDI,JU,JODHPUR JN,304,7,5,23:05:00,16:00:00,54821,0,0,0,0,0,0
54823,Jodhpur Hissar passenger,Pass,Passenger,NWR,JU,JODHPUR JN,HSR,Hisar,470,10,15,21:25:00,11:10:00,54824,0,0,0,0,0,0
54824,Hissar Jodhpur passenger,Pass,Passenger,NWR,HSR,Hisar,JU,JODHPUR JN,470,11,20,16:35:00,05:15:00,54823,0,0,0,0,0,0
54881,Barmer Munabao Passenger,Pass,Passenger,NWR,BME,BARMER,MBF,Munabao,119,2,10,09:40:00,07:30:00,54882,0,0,0,0,0,0
54882,Munabao Barmer Passenger,Pass,Passenger,NWR,MBF,Munabao,BME,BARMER,119,2,20,13:00:00,10:40:00,54881,0,0,0,0,0,0
55005,Raxaul Sugauli Passenger,Pass,Passenger,NER,RXL,RAXAUL JN,SGL,SAGAULI JN,29,0,45,23:55:00,23:10:00,55006,0,0,0,0,0,0
55006,Sugauli Raxaul Passenger,Pass,Passenger,NER,SGL,SAGAULI JN,RXL,RAXAUL JN,29,0,45,03:00:00,02:15:00,55005,0,0,0,0,0,0
55007,Hajipur Thawe Passenger,Pass,Passenger,NER,HJP,HAJIPUR JN,THE,Thawe Junction,152,4,45,22:20:00,17:35:00,55008,0,0,0,0,0,0
55018,Mau- Chhapra Passenger,Pass,Passenger,NER,MAU,MAU JN,CPR,CHHAPRA,134,4,35,09:35:00,05:00:00,55017,0,0,0,0,0,0
55020,Gorakhpur Chhapra Passenger,Pass,Passenger,NER,GKP,GORAKHPUR JN,CPR,CHHAPRA,180,6,35,15:10:00,08:35:00,55019,0,0,0,0,0,0
55024,Raxaul Muzaffarpur Passenger,Pass,Passenger,NER,RXL,RAXAUL JN,MFP,MUZAFFARPUR JN,130,4,35,10:35:00,06:00:00,,0,0,0,0,0,0
55025,Gorakhpur Gonda Passenger,Pass,Passenger,NER,GKP,GORAKHPUR JN,GD,GONDA JN,152,4,45,09:45:00,05:00:00,55026,0,0,0,0,0,0
55026,Gonda Gorakhpur Passenger,Pass,Passenger,NER,GD,GONDA JN,GKP,GORAKHPUR JN,152,4,50,09:20:00,04:30:00,55027,0,0,0,0,0,0
55027,Gorakhpur Gonda Passenger,Pass,Passenger,NER,GKP,GORAKHPUR JN,GD,GONDA JN,152,4,25,22:50:00,18:25:00,55028,0,0,0,0,0,0
55028,Gonda Gorakhpur Passenger,Pass,Passenger,NER,GD,GONDA JN,GKP,GORAKHPUR JN,152,4,35,21:45:00,17:10:00,55027,0,0,0,0,0,0
55030,Lucknow Gonda Passenger,Pass,Passenger,NER,GKP,GORAKHPUR JN,MFP,MUZAFFARPUR JN,310,10,25,04:50:00,18:25:00,55029,0,0,0,0,0,0
55031,Gonda Lucknow Passenger,Pass,Passenger,NER,GD,GONDA JN,LJN,LUCKNOW JN,126,4,35,21:30:00,16:55:00,55032,0,0,0,0,0,0
55032,Lucknow Gonda Passenger,Pass,Passenger,NER,LJN,LUCKNOW JN,GD,GONDA JN,126,4,30,21:20:00,16:50:00,55031,0,0,0,0,0,0
55033,Sitapur Gonda Passenger,Pass,Passenger,NER,SPC,SITAPUR CITY,GD,GONDA JN,163,5,10,11:30:00,06:20:00,,0,0,0,0,0,0
55034,Gonda Sitapur Passenger,Pass,Passenger,NER,GD,GONDA JN,SCC,SITAPUR CANT,159,4,0,15:25:00,11:25:00,,0,0,0,0,0,0
55035,GONDA - SITAPUR Pass,Pass,Passenger,NER,GD,GONDA JN,SCC,SITAPUR CANT,159,4,5,09:05:00,05:00:00,55036,0,0,0,0,0,0
55036,SITAPUR -GONDA Pass,Pass,Passenger,NER,SCC,SITAPUR CANT,GD,GONDA JN,250,7,50,22:25:00,14:35:00,55035,0,0,0,0,0,0
55037,BURHWAL - SITAPUR PASS,Pass,Passenger,NER,BUW,BURHWAL,SPC,SITAPUR CITY,97,2,20,21:10:00,18:50:00,55038,0,0,0,0,0,0
55038,SITAPUR - BURHWAL PASS,Pass,Passenger,NER,SCC,SITAPUR CANT,BUW,BURHWAL,97,2,10,18:05:00,15:55:00,55037,0,0,0,0,0,0
55045,Shahjehanpur Sitapur Passenger,Pass,Passenger,NER,SCC,SITAPUR CANT,SPN,SHAHJEHANPUR,92,3,50,13:10:00,09:20:00,55046,0,0,0,0,0,0
55046,Shahjehanpur Sitapur Passenger,Pass,Passenger,NER,SPN,SHAHJEHANPUR,SCC,SITAPUR CANT,92,3,15,17:50:00,14:35:00,55045,0,0,0,0,0,0
55049,Gonda Lucknow Passenger,Pass,Passenger,NER,GD,GONDA JN,LJN,LUCKNOW JN,126,4,15,09:45:00,05:30:00,55050,0,0,0,0,0,0
55050,Lucknow-Gonda Passenger,Pass,Passenger,NER,LJN,LUCKNOW JN,GD,GONDA JN,126,4,20,09:40:00,05:20:00,55049,0,0,0,0,0,0
55101,Bhatani Barhaj Passenger,Pass,Passenger,NER,BTT,BHATNI JN,BHJ,Barhaj Bazar,0,1,20,06:20:00,05:00:00,55102,0,0,0,0,0,0
55107,Siwan Thawe Passenger,Pass,Passenger,NER,SV,SIWAN JN,THE,Thawe Junction,32,0,50,07:20:00,06:30:00,55108,0,0,0,0,0,0
55115,Chhapra sv Passenger,Pass,Passenger,NER,CPR,CHHAPRA,SV,SIWAN JN,61,1,20,09:00:00,07:40:00,55116,0,0,0,0,0,0
55116,Siwan Chhapra Passenger,Pass,Passenger,NER,SV,SIWAN JN,CPR,CHHAPRA,61,1,35,20:35:00,19:00:00,55115,0,0,0,0,0,0
55125,Manduadih Allahabad Passenger,Pass,Passenger,NER,MUV,MANDUADIH,ALY,ALLAHABAD CITY,126,3,30,09:45:00,06:15:00,,0,0,0,0,0,0
14313,MUMBAI LTT - BAREILLY Weekly Exp,Exp,Express,NR,LTT,LOKMANYA TILAK TERM,BE,BAREILLY,1608,31,35,15:40:00,08:05:00,14314,1,1,1,0,0,0
53422,KIUL JAMALPUR PASS,Pass,Passenger,ER,KIUL,KIUL JN,JMP,JAMALPUR JN,54,1,10,10:20:00,09:10:00,53421,0,0,0,0,0,0
53424,KIUL JAMALPUR PASS,Pass,Passenger,ER,KIUL,KIUL JN,JMP,JAMALPUR JN,45,1,15,14:40:00,13:25:00,53425,0,0,0,0,0,0
53425,Jamalpur Kiul Passenger,Pass,Passenger,ER,JMP,JAMALPUR JN,KIUL,KIUL JN,45,1,25,21:25:00,20:00:00,53424,0,0,0,0,0,0
53427,Jamalpur Kiul Passenger,Pass,Passenger,ER,JMP,JAMALPUR JN,KIUL,KIUL JN,46,1,30,04:40:00,03:10:00,53428,0,0,0,0,0,0
53474,JAMALPUR MONGHYAR PASS,Pass,Passenger,ER,JMP,JAMALPUR JN,MGR,Munger,9,0,28,18:18:00,17:50:00,,0,0,0,0,0,0
53615,Jamalpur Gaya Passenger,Pass,Passenger,?,JMP,JAMALPUR JN,GAYA,GAYA JN,181,6,5,14:20:00,08:15:00,53616,0,0,0,0,0,0
55039,Gorakhpur Nautanwa Passenger,Pass,Passenger,NER,GKP,GORAKHPUR JN,NTV,Nautanwa,82,2,55,09:10:00,06:15:00,55040,0,0,0,0,0,0
55041,Gorakhpur Nautanwa Pass,Pass,Passenger,NER,NKE,NARKATIAGANJ JN,GKP,GORAKHPUR JN,150,4,0,06:20:00,02:20:00,,0,0,0,0,0,0
55042,Gorakhpur Hajipur Passenger,Pass,Passenger,NER,GKP,GORAKHPUR JN,SEE,SONPUR JN,369,12,55,15:45:00,02:50:00,,0,0,0,0,0,0
55043,Gorakhpur Nautanwa Passenger,Pass,Passenger,NER,GKP,GORAKHPUR JN,NTV,Nautanwa,82,3,0,21:15:00,18:15:00,55044,0,0,0,0,0,0
55044,Nautanwa Gorakhpur Passenger,Pass,Passenger,NER,NTV,Nautanwa,GKP,GORAKHPUR JN,82,3,0,09:15:00,06:15:00,55043,0,0,0,0,0,0
55108,Thawe Siwan Passenger,Pass,Passenger,NER,THE,Thawe Junction,SV,SIWAN JN,32,0,50,08:50:00,08:00:00,55109,0,0,0,0,0,0
55109,Siwan Thawe Passenger,Pass,Passenger,NER,SV,SIWAN JN,THE,Thawe Junction,32,0,50,12:25:00,11:35:00,55110,0,0,0,0,0,0
55110,Thawe Siwan Passenger,Pass,Passenger,NER,THE,Thawe Junction,SV,SIWAN JN,32,1,0,15:00:00,14:00:00,55111,0,0,0,0,0,0
55111,Siwan Thawe Passenger,Pass,Passenger,NER,SV,SIWAN JN,THE,Thawe Junction,32,0,50,16:50:00,16:00:00,55110,0,0,0,0,0,0
55112,Thawe Siwan Passenger,Pass,Passenger,NER,THE,Thawe Junction,SV,SIWAN JN,32,0,50,18:10:00,17:20:00,55111,0,0,0,0,0,0
55113,Siwan Thawe Passenger,Pass,Passenger,NER,SV,SIWAN JN,THE,Thawe Junction,32,0,45,19:35:00,18:50:00,55112,0,0,0,0,0,0
55114,Thawe Siwan Passenger,Pass,Passenger,NER,THE,Thawe Junction,SV,SIWAN JN,32,0,50,21:30:00,20:40:00,55113,0,0,0,0,0,0
55119,Gorakhpur Varanasi Passenger,Pass,Passenger,NER,GKP,GORAKHPUR JN,BSB,VARANASI JN,231,9,10,23:40:00,14:30:00,55120,0,0,0,0,0,0
55120,Varanasi Gorakhpur Passenger,Pass,Passenger,NER,BSB,VARANASI JN,GKP,GORAKHPUR JN,231,7,45,18:55:00,11:10:00,55119,0,0,0,0,0,0
55126,Allahabad Varanasi Passenger,Pass,Passenger,NER,ALY,ALLAHABAD CITY,BSB,VARANASI JN,130,4,0,10:25:00,06:25:00,55127,0,0,0,0,0,0
55128,Allahabad Manduadih Passenger,Pass,Passenger,NER,ALY,ALLAHABAD CITY,MUV,MANDUADIH,126,4,25,14:50:00,10:25:00,,0,0,0,0,0,0
55130,Allahabad Varanasi Passenger,Pass,Passenger,NER,ALY,ALLAHABAD CITY,MUV,MANDUADIH,126,3,35,21:20:00,17:45:00,,0,0,0,0,0,0
55131,Chhapra Varanasi Passenger,Pass,Passenger,NER,CPR,CHHAPRA,BSB,VARANASI JN,205,8,35,16:25:00,07:50:00,,0,0,0,0,0,0
55133,Ballia Varanasi Passenger,Pass,Passenger,NER,BUI,BALLIA,BCY,VARANASI CITY,137,3,45,09:30:00,05:45:00,,0,0,0,0,0,0
55137,Ballia Shahganj Passenger,Pass,Passenger,NER,BUI,BALLIA,SHG,SHAHGANJ JN,168,6,15,11:15:00,05:00:00,55138,0,0,0,0,0,0
55139,Ballia Shahganj Passenger,Pass,Passenger,NER,BUI,BALLIA,SHG,SHAHGANJ JN,168,5,30,22:10:00,16:40:00,55138,0,0,0,0,0,0
55143,Aunrihar-Jaunpur Passenger,Pass,Passenger,NER,ARJ,AUNRIHAR JN,JNU,JAUNPUR JN,58,1,35,08:35:00,07:00:00,55144,0,0,0,0,0,0
55144,Jaunpur-Aunrihar Passenger,Pass,Passenger,NER,JNU,JAUNPUR JN,ARJ,AUNRIHAR JN,58,1,45,19:55:00,18:10:00,55143,0,0,0,0,0,0
55145,Salempur Barhaj Passenger,Pass,Passenger,NER,SRU,SALEMPUR JN,BHJ,Barhaj Bazar,0,0,55,19:35:00,18:40:00,55146,0,0,0,0,0,0
55146,Barhaj Bazar Salempur Passenger,Pass,Passenger,NER,BHJ,Barhaj Bazar,SRU,SALEMPUR JN,0,1,0,18:15:00,17:15:00,55145,0,0,0,0,0,0
55159,Aunrihar- Jaunpur Passenger,Pass,Passenger,NER,ARJ,AUNRIHAR JN,JNU,JAUNPUR JN,58,1,40,17:00:00,15:20:00,55160,0,0,0,0,0,0
55160,Jaunpur- Aunrihar Passenger,Pass,Passenger,NER,JNU,JAUNPUR JN,ARJ,AUNRIHAR JN,58,1,45,10:45:00,09:00:00,55159,0,0,0,0,0,0
55162,Jaunpur- Aunrihar Passenger,Pass,Passenger,NER,JNU,JAUNPUR JN,ARJ,AUNRIHAR JN,58,2,0,11:45:00,09:45:00,,0,0,0,0,0,0
55207,Muzaffarpur Gorakhpur Passenger,Pass,Passenger,NER,MFP,MUZAFFARPUR JN,GKP,GORAKHPUR JN,310,9,25,13:15:00,03:50:00,,0,0,0,0,0,0
55211,Muzaffarpur Raxaul Passenger,Pass,Passenger,NER,MFP,MUZAFFARPUR JN,RXL,RAXAUL JN,130,5,5,12:55:00,07:50:00,55212,0,0,0,0,0,0
55212,Raxaul Muzaffarpur Passenger,Pass,Passenger,NER,RXL,RAXAUL JN,MFP,MUZAFFARPUR JN,130,5,0,19:00:00,14:00:00,55211,0,0,0,0,0,0
55218,Chhapra Sonpur Passenger,Pass,Passenger,NER,CPR,CHHAPRA,SEE,SONPUR JN,54,1,40,12:45:00,11:05:00,55217,0,0,0,0,0,0
55238,Samastipur-Barauni Passenger,Pass,Passenger,ECR,SPJ,SAMASTIPUR JN,BJU,BARAUNI JN,50,1,35,22:00:00,20:25:00,55237,0,0,0,0,0,0
55239,Samastipur Muzaffarpur Passenger,Pass,Passenger,ECR,SPJ,SAMASTIPUR JN,MFP,MUZAFFARPUR JN,52,1,30,14:30:00,13:00:00,55240,0,0,0,0,0,0
55240,Muzaffarpur-Samastipur Passenger,Pass,Passenger,NER,MFP,MUZAFFARPUR JN,SPJ,SAMASTIPUR JN,52,1,40,19:50:00,18:10:00,55239,0,0,0,0,0,0
55241,Barauni-Sonpur Passenger,Pass,Passenger,NER,BJU,BARAUNI JN,SEE,SONPUR JN,93,2,55,06:30:00,03:35:00,55242,0,0,0,0,0,0
55242,Sanpur-Barauni Passenger,Pass,Passenger,NER,SEE,SONPUR JN,BJU,BARAUNI JN,93,2,57,10:15:00,07:18:00,55241,0,0,0,0,0,0
55243,Barauni-Sonpur Passenger,Pass,Passenger,NER,BJU,BARAUNI JN,SEE,SONPUR JN,93,3,5,09:05:00,06:00:00,55242,0,0,0,0,0,0
55244,Sonpur Barauni Passenger,Pass,Passenger,NER,SEE,SONPUR JN,BJU,BARAUNI JN,93,3,20,13:45:00,10:25:00,55243,0,0,0,0,0,0
55245,Barauni-Sonpur Passenger,Pass,Passenger,NER,BJU,BARAUNI JN,SEE,SONPUR JN,93,3,25,21:10:00,17:45:00,55244,0,0,0,0,0,0
55246,Sonpur-Barauni Passenger,Pass,Passenger,NER,SEE,SONPUR JN,BJU,BARAUNI JN,93,3,15,01:00:00,21:45:00,55245,0,0,0,0,0,0
55127,Varanasi Allahabad Passenger,Pass,Passenger,NER,BSB,VARANASI JN,ALY,ALLAHABAD CITY,130,4,10,16:10:00,12:00:00,55126,0,0,0,0,0,0
55129,Varanasi Allahabad Passenger,Pass,Passenger,NER,BSB,VARANASI JN,ALY,ALLAHABAD CITY,130,3,40,21:05:00,17:25:00,,0,0,0,0,0,0
55132,Manduadih Chhapra Passenger,Pass,Passenger,NER,MUV,MANDUADIH,CPR,CHHAPRA,209,8,20,20:00:00,11:40:00,,0,0,0,0,0,0
55134,Manduadih Ballia Passenger,Pass,Passenger,NER,MUV,MANDUADIH,BUI,BALLIA,144,5,0,20:25:00,15:25:00,,0,0,0,0,0,0
55135,AZAMGARH MANDUADIH PASS,Pass,Passenger,NER,AMH,AZAMGARH,MUV,MANDUADIH,140,4,45,09:45:00,05:00:00,55136,0,0,0,0,0,0
55136,Manduadih Azamgarh Pass,Pass,Passenger,NER,MUV,MANDUADIH,AMH,AZAMGARH,140,4,30,22:40:00,18:10:00,55135,0,0,0,0,0,0
55140,Shahganj Ballia Passenger,Pass,Passenger,NER,SHG,SHAHGANJ JN,BUI,BALLIA,168,5,40,21:20:00,15:40:00,55139,0,0,0,0,0,0
55142,Nautanwa Gorakhpur Passenger,Pass,Passenger,NER,NTV,Nautanwa,GKP,GORAKHPUR JN,82,2,55,14:10:00,11:15:00,,0,0,0,0,0,0
55149,Gorakhpur Manduadih Passenger,Pass,Passenger,NER,GKP,GORAKHPUR JN,MUV,MANDUADIH,235,7,45,07:00:00,23:15:00,55150,1,0,0,0,1,0
55150,Manduadih-Gorakhpur Passenger,Pass,Passenger,NER,MUV,MANDUADIH,GKP,GORAKHPUR JN,235,8,25,07:15:00,22:50:00,55149,0,0,0,0,0,0
55203,Narkatiaganj Gorakhpur Passenger,Pass,Passenger,NER,NKE,NARKATIAGANJ JN,GKP,GORAKHPUR JN,150,4,15,20:00:00,15:45:00,55204,0,0,0,0,0,0
55204,Gorakhpur Narkatiaganj Passenger,Pass,Passenger,NER,GKP,GORAKHPUR JN,NKE,NARKATIAGANJ JN,150,4,35,21:50:00,17:15:00,55203,0,0,0,0,0,0
55209,Sonepur Gorakhpur Passenger,Pass,Passenger,NER,SEE,SONPUR JN,GKP,GORAKHPUR JN,369,13,48,02:00:00,12:12:00,,0,0,0,0,0,0
55210,Narkatiaganj Sonepur Passenger,Pass,Passenger,NER,NKE,NARKATIAGANJ JN,SEE,SONPUR JN,219,6,45,09:45:00,03:00:00,,0,0,0,0,0,0
55217,Sonpur Chhapra Passenger,Pass,Passenger,NER,SEE,SONPUR JN,CPR,CHHAPRA,54,2,5,10:00:00,07:55:00,55218,0,0,0,0,0,0
55219,Sonepur Chhapra Passenger,Pass,Passenger,NER,SEE,SONPUR JN,CPR,CHHAPRA,54,2,20,17:35:00,15:15:00,55218,0,0,0,0,0,0
55231,Begusarai Mokama Passenger,Pass,Passenger,NER,LAK,LAKHO,MKA,MOKAMEH JN,43,2,5,08:10:00,06:05:00,55232,0,0,0,0,0,0
55232,Mokama Begusarai Passenger,Pass,Passenger,NER,MKA,MOKAMEH JN,BGS,BEGU SARAI,35,1,40,19:05:00,17:25:00,55231,0,0,0,0,0,0
55248,Hajipur-Barauni Passenger,Pass,Passenger,NER,HJP,HAJIPUR JN,BJU,BARAUNI JN,88,3,40,22:25:00,18:45:00,55247,0,0,0,0,0,0
55301,Moradabad Kathgodam Passenger,Pass,Passenger,NER,MB,MORADABAD,KGM,KATHGODAM,116,3,45,18:10:00,14:25:00,55302,0,0,0,0,0,0
55313,Kashipur Ramnagar Passenger,Pass,Passenger,NER,KPV,KASHIPUR,RMR,RAMNAGAR,27,0,35,16:15:00,15:40:00,55314,0,0,0,0,0,0
55314,Ramnagar Kashipur Passenger,Pass,Passenger,NER,RMR,RAMNAGAR,KPV,KASHIPUR,27,0,35,17:35:00,17:00:00,55313,0,0,0,0,0,0
55315,Lalkua Kashipur Passenger,Pass,Passenger,NER,LKU,LAL KUAN,KPV,KASHIPUR,59,1,25,10:00:00,08:35:00,55316,0,0,0,0,0,0
55316,Kashipur Lalkuan Passenger,Pass,Passenger,NER,KPV,KASHIPUR,LKU,LAL KUAN,59,1,25,07:05:00,05:40:00,55315,0,0,0,0,0,0
55317,Lalkua Kashipur Passenger,Pass,Passenger,NER,LKU,LAL KUAN,KPV,KASHIPUR,59,1,20,15:10:00,13:50:00,55316,0,0,0,0,0,0
55319,Lalkua Kashipur Passenger,Pass,Passenger,NER,LKU,LAL KUAN,KPV,KASHIPUR,59,1,20,21:20:00,20:00:00,55318,0,0,0,0,0,0
55320,Kashipur Lalkuan Passenger,Pass,Passenger,NER,KPV,KASHIPUR,LKU,LAL KUAN,59,1,30,18:50:00,17:20:00,55319,0,0,0,0,0,0
55322,RAMNAGAR - VARANASI Passenger,Pass,Passenger,NER,RMR,RAMNAGAR,BSB,VARANASI JN,705,18,55,15:45:00,20:50:00,55321,0,0,0,0,0,0
55326,KASGANJ LUCKNOW PASS,Pass,Passenger,NER,KSJ,KASGANJ,LJN,LUCKNOW JN,319,8,50,23:45:00,14:55:00,55325,0,0,0,0,0,0
55327,Kanpur Farrukhabad Passenger,Pass,Passenger,NER,CNB,KANPUR CENTRAL,FBD,FARRUKHABAD,140,4,10,23:10:00,19:00:00,55328,0,0,0,0,0,0
55328,Farrukhabad Kanpur Passenger,Pass,Passenger,NER,FBD,FARRUKHABAD,CNB,KANPUR CENTRAL,140,3,55,09:30:00,05:35:00,55327,0,0,0,0,0,0
55332,Kasganj Farrukhabad Passenger,Pass,Passenger,NER,KSJ,KASGANJ,FBD,FARRUKHABAD,107,2,40,20:10:00,17:30:00,55331,0,0,0,0,0,0
55333,KasGanj-AgraFort Passenger,Pass,Passenger,NER,KSJ,KASGANJ,AF,AGRA FORT,162,5,5,12:40:00,07:35:00,55334,0,0,0,0,0,0
55337,Kasganj Achhnera Fast Passenger,Pass,Passenger,NER,KSJ,KASGANJ,AF,AGRA FORT,162,3,30,09:00:00,05:30:00,,0,0,0,0,0,0
55338,Achhnera Kasganj Fast Passenger,Pass,Passenger,NER,AH,ACHHNERA JN,KSJ,KASGANJ,140,3,50,14:40:00,10:50:00,,0,0,0,0,0,0
55339,KasGanj-Mathura Passenger,Pass,Passenger,NER,KSJ,KASGANJ,MTJ,MATHURA JN,105,2,55,14:50:00,11:55:00,,0,0,0,0,0,0
55341,KasGanj-Bharatpur Passenger,Pass,Passenger,NER,KSJ,KASGANJ,BTE,BHARATPUR JN,139,5,20,22:50:00,17:30:00,55342,0,0,0,0,0,0
55342,BTE KSJ PASS,Pass,Passenger,NER,BTE,BHARATPUR JN,KSJ,KASGANJ,139,5,25,11:00:00,05:35:00,55341,0,0,0,0,0,0
55347,Kasganj Mathura Passenger,Pass,Passenger,NER,KSJ,KASGANJ,MTJ,MATHURA JN,105,2,40,20:00:00,17:20:00,55348,0,0,0,0,0,0
55348,LAL KUAN - BAREILLY CITY  PASSENGER,Pass,Passenger,NER,LKU,LAL KUAN,BC,BAREILLY CITY,105,2,40,11:10:00,08:30:00,55349,0,0,0,0,0,0
55349,BAREILLY CITY - LAL KUAN PASSENGER,Pass,Passenger,NER,BC,BAREILLY CITY,LKU,LAL KUAN,105,3,20,19:00:00,15:40:00,55348,0,0,0,0,0,0
55501,Samastipur-Darbhanga Passenger,Pass,Passenger,ECR,SPJ,SAMASTIPUR JN,DBG,DARBHANGA JN,36,1,30,10:00:00,08:30:00,55502,0,0,0,0,0,0
55502,Darbhanga-Samastipur Passenger,Pass,Passenger,ECR,DBG,DARBHANGA JN,SPJ,SAMASTIPUR JN,36,1,30,20:10:00,18:40:00,55501,0,0,0,0,0,0
55503,Samastipur-Darbhanga Passenger,Pass,Passenger,ECR,SPJ,SAMASTIPUR JN,DBG,DARBHANGA JN,36,1,30,08:25:00,06:55:00,55504,0,0,0,0,0,0
55504,Darbhanga-Samastipur Passenger,Pass,Passenger,ECR,DBG,DARBHANGA JN,SPJ,SAMASTIPUR JN,36,1,25,09:10:00,07:45:00,55503,0,0,0,0,0,0
55506,Runnisaidpur-Samastipur Passenger,Pass,Passenger,ECR,RUSD,Runnisaidpur,SPJ,SAMASTIPUR JN,120,6,25,17:30:00,11:05:00,55505,0,0,0,0,0,0
55507,Darbhanga-Bairgania Passenger,Pass,Passenger,ECR,DBG,DARBHANGA JN,BGU,BAIRGANIA,97,3,20,20:50:00,17:30:00,55508,0,0,0,0,0,0
55325,Lucknow Kasganj Passenger,Pass,Passenger,NER,LJN,LUCKNOW JN,KSJ,KASGANJ,319,10,15,14:45:00,04:30:00,55326,0,0,0,0,0,0
55329,Shikohabad Farrukhabad Passenger,Pass,Passenger,NER,SKB,SHIKOHABAD JN,KSJ,KASGANJ,214,7,5,23:05:00,16:00:00,55330,0,0,0,0,0,0
55330,Kasganj Shikohabad Passenger,Pass,Passenger,NER,KSJ,KASGANJ,SKB,SHIKOHABAD JN,211,6,5,10:50:00,04:45:00,55329,0,0,0,0,0,0
55331,Farrukhabad Kasganj Passenger,Pass,Passenger,NER,FBD,FARRUKHABAD,KSJ,KASGANJ,107,2,50,07:20:00,04:30:00,55332,0,0,0,0,0,0
55508,Bairgania-Darbhanga Passenger,Pass,Passenger,ECR,BGU,BAIRGANIA,DBG,DARBHANGA JN,97,3,15,00:35:00,21:20:00,55507,0,0,0,0,0,0
55509,Darbhanga-Bairgania Passenger,Pass,Passenger,ECR,DBG,DARBHANGA JN,BGU,BAIRGANIA,97,3,20,06:50:00,03:30:00,55510,0,0,0,0,0,0
55510,Bairgania-Darbhanga Passenger,Pass,Passenger,NER,BGU,BAIRGANIA,DBG,DARBHANGA JN,97,3,40,10:55:00,07:15:00,55509,0,0,0,0,0,0
55511,Darbhanga-Bairgania Passenger,Pass,Passenger,ECR,DBG,DARBHANGA JN,SMI,SITAMARHI JN,68,2,30,14:30:00,12:00:00,55512,0,0,0,0,0,0
55512,Bairgania-Darbhanga Passenger,Pass,Passenger,ECR,SMI,SITAMARHI JN,DBG,DARBHANGA JN,68,2,30,19:45:00,17:15:00,55511,0,0,0,0,0,0
55513,Samastipur Jaynagar Passenger,Pass,Passenger,ECR,SPJ,SAMASTIPUR JN,JYG,JAYNAGAR,109,4,45,23:00:00,18:15:00,55514,0,0,0,0,0,0
55514,Jaynagar Samastipur Passenger,Pass,Passenger,ECR,JYG,JAYNAGAR,SPJ,SAMASTIPUR JN,109,4,45,11:45:00,07:00:00,55515,0,0,0,0,0,0
55515,Samastipur-Jaynagar Passenger,Pass,Passenger,ECR,SPJ,SAMASTIPUR JN,JYG,JAYNAGAR,109,5,15,19:40:00,14:25:00,55514,0,0,0,0,0,0
55516,Jaynagar-Samastipur Passenger,Pass,Passenger,ECR,JYG,JAYNAGAR,SPJ,SAMASTIPUR JN,109,4,15,01:15:00,21:00:00,55515,0,0,0,0,0,0
55517,Darbhanga Jaynagar Passenger,Pass,Passenger,ECR,DBG,DARBHANGA JN,JYG,JAYNAGAR,79,2,30,20:45:00,18:15:00,55518,0,0,0,0,0,0
55518,Jaynagar-Darbhanga Passenger,Pass,Passenger,ECR,JYG,JAYNAGAR,DBG,DARBHANGA JN,73,2,40,10:40:00,08:00:00,55517,0,0,0,0,0,0
55519,Darbhanga-Jaynagar Passenger,Pass,Passenger,ECR,DBG,DARBHANGA JN,JYG,JAYNAGAR,73,2,35,09:40:00,07:05:00,55518,0,0,0,0,0,0
55520,Jaynagar Darbhanga Passenger,Pass,Passenger,ECR,JYG,JAYNAGAR,DBG,DARBHANGA JN,73,2,40,20:00:00,17:20:00,55519,0,0,0,0,0,0
55528,Samastipur-Barauni Passenger,Pass,Passenger,ECR,SPJ,SAMASTIPUR JN,BJU,BARAUNI JN,50,1,35,22:00:00,20:25:00,55527,0,0,0,0,0,0
55529,Samastipur-Raxaul Passenger,Pass,Passenger,ECR,SPJ,SAMASTIPUR JN,RXL,RAXAUL JN,182,6,15,13:55:00,07:40:00,55530,0,0,0,0,0,0
55530,Raxaul-Samastipur Passenger,Pass,Passenger,NER,RXL,RAXAUL JN,SPJ,SAMASTIPUR JN,182,6,50,22:55:00,16:05:00,55529,0,0,0,0,0,0
55531,Katihar-Barauni Passenger,Pass,Passenger,NER,KIR,KATIHAR JN,BJU,BARAUNI JN,180,4,55,22:25:00,17:30:00,55532,0,0,0,0,0,0
55535,Katihar Darbhanga Passenger,Pass,Passenger,ECR,KIR,KATIHAR JN,DBG,DARBHANGA JN,266,11,10,23:30:00,12:20:00,55536,0,0,0,0,0,0
55536,Darbhanga Katihar Passenger,Pass,Passenger,ECR,DBG,DARBHANGA JN,KIR,KATIHAR JN,267,9,30,13:00:00,03:30:00,55535,0,0,0,0,0,0
55537,Katihar-Samastipur Passenger,Pass,Passenger,ECR,KIR,KATIHAR JN,SPJ,SAMASTIPUR JN,230,7,55,16:00:00,08:05:00,55538,0,0,0,0,0,0
55538,Samastipur-Katihar Passenger,Pass,Passenger,ECR,SPJ,SAMASTIPUR JN,KIR,KATIHAR JN,230,7,5,19:50:00,12:45:00,55537,0,0,0,0,0,0
55552,Hajipur-Barauni Passenger,Pass,Passenger,NER,HJP,HAJIPUR JN,BJU,BARAUNI JN,88,3,40,22:25:00,18:45:00,55551,0,0,0,0,0,0
55553,Dauram Madhepura Samastipur Passenger,Pass,Passenger,NER,DMH,Dauram Madhepura,SPJ,SAMASTIPUR JN,158,6,40,12:10:00,05:30:00,55554,0,0,0,0,0,0
55554,Samastipur Dauram Madhepura Passenger,Pass,Passenger,ECR,SPJ,SAMASTIPUR JN,DMH,Dauram Madhepura,158,6,50,20:05:00,13:15:00,55553,0,0,0,0,0,0
55555,Dauram Madhepura Samastipur Passenger,Pass,Passenger,NER,DMH,Dauram Madhepura,SPJ,SAMASTIPUR JN,158,6,15,09:05:00,02:50:00,55554,0,0,0,0,0,0
55556,Samastipur Dauram Madhepura Passenger,Pass,Passenger,ECR,SPJ,SAMASTIPUR JN,DMH,Dauram Madhepura,158,7,5,01:15:00,18:10:00,55555,0,0,0,0,0,0
55557,Samastipur Sonpur Passenger,Pass,Passenger,ECR,SPJ,SAMASTIPUR JN,SEE,SONPUR JN,111,4,50,23:20:00,18:30:00,55558,0,0,0,0,0,0
55558,Sonpur Samastipur Passenger,Pass,Passenger,NER,SEE,SONPUR JN,SPJ,SAMASTIPUR JN,111,4,15,08:05:00,03:50:00,55557,0,0,0,0,0,0
55559,Khagaria Samastipur Passenger,Pass,Passenger,NER,KGG,KHAGARIA JN,SPJ,SAMASTIPUR JN,85,2,55,19:15:00,16:20:00,55560,0,0,0,0,0,0
55560,Samastipur Khagaria Passenger,Pass,Passenger,ECR,SPJ,SAMASTIPUR JN,KGG,KHAGARIA JN,85,2,45,11:05:00,08:20:00,55559,0,0,0,0,0,0
55565,Saharsa Samastipur Passenger,Pass,Passenger,NER,SHC,SAHARSA JN,SPJ,SAMASTIPUR JN,136,4,30,21:30:00,17:00:00,55566,0,0,0,0,0,0
55566,Samastipur Saharsa Passenger,Pass,Passenger,ECR,SPJ,SAMASTIPUR JN,SHC,SAHARSA JN,136,4,45,09:30:00,04:45:00,55565,0,0,0,0,0,0
55567,Saharsa Samastipur Passenger,Pass,Passenger,NER,SHC,SAHARSA JN,SPJ,SAMASTIPUR JN,136,4,35,14:45:00,10:10:00,55568,0,0,0,0,0,0
55568,Samastipur Saharsa Passenger,Pass,Passenger,ECR,SPJ,SAMASTIPUR JN,SHC,SAHARSA JN,136,4,40,21:50:00,17:10:00,55567,0,0,0,0,0,0
55569,DauramMadhepura-Saharsa Passenger,Pass,Passenger,NER,DMH,Dauram Madhepura,SHC,SAHARSA JN,22,1,5,12:10:00,11:05:00,55570,0,0,0,0,0,0
55570,Saharsa-DauramMadhepura Passenger,Pass,Passenger,NER,SHC,SAHARSA JN,DMH,Dauram Madhepura,22,0,55,10:45:00,09:50:00,55569,0,0,0,0,0,0
55573,Raxaul Narkatiaganj Passenger,Pass,Passenger,NER,RXL,RAXAUL JN,NKE,NARKATIAGANJ JN,88,2,45,22:00:00,19:15:00,55574,0,0,0,0,0,0
55574,Narkatiaganj Raxaul Passenger,Pass,Passenger,NER,NKE,NARKATIAGANJ JN,RXL,RAXAUL JN,88,2,50,11:40:00,08:50:00,55573,0,0,0,0,0,0
55575,Darbhanga-Biraul Passenger,Pass,Passenger,ECR,DBG,DARBHANGA JN,BIRL,Biraul,54,2,45,10:45:00,08:00:00,55576,0,0,0,0,0,0
55576,Biraul-Darbhanga Passenger,Pass,Passenger,ECR,BIRL,Biraul,DBG,DARBHANGA JN,54,2,40,19:40:00,17:00:00,55575,0,0,0,0,0,0
55577,Sakri Biraul Passenger,Pass,Passenger,NER,SKI,SAKRI JN,BIRL,Biraul,35,1,30,15:30:00,14:00:00,55578,0,0,0,0,0,0
55578,Biraul Sakri Passenger,Pass,Passenger,NER,BIRL,Biraul,SKI,SAKRI JN,35,1,30,13:00:00,11:30:00,55577,0,0,0,0,0,0
55722,Balurghat Malda Town Passenger,Pass,Passenger,NFR,BLGT,BALURGHAT,MLDT,MALDA TOWN,104,3,10,20:15:00,17:05:00,55721,0,0,0,0,0,0
55603,Guwahati Mairabari Passenger,Pass,Passenger,NFR,GHY,GUWAHATI,MBO,Mairabari,160,5,15,22:45:00,17:30:00,55604,0,0,0,0,0,0
55604,Mairabari Guwahati Passenger,Pass,Passenger,NFR,MBO,Mairabari,GHY,GUWAHATI,160,5,5,09:20:00,04:15:00,55603,0,0,0,0,0,0
55607,Guwahati Silghat Town Passenger,Pass,Passenger,NFR,GHY,GUWAHATI,SHTT,Silghat Town,172,4,5,19:50:00,15:45:00,55608,0,0,0,0,0,0
55608,Silghat Town Guwahati Passenger,Pass,Passenger,NFR,SHTT,Silghat Town,GHY,GUWAHATI,172,4,30,10:30:00,06:00:00,55607,0,0,0,0,0,0
55609,DBB - FKM FAST PASSENGER,Pass,Passenger,NFR,DBB,DHUBRI,FKM,FAKIRAGRAM JN,267,7,45,13:45:00,06:00:00,55610,0,0,0,0,0,0
55612,Kamakhya Fakiragram Fast Passenger,Pass,Passenger,NFR,KYQ,KAMAKHYA,FKM,FAKIRAGRAM JN,214,5,30,04:30:00,23:00:00,55611,0,0,0,0,0,0
55618,Guwahati New Bongaigaon Passenger,Pass,Passenger,NFR,GHY,GUWAHATI,NBQ,NEW BONGAIGAON,184,4,35,11:45:00,07:10:00,55617,0,0,0,0,0,0
55707,Radhikapur Katihar Passenger,Pass,Passenger,NFR,RDP,Radhikapur,KIR,KATIHAR JN,123,4,35,08:35:00,04:00:00,55708,0,0,0,0,0,0
55708,Katihar Radhikapur Passenger,Pass,Passenger,NFR,KIR,KATIHAR JN,RDP,Radhikapur,123,3,30,21:55:00,18:25:00,55707,0,0,0,0,0,0
55711,Malda Town New Jalpaiguri Passenger,Pass,Passenger,NFR,MLDT,MALDA TOWN,NJP,NEW JALPAIGURI,232,7,45,22:55:00,15:10:00,55712,0,0,0,0,0,0
55712,New Jalpaiguri Malda Town Passenger,Pass,Passenger,NFR,NJP,NEW JALPAIGURI,MLDT,MALDA TOWN,232,8,45,14:30:00,05:45:00,55711,0,0,0,0,0,0
55713,NEW JALPAIGURI - DEKARGAON Pass,Pass,Passenger,NFR,NJP,NEW JALPAIGURI,DKGN,DEKARGAON,252,10,20,17:50:00,07:30:00,55714,0,0,0,0,0,0
55714,DEKARGAON - NEW JALPAIGURI Pass,Pass,Passenger,NFR,DKGN,DEKARGAON,NJP,NEW JALPAIGURI,252,10,0,16:45:00,06:45:00,55713,0,0,0,0,0,0
55715,Katihar Siliguri Passenger,Pass,Passenger,NFR,KIR,KATIHAR JN,SGUJ,SILIGURI JN,192,5,10,23:30:00,18:20:00,55716,0,0,0,0,0,0
55716,Siliguri Katihar Passenger,Pass,Passenger,NFR,SGUJ,SILIGURI JN,KIR,KATIHAR JN,192,5,35,09:50:00,04:15:00,55715,0,0,0,0,0,0
55721,Malda Town Balurghat Passenger,Pass,Passenger,NFR,MLDT,MALDA TOWN,BLGT,BALURGHAT,104,2,50,09:40:00,06:50:00,55722,0,0,0,0,0,0
55725,New Jalpaiguri Alipurduar Passenger,Pass,Passenger,NFR,NJP,NEW JALPAIGURI,APDJ,ALIPUR DUAR JN,169,4,55,22:35:00,17:40:00,55726,0,0,0,0,0,0
55726,Alipur Duar New Jalpaiguri Passenger,Pass,Passenger,NFR,APDJ,ALIPUR DUAR JN,NJP,NEW JALPAIGURI,169,4,25,09:25:00,05:00:00,55725,0,0,0,0,0,0
55727,Katihar Radhikapur Passenger,Pass,Passenger,NFR,KIR,KATIHAR JN,RDP,Radhikapur,93,3,30,10:00:00,06:30:00,55728,0,0,0,0,0,0
55728,Radhikapur Katihar Passenger,Pass,Passenger,NFR,RDP,Radhikapur,KIR,KATIHAR JN,93,3,0,13:45:00,10:45:00,55729,0,0,0,0,0,0
55729,Katihar Radhikapur Passenger,Pass,Passenger,NFR,KIR,KATIHAR JN,RDP,Radhikapur,93,3,20,17:45:00,14:25:00,55730,0,0,0,0,0,0
55730,Radhikapur Katihar Passenger,Pass,Passenger,NFR,RDP,Radhikapur,KIR,KATIHAR JN,93,2,55,21:10:00,18:15:00,55729,0,0,0,0,0,0
55731,Katihar Barsoi Passenger,Pass,Passenger,NFR,KIR,KATIHAR JN,BOE,BARSOI JN,38,1,30,22:45:00,21:15:00,55732,0,0,0,0,0,0
55732,Barsoi Katihar Passenger,Pass,Passenger,NFR,BOE,BARSOI JN,KIR,KATIHAR JN,38,1,45,06:10:00,04:25:00,55731,0,0,0,0,0,0
55733,Katihar Jogbani Passenger,Pass,Passenger,NFR,KIR,KATIHAR JN,JBN,JOGBANI,108,2,50,06:20:00,03:30:00,55734,0,0,0,0,0,0
55734,Jogbani Katihar Passenger,Pass,Passenger,NFR,JBN,JOGBANI,KIR,KATIHAR JN,108,3,20,10:05:00,06:45:00,55735,0,0,0,0,0,0
55735,Katihar Jogbani Passenger,Pass,Passenger,NFR,KIR,KATIHAR JN,JBN,JOGBANI,108,3,15,09:30:00,06:15:00,55734,0,0,0,0,0,0
55736,Jogbani Katihar Passenger,Pass,Passenger,NFR,JBN,JOGBANI,KIR,KATIHAR JN,108,3,15,13:55:00,10:40:00,55735,0,0,0,0,0,0
55737,Katihar Jogbani Passenger,Pass,Passenger,NFR,KIR,KATIHAR JN,JBN,JOGBANI,108,2,50,12:00:00,09:10:00,55736,0,0,0,0,0,0
55738,Jogbani Katihar Passenger,Pass,Passenger,NFR,JBN,JOGBANI,KIR,KATIHAR JN,108,2,25,15:15:00,12:50:00,55739,0,0,0,0,0,0
55739,Katihar Jogbani Passenger,Pass,Passenger,NFR,KIR,KATIHAR JN,JBN,JOGBANI,108,3,25,15:35:00,12:10:00,55740,0,0,0,0,0,0
55740,Jogbani Katihar Passenger,Pass,Passenger,NFR,JBN,JOGBANI,KIR,KATIHAR JN,108,3,15,19:40:00,16:25:00,55741,0,0,0,0,0,0
55741,Katihar Jogbani Fast Passenger,Pass,Passenger,NFR,KIR,KATIHAR JN,JBN,JOGBANI,108,3,5,18:00:00,14:55:00,55740,0,0,0,0,0,0
55743,Katihar Jogbani Passenger,Pass,Passenger,NFR,KIR,KATIHAR JN,JBN,JOGBANI,108,3,25,20:55:00,17:30:00,55744,0,0,0,0,0,0
55744,Jogbani Katihar Passenger,Pass,Passenger,NFR,JBN,JOGBANI,KIR,KATIHAR JN,108,2,45,06:20:00,03:35:00,55743,0,0,0,0,0,0
55745,New Jalpaiguri Bamanhat Passenger,Pass,Passenger,NFR,NJP,NEW JALPAIGURI,AUB,ALUABARI ROAD,57,0,26,21:44:00,21:18:00,55746,0,0,0,0,0,0
55746,Bamanhat New Jalpaiguri Passenger,Pass,Passenger,NFR,AUB,ALUABARI ROAD,NJP,NEW JALPAIGURI,306,5,31,10:40:00,05:09:00,55745,0,0,0,0,0,0
55747,Siliguri Haldibari Passenger,Pass,Passenger,NFR,SGUJ,SILIGURI JN,HDB,HALDIBARI,63,2,45,19:35:00,16:50:00,55748,0,0,0,0,0,0
55748,Haldibari Siliguri Passenger,Pass,Passenger,NFR,HDB,HALDIBARI,SGUJ,SILIGURI JN,63,2,45,10:15:00,07:30:00,55747,0,0,0,0,0,0
55749,New Jalpaiguri Haldibari Passenger,Pass,Passenger,NFR,NJP,NEW JALPAIGURI,HDB,HALDIBARI,56,1,50,11:05:00,09:15:00,55750,0,0,0,0,0,0
55750,Haldibari New Jalpaiguri Passenger,Pass,Passenger,NFR,HDB,HALDIBARI,NJP,NEW JALPAIGURI,56,1,50,13:35:00,11:45:00,55749,0,0,0,0,0,0
55751,New Jalpaiguri Haldibari Passenger,Pass,Passenger,NFR,NJP,NEW JALPAIGURI,HDB,HALDIBARI,56,2,5,15:25:00,13:20:00,55750,0,0,0,0,0,0
55752,Haldibari New Jalpaiguri Passenger,Pass,Passenger,NFR,HDB,HALDIBARI,NJP,NEW JALPAIGURI,56,1,55,18:40:00,16:45:00,55751,0,0,0,0,0,0
55811,Guwahati Lumding Passenger,Pass,Passenger,NFR,GHY,GUWAHATI,LMG,LUMDING JN,207,6,30,12:30:00,06:00:00,55812,0,0,0,0,0,0
55815,Kapali Fast Passenger,Pass,Passenger,NFR,GHY,GUWAHATI,CPK,CHAPARMUKH JN,91,1,50,12:00:00,10:10:00,55816,0,0,0,0,0,0
56006,Chengalpattu Arakkonam Passenger,Pass,Passenger,SR,CGL,CHENGALPATTU,AJJ,ARAKKONAM,63,1,30,09:45:00,08:15:00,56005,0,0,0,0,0,0
53429,Bhagalpur Jamalpur Passenger,Pass,Passenger,ER,BGP,BHAGALPUR,JMP,JAMALPUR JN,60,1,25,13:50:00,12:25:00,53430,0,0,0,0,0,0
53431,Sahibganj Jamalpur Passenger,Pass,Passenger,ER,SBG,SAHIBGANJ JN,JMP,JAMALPUR JN,135,3,40,11:25:00,07:45:00,53432,0,0,0,0,0,0
55754,GUWAHATI - ALIPUR DUAR SIFUNG Pass,Pass,Passenger,NFR,GHY,GUWAHATI,APDJ,ALIPUR DUAR JN,285,7,30,22:00:00,14:30:00,55753,0,0,0,0,0,0
55755,Manihari Katihar Pass,Pass,Passenger,NFR,MHI,Manihari,KIR,KATIHAR JN,24,1,5,09:35:00,08:30:00,55756,0,0,0,0,0,0
55756,Katihar Manihari Pass,Pass,Passenger,NFR,KIR,KATIHAR JN,MHI,Manihari,24,1,5,07:50:00,06:45:00,55755,0,0,0,0,0,0
55757,Manihari Katihar Pass,Pass,Passenger,NFR,MHI,Manihari,KIR,KATIHAR JN,24,1,5,13:20:00,12:15:00,55756,0,0,0,0,0,0
55758,Katihar Manihari Pass,Pass,Passenger,NFR,KIR,KATIHAR JN,MHI,Manihari,24,1,5,11:35:00,10:30:00,55757,0,0,0,0,0,0
55759,Manihari Katihar Pass,Pass,Passenger,NFR,MHI,Manihari,KIR,KATIHAR JN,24,1,5,19:35:00,18:30:00,55758,0,0,0,0,0,0
55760,Katihar Manihari Pass,Pass,Passenger,NFR,KIR,KATIHAR JN,MHI,Manihari,24,1,5,17:50:00,16:45:00,55759,0,0,0,0,0,0
55791,Alipur Dwar Bamanhat Passenger,Pass,Passenger,NFR,APDJ,ALIPUR DUAR JN,NCB,NEW COOCH BEHAR,22,0,47,07:17:00,06:30:00,55792,0,0,0,0,0,0
55792,Bxt Alipur Duar Passenger,Pass,Passenger,NFR,NCB,NEW COOCH BEHAR,APDJ,ALIPUR DUAR JN,22,0,55,19:10:00,18:15:00,55791,0,0,0,0,0,0
55793,New Jalpaiguri Bamanhat Passenger,Pass,Passenger,NFR,NJP,NEW JALPAIGURI,NCB,NEW COOCH BEHAR,191,6,5,14:05:00,08:00:00,,0,0,0,0,0,0
55794,Bamanhat New Jalpaiguri Passenger,Pass,Passenger,NFR,BXT,Bamanhat,NJP,NEW JALPAIGURI,240,8,25,18:05:00,09:40:00,,0,0,0,0,0,0
55802,Manas Rhino Passenger,Pass,Passenger,NFR,GHY,GUWAHATI,NBQ,NEW BONGAIGAON,157,4,20,21:50:00,17:30:00,55801,0,0,0,0,0,0
55805,New Bongaigaon Guwahati Passenger,Pass,Passenger,NFR,NBQ,NEW BONGAIGAON,GHY,GUWAHATI,184,4,25,09:50:00,05:25:00,55806,0,0,0,0,0,0
55806,Guwahati New Bongaigaon Passenger,Pass,Passenger,NFR,GHY,GUWAHATI,NBQ,NEW BONGAIGAON,184,4,25,20:50:00,16:25:00,55805,0,0,0,0,0,0
55809,New Bongaigaon Guwahati Passenger,Pass,Passenger,NFR,NBQ,NEW BONGAIGAON,GHY,GUWAHATI,157,4,45,21:05:00,16:20:00,55810,0,0,0,0,0,0
55812,Lumding Guwahati Passenger,Pass,Passenger,NFR,LMG,LUMDING JN,GHY,GUWAHATI,207,7,15,21:45:00,14:30:00,55811,0,0,0,0,0,0
55816,Kapali Fast Passenger,Pass,Passenger,NFR,CPK,CHAPARMUKH JN,GHY,GUWAHATI,91,1,58,16:00:00,14:02:00,55815,0,0,0,0,0,0
55817,Chaparmukh Silghat Town Passenger,Pass,Passenger,?,CPK,CHAPARMUKH JN,SHTT,Silghat Town,79,2,25,07:55:00,05:30:00,55818,0,0,0,0,0,0
55818,Silghat Town- Chaparmukh Passenger,Pass,Passenger,?,SHTT,Silghat Town,CPK,CHAPARMUKH JN,81,3,0,21:25:00,18:25:00,55817,0,0,0,0,0,0
55901,Lumding Tinsukia Passenger,Pass,Passenger,NFR,LMG,LUMDING JN,TSK,Tinsukia Junction,346,13,30,20:00:00,06:30:00,55902,0,0,0,0,0,0
55902,Tinsukia Lumding Passenger,Pass,Passenger,NFR,TSK,Tinsukia Junction,LMG,LUMDING JN,346,13,25,20:10:00,06:45:00,55901,0,0,0,0,0,0
55903,Furkating Mariani Passenger,Pass,Passenger,NFR,FKG,FURKATING JN,MXN,MARIANI JN,85,3,10,19:15:00,16:05:00,55904,0,0,0,0,0,0
55904,Mariani Furkating Passenger,Pass,Passenger,NFR,MXN,MARIANI JN,FKG,FURKATING JN,85,3,15,09:45:00,06:30:00,55903,0,0,0,0,0,0
55905,Dibrugarh Ledo Passenger,Pass,Passenger,NFR,DBRT,DIBRUGARH TOWN,LEDO,Ledo,103,3,40,10:45:00,07:05:00,55906,0,0,0,0,0,0
55906,Ledo Dibrugarh Passenger,Pass,Passenger,NFR,LEDO,Ledo,DBRT,DIBRUGARH TOWN,103,3,30,10:45:00,07:15:00,55907,0,0,0,0,0,0
55907,Dibrugarh Ledo Passenger,Pass,Passenger,NFR,DBRT,DIBRUGARH TOWN,LEDO,Ledo,103,3,30,19:45:00,16:15:00,55908,0,0,0,0,0,0
55908,Ledo Dibrugarh Passenger,Pass,Passenger,NFR,LEDO,Ledo,DBRT,DIBRUGARH TOWN,103,4,0,19:45:00,15:45:00,55907,0,0,0,0,0,0
55913,Jorhat Town Tinsukia Passenger,Pass,Passenger,NFR,JTTN,Jorhat Town,TSK,Tinsukia Junction,176,6,0,11:45:00,05:45:00,55914,0,0,0,0,0,0
55914,Tinsukia Jorhat Town Passenger,Pass,Passenger,NFR,TSK,Tinsukia Junction,JTTN,Jorhat Town,176,6,10,20:25:00,14:15:00,55913,0,0,0,0,0,0
56001,Chennai Arakkonam Passenger,Pass,Passenger,SR,MAS,CHENNAI CENTRAL,AJJ,ARAKKONAM,68,1,40,14:55:00,13:15:00,56002,0,0,0,0,0,0
56002,Arakkonam Chennai Passenger,Pass,Passenger,SR,AJJ,ARAKKONAM,MAS,CHENNAI CENTRAL,68,1,40,22:40:00,21:00:00,56001,0,0,0,0,0,0
56003,Arakkonam Chengalpattu Passenger,Pass,Passenger,SR,AJJ,ARAKKONAM,CGL,CHENGALPATTU,63,1,25,07:15:00,05:50:00,56004,0,0,0,0,0,0
56005,Arakkonam Chengulpattu Passenger,Pass,Passenger,SR,AJJ,ARAKKONAM,CGL,CHENGALPATTU,63,1,40,19:10:00,17:30:00,56006,0,0,0,0,0,0
56007,Arakkonam Katpadi Passenger,Pass,Passenger,SR,AJJ,ARAKKONAM,KPD,KATPADI JN,61,1,35,22:15:00,20:40:00,56008,0,0,0,0,0,0
56008,Katpadi Arakkonam Passenger,Pass,Passenger,SR,KPD,KATPADI JN,AJJ,ARAKKONAM,61,1,45,06:15:00,04:30:00,56007,0,0,0,0,0,0
56009,Arakkonam Vellore Cantt Passenger,Pass,Passenger,SR,AJJ,ARAKKONAM,VLR,VELLORE CANT,71,2,0,09:05:00,07:05:00,56010,0,0,0,0,0,0
56010,Vellore Cantt. Arakkonam Passenger,Pass,Passenger,SR,VLR,VELLORE CANT,AJJ,ARAKKONAM,71,2,35,18:45:00,16:10:00,56009,0,0,0,0,0,0
56011,Arakkonam Nandalur Passenger,Pass,Passenger,SR,AJJ,ARAKKONAM,NRE,NANDALUR,155,5,40,12:45:00,07:05:00,56012,0,0,0,0,0,0
56012,Nandalur Arakkonam Passenger,Pass,Passenger,SR,NRE,NANDALUR,AJJ,ARAKKONAM,155,6,40,20:05:00,13:25:00,56011,0,0,0,0,0,0
56013,Arakkonam-Vellore Cantt Passenger,Pass,Passenger,SR,AJJ,ARAKKONAM,VLR,VELLORE CANT,71,2,5,14:35:00,12:30:00,56014,0,0,0,0,0,0
56037,Chennai Pondicherry Passenger,Pass,Passenger,SR,MS,CHENNAI EGMORE,PDY,Puducherry,196,4,30,11:05:00,06:35:00,56038,0,0,0,0,0,0
56038,Pondicherry Chennai Passenger,Pass,Passenger,SR,PDY,Puducherry,MS,CHENNAI EGMORE,196,5,5,19:45:00,14:40:00,56037,0,0,0,0,0,0
56039,Kumbakonam Thanjavur Passenger,Pass,Passenger,SR,KMU,KUMBAKONAM,TJ,THANJAVUR,39,1,10,09:15:00,08:05:00,56040,0,0,0,0,0,0
56040,Thanjavur Kumbakonam Passenger,Pass,Passenger,SR,TJ,THANJAVUR,KMU,KUMBAKONAM,39,1,25,19:30:00,18:05:00,56039,0,0,0,0,0,0
56213,CHAMARAJANAGAR - TIRUPATI Fast Passenger,Pass,Passenger,SWR,CMNR,CHAMARAJANAGAR,TPTY,TIRUPATI MAIN,535,14,35,05:35:00,15:00:00,56214,1,0,0,0,1,0
56042,Puducherry-Tirupati Passenger,Pass,Passenger,SR,PDY,Puducherry,TPTY,TIRUPATI MAIN,284,8,50,22:40:00,13:50:00,56041,0,0,0,0,0,0
56043,Guruvayur Thrissur Passenger,Pass,Passenger,SR,GUV,GURUVAYUR,TCR,THRISUR,23,0,35,17:40:00,17:05:00,56044,0,0,0,0,0,0
56044,Thrissur Guruvayur Passenger,Pass,Passenger,SR,TCR,THRISUR,GUV,GURUVAYUR,23,0,35,19:30:00,18:55:00,56043,0,0,0,0,0,0
56045,Nagercoil Cape Passenger,Pass,Passenger,SR,NCJ,NAGERCOIL JN,CAPE,KANYAKUMARI,15,0,20,16:20:00,16:00:00,56046,0,0,0,0,0,0
56046,Kanyakumari Nagercoil Passenger,Pass,Passenger,SR,CAPE,KANYAKUMARI,NCJ,NAGERCOIL JN,15,0,25,07:45:00,07:20:00,56045,0,0,0,0,0,0
56102,Salem Mtdm Passenger,Pass,Passenger,SR,SA,SALEM JN,MTDM,METUR DAM,39,1,15,18:45:00,17:30:00,56103,0,0,0,0,0,0
56103,Mettur Dam Salem Passenger,Pass,Passenger,SR,MTDM,METUR DAM,SA,SALEM JN,39,1,30,10:35:00,09:05:00,56102,0,0,0,0,0,0
56136,Mettupalayam-Ooty Passenger,Pass,Passenger,SR,MTP,Mettupalayam,UAM,Udagamandalam,46,4,50,12:00:00,07:10:00,56137,0,0,0,0,1,0
56137,Ooty-Mettupalayam Passenger,Pass,Passenger,SR,UAM,Udagamandalam,MTP,Mettupalayam,46,3,35,17:35:00,14:00:00,56136,0,0,0,0,1,0
56139,Coonoor Passenger,Pass,Passenger,SR,UAM,Udagamandalam,ONR,Coonoor,19,1,10,10:25:00,09:15:00,56138,0,0,0,0,1,0
56140,Udagamandalam Coonoor Passenger,Pass,Passenger,SR,UAM,Udagamandalam,ONR,Coonoor,19,1,10,19:10:00,18:00:00,56141,0,0,0,0,0,0
56141,Coonoor Udagamandalam Passenger,Pass,Passenger,SR,ONR,Coonoor,UAM,Udagamandalam,19,1,20,09:05:00,07:45:00,56142,0,0,0,0,0,0
56142,(Ooty)Udagamandalam Coonoor Passenger,Pass,Passenger,SR,UAM,Udagamandalam,ONR,Coonoor,19,1,5,13:20:00,12:15:00,56141,0,0,0,0,0,0
56143,Udhagamandalam Passenger,Pass,Passenger,SR,ONR,Coonoor,UAM,Udagamandalam,19,1,15,13:50:00,12:35:00,56142,0,0,0,0,0,0
56144,Coimbatore Mettupalaiyam Passenger,Pass,Passenger,SR,CBE,COIMBATORE JN,MTP,Mettupalayam,35,0,50,18:45:00,17:55:00,56145,0,0,0,0,0,0
56145,Mettupalaiyam Coimbatore Passenger,Pass,Passenger,SR,MTP,Mettupalayam,CBE,COIMBATORE JN,35,0,55,09:10:00,08:15:00,56144,0,0,0,0,0,0
56146,Coimbatore-Mettupalayam Passenger,Pass,Passenger,SR,CBE,COIMBATORE JN,MTP,Mettupalayam,35,0,50,10:20:00,09:30:00,56145,0,0,0,0,0,0
56147,Mettupalayam-Coimbatore Passenger,Pass,Passenger,SR,MTP,Mettupalayam,CBE,COIMBATORE JN,35,0,50,11:30:00,10:40:00,56148,0,0,0,0,0,0
56148,CoimbatoreMettupalayam Passenger,Pass,Passenger,SR,CBE,COIMBATORE JN,MTP,Mettupalayam,35,0,50,12:50:00,12:00:00,56147,0,0,0,0,0,0
56149,MettupalayamCoimbatore Passenger,Pass,Passenger,SR,MTP,Mettupalayam,CBE,COIMBATORE JN,35,0,50,14:00:00,13:10:00,56148,0,0,0,0,0,0
56150,CoimbatoreMettupalayam Passenger,Pass,Passenger,SR,CBE,COIMBATORE JN,MTP,Mettupalayam,35,0,50,15:50:00,15:00:00,56149,0,0,0,0,0,0
56151,MettupalayamCoimbatore Passenger,Pass,Passenger,SR,MTP,Mettupalayam,CBE,COIMBATORE JN,35,0,50,17:10:00,16:20:00,56150,0,0,0,0,0,0
56201,Chamrajnagar Mysore Passenger,Pass,Passenger,SWR,CMNR,CHAMARAJANAGAR,MYS,MYSORE JN,61,1,50,09:00:00,07:10:00,56202,0,0,0,0,0,0
56202,Mysore Chamrajnagar passenger,Pass,Passenger,SWR,MYS,MYSORE JN,CMNR,CHAMARAJANAGAR,61,1,45,06:45:00,05:00:00,56201,0,0,0,0,0,0
56203,Chamarajnagar Mysore passenger,Pass,Passenger,SWR,CMNR,CHAMARAJANAGAR,MYS,MYSORE JN,61,1,50,13:00:00,11:10:00,56202,0,0,0,0,0,0
56204,Mysore Chamrajnagar Passenger,Pass,Passenger,SWR,MYS,MYSORE JN,CMNR,CHAMARAJANAGAR,61,1,50,09:10:00,07:20:00,56203,0,0,0,0,0,0
56205,Nanjangud Mysore Passenger,Pass,Passenger,SWR,NTW,NANJANGUD TOWN,MYS,MYSORE JN,25,0,55,11:40:00,10:45:00,56206,0,0,0,0,0,0
56206,Nanjangud Mysore Passenger,Pass,Passenger,SWR,MYS,MYSORE JN,NTW,NANJANGUD TOWN,25,0,45,10:00:00,09:15:00,56205,0,0,0,0,0,0
56209,Chamrajnagar Mysore Passenger,Pass,Passenger,SWR,CMNR,CHAMARAJANAGAR,MYS,MYSORE JN,61,1,50,19:50:00,18:00:00,56210,0,0,0,0,0,0
56210,Mysore Chamrajnagar passenger,Pass,Passenger,SWR,MYS,MYSORE JN,CMNR,CHAMARAJANAGAR,61,1,50,14:20:00,12:30:00,56209,0,0,0,0,0,0
56211,Chamrajnagar Mysore Passenger,Pass,Passenger,SWR,CMNR,CHAMARAJANAGAR,MYS,MYSORE JN,61,1,50,22:40:00,20:50:00,56210,0,0,0,0,0,0
56212,Chamrajnagar Passenger,Pass,Passenger,SWR,MYS,MYSORE JN,CMNR,CHAMARAJANAGAR,61,1,50,20:35:00,18:45:00,56211,0,0,0,0,0,0
56221,Bangalore Tumkur Passenger,Pass,Passenger,SWR,SBC,BANGALORE CITY JN,TK,TUMKUR,70,1,45,11:05:00,09:20:00,56222,0,0,0,0,0,0
56222,Tumkur Bangalore Passenger,Pass,Passenger,SWR,TK,TUMKUR,SBC,BANGALORE CITY JN,70,1,50,13:10:00,11:20:00,56221,0,0,0,0,0,0
56223,Bangalore Arisikere Passenger,Pass,Passenger,SWR,SBC,BANGALORE CITY JN,ASK,ARSIKERE JN,167,4,25,22:45:00,18:20:00,56224,0,0,0,0,0,0
56224,Arisikere Bangalore Passenger,Pass,Passenger,SWR,ASK,ARSIKERE JN,SBC,BANGALORE CITY JN,167,4,10,09:10:00,05:00:00,56223,0,0,0,0,0,0
56225,Bangalore Tumkur Passenger,Pass,Passenger,SWR,SBC,BANGALORE CITY JN,TK,TUMKUR,70,1,45,15:25:00,13:40:00,56226,0,0,0,0,0,0
56226,Tumkur Bangalore passenger,Pass,Passenger,SWR,TK,TUMKUR,SBC,BANGALORE CITY JN,70,1,50,17:40:00,15:50:00,56225,0,0,0,0,0,0
56227,Bangalore Shimoga Town Passenger,Pass,Passenger,SWR,SBC,BANGALORE CITY JN,SMET,Shimoga Town,276,7,10,23:55:00,16:45:00,56228,0,0,0,0,0,0
56228,Shimoga Bangalore Passenger,Pass,Passenger,SWR,SMET,Shimoga Town,SBC,BANGALORE CITY JN,276,7,20,11:20:00,04:00:00,56227,0,0,0,0,0,0
56229,Mysore Bangalore Passenger,Pass,Passenger,SWR,MYS,MYSORE JN,SBC,BANGALORE CITY JN,137,3,50,12:10:00,08:20:00,56230,0,0,0,0,0,0
56230,Bangalore Mysore Passenger,Pass,Passenger,SWR,SBC,BANGALORE CITY JN,MYS,MYSORE JN,137,3,40,20:05:00,16:25:00,56229,0,0,0,0,0,0
56231,Mysore Bangalore (PUSH-PULL) Passenger,Pass,Passenger,SWR,MYS,MYSORE JN,SBC,BANGALORE CITY JN,137,3,20,09:10:00,05:50:00,56230,0,0,0,0,0,0
56232,Bangalore Mysore (PUSH-PULL) Passenger(Shuttle),Pass,Passenger,SWR,SBC,BANGALORE CITY JN,MYS,MYSORE JN,137,4,5,13:35:00,09:30:00,56231,0,0,0,0,0,0
56233,Bangalore Mysore Passenger,Pass,Passenger,SWR,SBC,BANGALORE CITY JN,MYS,MYSORE JN,138,3,40,08:55:00,05:15:00,56234,0,0,0,0,0,0
56234,Mysore Bangalore Passenger,Pass,Passenger,SWR,MYS,MYSORE JN,SBC,BANGALORE CITY JN,138,3,35,22:25:00,18:50:00,56233,0,0,0,0,0,0
56237,Mysore Bangalore (PUSH-PULL) Passenger,Pass,Passenger,SWR,MYS,MYSORE JN,SBC,BANGALORE CITY JN,137,3,35,18:00:00,14:25:00,56238,0,0,0,0,0,0
56004,Chengalpattu Arakkonam Passenger,Pass,Passenger,SR,CGL,CHENGALPATTU,AJJ,ARAKKONAM,63,1,30,21:45:00,20:15:00,56005,0,0,0,0,0,0
56238,Bangalore Mysore (PUSH-PULL) Passenger,Pass,Passenger,SWR,SBC,BANGALORE CITY JN,MYS,MYSORE JN,137,3,40,22:40:00,19:00:00,56237,0,0,0,0,0,0
56239,Shimoga Birur Passenger,Pass,Passenger,SWR,SMET,Shimoga Town,RRB,BIRUR JN,63,1,45,09:55:00,08:10:00,56240,0,0,0,0,0,0
56240,Birur Shimoga Passenger,Pass,Passenger,SWR,RRB,BIRUR JN,SMET,Shimoga Town,63,1,50,19:35:00,17:45:00,56239,0,0,0,0,0,0
56241,Salem Yesvantpur passenger,Pass,Passenger,SWR,SA,SALEM JN,YPR,YESVANTPUR JN,225,5,25,10:45:00,05:20:00,56242,0,0,0,0,0,0
56242,Yesvantpur Salem passenger,Pass,Passenger,SWR,YPR,YESVANTPUR JN,SA,SALEM JN,225,5,20,21:25:00,16:05:00,56241,0,0,0,0,0,0
56262,BANGALORE - ARAKKONAM Passenger,Pass,Passenger,SWR,SBC,BANGALORE CITY JN,AJJ,ARAKKONAM,290,11,30,20:50:00,09:20:00,56261,0,0,0,0,0,0
56263,Night Queen Passenger,Pass,Passenger,SWR,MYS,MYSORE JN,SBC,BANGALORE CITY JN,139,4,5,04:00:00,23:55:00,56264,1,0,0,0,0,0
56264,Night Queen Passenger,Pass,Passenger,SWR,SBC,BANGALORE CITY JN,MYS,MYSORE JN,139,4,5,04:00:00,23:55:00,56263,1,0,0,0,0,0
56265,Arsikere Mysore Passenger,Pass,Passenger,SWR,ASK,ARSIKERE JN,MYS,MYSORE JN,167,4,15,22:00:00,17:45:00,56266,0,0,0,0,0,0
56266,Mysore Arsikere Passenger,Pass,Passenger,SWR,MYS,MYSORE JN,ASK,ARSIKERE JN,167,4,5,11:35:00,07:30:00,56265,0,0,0,0,0,0
56268,Mysore Arsikere Passenger,Pass,Passenger,SWR,MYS,MYSORE JN,ASK,ARSIKERE JN,167,4,15,22:35:00,18:20:00,56267,0,0,0,0,0,0
56269,Shimoga Mysore Passenger,Pass,Passenger,SWR,SMET,Shimoga Town,MYS,MYSORE JN,276,6,25,16:55:00,10:30:00,56270,0,0,0,0,0,0
56270,Mysore Shimoga Passenger,Pass,Passenger,SWR,MYS,MYSORE JN,SMET,Shimoga Town,276,6,25,16:30:00,10:05:00,56269,0,0,0,0,0,0
56271,Shimoga Birur Passenger,Pass,Passenger,SWR,SMET,Shimoga Town,RRB,BIRUR JN,63,1,45,19:45:00,18:00:00,56272,0,0,0,0,0,0
56272,Birur Shimoga Town Passenger,Pass,Passenger,SWR,RRB,BIRUR JN,SMET,Shimoga Town,63,1,45,09:45:00,08:00:00,56271,0,0,0,0,0,0
56273,Arsikere Hubli Passenger,Pass,Passenger,SWR,ASK,ARSIKERE JN,UBL,HUBLI JN,304,7,15,12:30:00,05:15:00,56274,0,0,0,0,0,0
56274,Hubli Arsikere Passenger,Pass,Passenger,SWR,UBL,HUBLI JN,ASK,ARSIKERE JN,304,7,20,22:25:00,15:05:00,56273,0,0,0,0,0,0
56300,Kollam Alappuzha Passenger,Pass,Passenger,SR,QLN,KOLLAM JN,ALLP,ALLEPPEY,85,2,10,05:45:00,03:35:00,56301,0,0,0,0,0,0
56301,Alappuzha Kollam Passenger,Pass,Passenger,SR,ALLP,ALLEPPEY,QLN,KOLLAM JN,85,2,10,19:35:00,17:25:00,56300,0,0,0,0,0,0
56302,Alappuzha Ernakulam Passenger,Pass,Passenger,SR,ALLP,ALLEPPEY,ERS,ERNAKULAM JN,57,1,40,09:05:00,07:25:00,56303,0,0,0,0,0,0
56303,Ernakulam Alappuzha Passenger,Pass,Passenger,SR,ERS,ERNAKULAM JN,ALLP,ALLEPPEY,57,1,40,17:20:00,15:40:00,56302,0,0,0,0,0,0
56307,Kollam Tiruvananthapuram Passenger,Pass,Passenger,SR,QLN,KOLLAM JN,TVC,TRIVANDRUM CENTRAL,64,2,0,08:40:00,06:40:00,56308,0,0,0,0,0,0
56308,Tiruvananthapuram Kollam Passenger,Pass,Passenger,SR,TVC,TRIVANDRUM CENTRAL,QLN,KOLLAM JN,64,1,55,19:45:00,17:50:00,56307,0,0,0,0,0,0
56309,Kollam Tiruvananthapuram Passenger,Pass,Passenger,SR,QLN,KOLLAM JN,TVC,TRIVANDRUM CENTRAL,64,2,5,17:40:00,15:35:00,56308,0,0,0,0,0,0
56310,Nagercoil Tiruvananthapuram Passenger,Pass,Passenger,SR,NCJ,NAGERCOIL JN,TVC,TRIVANDRUM CENTRAL,71,2,5,08:50:00,06:45:00,56311,0,0,0,0,0,0
56311,Tiruvananthapuram Nagercoil Passenger,Pass,Passenger,SR,TVC,TRIVANDRUM CENTRAL,NCJ,NAGERCOIL JN,71,2,5,09:05:00,07:00:00,56310,0,0,0,0,0,0
56312,Tirunelveli Nagercoil Passenger,Pass,Passenger,SR,TEN,TIRUNELVELI,NCJ,NAGERCOIL JN,74,1,50,09:50:00,08:00:00,,0,0,0,0,0,0
56313,Tiruvananthapuram Nagercoil Passenger,Pass,Passenger,SR,TVC,TRIVANDRUM CENTRAL,NCJ,NAGERCOIL JN,71,2,5,20:05:00,18:00:00,,0,0,0,0,0,0
56315,Tiruvananthapuram Nagercoil Passenger,Pass,Passenger,SR,TVC,TRIVANDRUM CENTRAL,NCJ,NAGERCOIL JN,71,2,5,19:20:00,17:15:00,56316,0,0,0,0,0,0
56316,Nagercoil Tiruvananthapuram Passenger,Pass,Passenger,SR,NCJ,NAGERCOIL JN,TVC,TRIVANDRUM CENTRAL,71,1,55,20:15:00,18:20:00,56315,0,0,0,0,0,0
56317,Kochuveli Nagercoil Passenger,Pass,Passenger,SR,KCVL,KOCHUVELI,NCJ,NAGERCOIL JN,78,2,35,13:15:00,10:40:00,56318,0,0,0,0,0,0
56318,Nagercoil Kochuveli Passenger,Pass,Passenger,SR,NCJ,NAGERCOIL JN,KCVL,KOCHUVELI,77,2,25,10:20:00,07:55:00,56317,0,0,0,0,0,0
56319,Nagercoil Coimbatore Passenger,Pass,Passenger,SR,NCJ,NAGERCOIL JN,CBE,COIMBATORE JN,532,13,15,20:45:00,07:30:00,56320,0,0,0,0,0,0
56321,Kanyakumari Tirunelveli Passenger,Pass,Passenger,SR,CAPE,KANYAKUMARI,TEN,TIRUNELVELI,89,2,30,20:40:00,18:10:00,,0,0,0,0,0,0
56323,Coimbatore Mangalore Fast Passenger,Pass,Passenger,SR,CBE,COIMBATORE JN,MAQ,MANGALORE CNTL,408,12,20,20:00:00,07:40:00,56324,0,0,0,0,0,0
56324,Coimbatore Fast Passenger,Pass,Passenger,SR,MAQ,MANGALORE CNTL,CBE,COIMBATORE JN,408,11,50,19:35:00,07:45:00,56323,0,0,0,0,0,0
56325,Nagercoil Cape Passenger,Pass,Passenger,SR,NCJ,NAGERCOIL JN,CAPE,KANYAKUMARI,15,0,20,17:05:00,16:45:00,,0,0,0,0,0,0
56331,Punalur Kollam Passenger,Pass,Passenger,SR,PUU,Punalur,QLN,KOLLAM JN,45,1,20,09:35:00,08:15:00,56332,0,0,0,0,0,0
56370,Ernakulam Guruvayur Passenger,Pass,Passenger,SR,ERS,ERNAKULAM JN,GUV,GURUVAYUR,97,2,35,08:35:00,06:00:00,56371,0,0,0,0,0,0
56503,Yesvantapur-Vijayawada Passenger,Pass,Passenger,SWR,YPR,YESVANTPUR JN,BZA,VIJAYAWADA JN,739,21,40,05:40:00,08:00:00,56504,1,0,0,0,0,0
56504,Vijayawada Yesvantapur Passenger,Pass,Passenger,SWR,BZA,VIJAYAWADA JN,YPR,YESVANTPUR JN,739,20,20,17:10:00,20:50:00,56503,1,0,0,0,0,0
56505,Bangarpet Marikuppam Passenger,Pass,Passenger,SWR,BWT,BANGARAPET,MKM,Marikuppam,16,0,35,13:35:00,13:00:00,56506,0,0,0,0,0,0
56506,Marikuppam Bangarapet Passenger,Pass,Passenger,SWR,MKM,Marikuppam,BWT,BANGARAPET,16,0,35,10:25:00,09:50:00,56505,0,0,0,0,0,0
56511,Bangarpet Marikuppam Passenger,Pass,Passenger,SWR,BWT,BANGARAPET,MKM,Marikuppam,16,0,35,06:05:00,05:30:00,56512,0,0,0,0,0,0
56515,BANGALORE CITY - HUBLI Pass,Pass,Passenger,SWR,SBC,BANGALORE CITY JN,UBL,HUBLI JN,471,12,30,20:20:00,07:50:00,56516,0,0,0,0,0,0
56516,HUBLI - BANGALORE CY Passenger,Pass,Passenger,SWR,UBL,HUBLI JN,SBC,BANGALORE CITY JN,471,12,45,20:00:00,07:15:00,56515,0,0,0,0,0,0
55525,Barauni-Samastipur Passenger,Pass,Passenger,ECR,BJU,BARAUNI JN,SPJ,SAMASTIPUR JN,50,1,35,09:35:00,08:00:00,55526,0,0,0,0,0,0
56332,Kollam Punalur Passenger,Pass,Passenger,SR,QLN,KOLLAM JN,PUU,Punalur,45,1,25,07:55:00,06:30:00,56331,0,0,0,0,0,0
56333,Punalur Kollam Passenger,Pass,Passenger,SR,PUU,Punalur,QLN,KOLLAM JN,45,1,25,12:00:00,10:35:00,56332,0,0,0,0,0,0
56334,Kollam Punalur Passenger,Pass,Passenger,SR,QLN,KOLLAM JN,PUU,Punalur,45,1,25,10:05:00,08:40:00,56333,0,0,0,0,0,0
56335,Punalur Kollam Passenger,Pass,Passenger,SR,PUU,Punalur,QLN,KOLLAM JN,45,1,25,15:15:00,13:50:00,56334,0,0,0,0,0,0
56336,Kollam Punalur Passenger,Pass,Passenger,SR,QLN,KOLLAM JN,PUU,Punalur,45,1,25,12:25:00,11:00:00,56337,0,0,0,0,0,0
56337,Punalur Kollam Passenger,Pass,Passenger,SR,PUU,Punalur,QLN,KOLLAM JN,45,1,25,20:40:00,19:15:00,56338,0,0,0,0,0,0
56338,Kollam Punalur Passenger,Pass,Passenger,SR,QLN,KOLLAM JN,PUU,Punalur,45,1,20,18:50:00,17:30:00,56337,0,0,0,0,0,0
56371,Guruvayur Ernakulam Passenger,Pass,Passenger,SR,GUV,GURUVAYUR,ERS,ERNAKULAM JN,97,2,35,09:20:00,06:45:00,56370,0,0,0,0,0,0
56374,Thrissur Guruvayur Passenger,Pass,Passenger,SR,TCR,THRISUR,GUV,GURUVAYUR,23,0,35,10:45:00,10:10:00,56373,0,0,0,0,0,0
56375,Guruvayur Ernakulam Passenger,Pass,Passenger,SR,GUV,GURUVAYUR,ERS,ERNAKULAM JN,97,2,40,16:00:00,13:20:00,56376,0,0,0,0,0,0
56376,Ernakulam Guruvayur Passenger,Pass,Passenger,SR,ERS,ERNAKULAM JN,GUV,GURUVAYUR,97,3,0,23:15:00,20:15:00,56375,0,0,0,0,0,0
56377,Allepey Kayankulam Passenger,Pass,Passenger,SR,ALLP,ALLEPPEY,KYJ,KAYANKULAM JN,44,1,10,06:15:00,05:05:00,56378,0,0,0,0,0,0
56379,Ernakulam Alappuzha Passenger,Pass,Passenger,SR,ERS,ERNAKULAM JN,ALLP,ALLEPPEY,57,2,0,09:30:00,07:30:00,,0,0,0,0,0,0
56380,Kayankulam Ernakulam Passenger,Pass,Passenger,SR,KYJ,KAYANKULAM JN,ERS,ERNAKULAM JN,101,3,5,11:40:00,08:35:00,56381,0,0,0,0,0,0
56381,Ernakulam Kayankulam Passenger,Pass,Passenger,SR,ERS,ERNAKULAM JN,KYJ,KAYANKULAM JN,101,2,20,12:20:00,10:00:00,56380,0,0,0,0,0,0
56382,Kayankulam Ernakulam Passenger,Pass,Passenger,SR,KYJ,KAYANKULAM JN,ERS,ERNAKULAM JN,101,2,25,15:25:00,13:00:00,56381,0,0,0,0,0,0
56383,Ernakulam Kayankulam Passenger,Pass,Passenger,SR,ERS,ERNAKULAM JN,KYJ,KAYANKULAM JN,101,3,15,21:15:00,18:00:00,56382,0,0,0,0,0,0
56384,Alappuzha Ernakulam Passenger,Pass,Passenger,SR,ALLP,ALLEPPEY,ERS,ERNAKULAM JN,57,1,45,19:30:00,17:45:00,,0,0,0,0,0,0
56391,Ernakulam Kollam Passenger,Pass,Passenger,SR,ERS,ERNAKULAM JN,QLN,KOLLAM JN,156,4,30,22:35:00,18:05:00,56392,0,0,0,0,0,0
56392,Kollam Ernakulam Passenger,Pass,Passenger,SR,QLN,KOLLAM JN,ERS,ERNAKULAM JN,156,4,20,08:40:00,04:20:00,56391,0,0,0,0,0,0
56501,Vijayawada Hubli Passenger,Pass,Passenger,SWR,BZA,VIJAYAWADA JN,UBL,HUBLI JN,693,21,20,04:30:00,07:10:00,56502,1,0,0,0,0,0
56502,Hubli Vijayawada Passenger,Pass,Passenger,SWR,UBL,HUBLI JN,BZA,VIJAYAWADA JN,693,19,0,18:30:00,23:30:00,56501,1,0,0,0,0,0
56507,Swarna passenger Marikuppam Bangalore,Pass,Passenger,SWR,MKM,Marikuppam,SBC,BANGALORE CITY JN,86,2,55,09:15:00,06:20:00,56508,0,0,0,0,0,0
56508,Bangalore-Marikuppam Swarna Pass.,Pass,Passenger,SWR,SBC,BANGALORE CITY JN,MKM,Marikuppam,86,2,30,20:35:00,18:05:00,56507,0,0,0,0,0,0
56509,Marikuppam Bangalore Passenger,Pass,Passenger,SWR,MKM,Marikuppam,SBC,BANGALORE CITY JN,86,3,0,17:00:00,14:00:00,56508,0,0,0,0,0,0
56510,Bangalore Marikuppam passenger,Pass,Passenger,SWR,SBC,BANGALORE CITY JN,MKM,Marikuppam,86,2,35,09:35:00,07:00:00,56509,0,0,0,0,0,0
56512,Marikuppam Bangarpet passenger,Pass,Passenger,SWR,MKM,Marikuppam,BWT,BANGARAPET,16,0,35,21:25:00,20:50:00,56511,0,0,0,0,0,0
56513,Salem Bangalore passenger,Pass,Passenger,SWR,SA,SALEM JN,SBC,BANGALORE CITY JN,218,5,30,19:00:00,13:30:00,56514,0,0,0,0,0,0
56514,Bangalore Salem Passenger,Pass,Passenger,SWR,SBC,BANGALORE CITY JN,SA,SALEM JN,218,5,35,12:50:00,07:15:00,56513,0,0,0,0,0,0
56517,Chitradurga Harihar Passenger,Pass,Passenger,SWR,CTA,Chitradurg,HRR,HARIHAR,91,2,30,20:15:00,17:45:00,56518,0,0,0,0,0,0
56518,Harihar Chitradurga Passenger,Pass,Passenger,SWR,HRR,HARIHAR,CTA,Chitradurg,91,2,30,09:40:00,07:10:00,56517,0,0,0,0,0,0
56519,Bangalore Chitradurga Passenger,Pass,Passenger,SWR,JRU,CHIKJAJUR JN,CTA,Chitradurg,33,1,5,16:30:00,15:25:00,56520,0,0,0,0,0,0
56520,Chitradura Bangalore Passenger,Pass,Passenger,SWR,CTA,Chitradurg,JRU,CHIKJAJUR JN,33,0,55,11:35:00,10:40:00,56519,0,0,0,0,0,0
56525,Bangalore Chik ballapur Passenger,Pass,Passenger,SWR,SBC,BANGALORE CITY JN,CBP,Chik Ballapur,64,1,50,19:50:00,18:00:00,56526,0,0,0,0,0,0
56526,Chik Ballapur Bangalore Passenger,Pass,Passenger,SWR,CBP,Chik Ballapur,SBC,BANGALORE CITY JN,64,1,50,09:45:00,07:55:00,56525,0,0,0,0,0,0
56527,Kanyakumari Nagercoil Passenger,Pass,Passenger,SWR,CAPE,KANYAKUMARI,NCJ,NAGERCOIL JN,15,0,20,21:00:00,20:40:00,56528,0,0,0,0,0,0
56528,Nagercoil Kanyakumari Passenger,Pass,Passenger,SWR,NCJ,NAGERCOIL JN,CAPE,KANYAKUMARI,15,0,25,09:35:00,09:10:00,56527,0,0,0,0,0,0
56601,Shoranur Kozhikode Passenger,Pass,Passenger,SR,SRR,SHORANUR JN,CLT,KOZHIKODE,86,2,15,20:00:00,17:45:00,56600,0,0,0,0,0,0
56613,Shoranur Nilambur Fast Passenger,Pass,Passenger,SR,SRR,SHORANUR JN,NIL,Nilambur Road,67,1,45,11:05:00,09:20:00,56612,0,0,0,0,0,0
56615,Shoranur Nilambur Passenger,Pass,Passenger,SR,SRR,SHORANUR JN,NIL,Nilambur Road,67,1,45,13:50:00,12:05:00,56614,0,0,0,0,0,0
56640,Mangalore-Verna Passenger,Pass,Passenger,KR,MAQ,MANGALORE CNTL,VEN,VERNA,454,7,0,13:20:00,06:20:00,56641,0,0,0,0,0,0
56641,Verna Mangalore Passenger,Pass,Passenger,SR,VEN,VERNA,MAQ,MANGALORE CNTL,454,7,0,20:55:00,13:55:00,56640,0,0,0,0,0,0
56642,Kabakaputtur Mangalore Passenger,Pass,Passenger,SR,KBPR,Kabakaputtur,MAQ,MANGALORE CNTL,49,1,35,09:15:00,07:40:00,56643,0,0,0,0,0,0
56651,Coimbatore Kannur Fast Passenger,Pass,Passenger,SR,CBE,COIMBATORE JN,CAN,KANNUR,274,7,15,21:15:00,14:00:00,56650,0,0,0,0,0,0
56700,Madurai-Kollam Passenger,Pass,Passenger,SR,MDU,MADURAI JN,QLN,KOLLAM JN,366,10,15,09:05:00,22:50:00,56701,1,0,0,0,1,0
56701,Madurai Passenger,Pass,Passenger,SR,QLN,KOLLAM JN,MDU,MADURAI JN,366,11,30,05:40:00,18:10:00,56700,1,0,0,0,1,0
56602,Kannur Shoranur Passenger,Pass,Passenger,SR,CAN,KANNUR,SRR,SHORANUR JN,175,5,45,20:35:00,14:50:00,,0,0,0,0,0,0
56603,Thrissur Kannur Passenger,Pass,Passenger,SR,TCR,THRISUR,CAN,KANNUR,208,6,25,12:20:00,05:55:00,,0,0,0,0,0,0
56604,Shoranur Coimbatore Passenger,Pass,Passenger,SR,SRR,SHORANUR JN,CBE,COIMBATORE JN,101,2,45,10:45:00,08:00:00,,0,0,0,0,0,0
56606,Ernakulam Shoranur Passenger,Pass,Passenger,SR,ERS,ERNAKULAM JN,SRR,SHORANUR JN,107,3,25,10:55:00,07:30:00,56607,0,0,0,0,0,0
56607,Shoranur Ernakulam Passenger,Pass,Passenger,SR,SRR,SHORANUR JN,ERS,ERNAKULAM JN,107,3,10,08:00:00,04:50:00,56606,0,0,0,0,0,0
56608,Ernakulam Shoranur Passenger,Pass,Passenger,SR,ERS,ERNAKULAM JN,SRR,SHORANUR JN,107,3,45,21:15:00,17:30:00,56607,0,0,0,0,0,0
56609,Shoranur Ernakulam Passenger,Pass,Passenger,SR,SRR,SHORANUR JN,ERS,ERNAKULAM JN,107,3,0,20:00:00,17:00:00,56608,0,0,0,0,0,0
56610,Nilambur Palakkad Passenger,Pass,Passenger,SR,NIL,Nilambur Road,PGT,PALAKKAD,112,4,5,21:15:00,17:10:00,56611,0,0,0,0,0,0
56612,Nilambur Shoranur Passenger,Pass,Passenger,SR,NIL,Nilambur Road,SRR,SHORANUR JN,67,1,50,08:35:00,06:45:00,56613,0,0,0,0,0,0
56616,Nilambur Shoranur Fast Passenger,Pass,Passenger,SR,NIL,Nilambur Road,SRR,SHORANUR JN,67,1,50,13:40:00,11:50:00,56617,0,0,0,0,0,0
56617,Shoranur Nilambur Passenger,Pass,Passenger,SR,SRR,SHORANUR JN,NIL,Nilambur Road,67,1,45,16:25:00,14:40:00,56616,0,0,0,0,0,0
56618,Nilambur Shoranur Passenger,Pass,Passenger,SR,NIL,Nilambur Road,SRR,SHORANUR JN,67,1,50,16:15:00,14:25:00,56617,0,0,0,0,0,0
56619,Shoranur Nilambur Passenger,Pass,Passenger,SR,SRR,SHORANUR JN,NIL,Nilambur Road,67,1,50,19:05:00,17:15:00,56618,0,0,0,0,0,0
56620,Nilambur Road Shoranur Pass,Pass,Passenger,SR,NIL,Nilambur Road,SRR,SHORANUR JN,67,1,50,21:20:00,19:30:00,56619,0,0,0,0,0,0
56621,Shoranur Nilambur Road Pass,Pass,Passenger,SR,SRR,SHORANUR JN,NIL,Nilambur Road,67,1,45,21:30:00,19:45:00,56620,0,0,0,0,0,0
56643,Kabakaputtur Passenger,Pass,Passenger,SR,MAQ,MANGALORE CNTL,KBPR,Kabakaputtur,49,1,20,07:20:00,06:00:00,56644,0,0,0,0,0,0
56644,Kabakaputtur Mangalore Passenger,Pass,Passenger,SR,KBPR,Kabakaputtur,MAQ,MANGALORE CNTL,49,1,35,21:30:00,19:55:00,56643,0,0,0,0,0,0
56645,Kabakaputtur Passenger,Pass,Passenger,SR,MAQ,MANGALORE CNTL,KBPR,Kabakaputtur,49,1,20,19:40:00,18:20:00,56644,0,0,0,0,0,0
56646,Subramanya Road Mangalore Passenger,Pass,Passenger,SR,SBHR,Subrahmanya Road,MAQ,MANGALORE CNTL,92,2,30,15:55:00,13:25:00,56647,0,0,0,0,0,0
56647,Subrahmanya Road Passenger,Pass,Passenger,SR,MAQ,MANGALORE CNTL,SBHR,Subrahmanya Road,92,2,15,12:30:00,10:15:00,56646,0,0,0,0,0,0
56650,Kannur Coimbatore Fast Passenger,Pass,Passenger,SR,CAN,KANNUR,CBE,COIMBATORE JN,276,7,40,13:25:00,05:45:00,56651,0,0,0,0,0,0
56652,Kannur Kozhikkode Passenger,Pass,Passenger,SR,CAN,KANNUR,CLT,KOZHIKODE,89,2,25,19:55:00,17:30:00,56653,0,0,0,0,0,0
56653,Kozhikode Kannur Passenger,Pass,Passenger,SR,CLT,KOZHIKODE,CAN,KANNUR,89,2,25,09:25:00,07:00:00,56652,0,0,0,0,0,0
56654,Kozhikode Passenger,Pass,Passenger,SR,MAQ,MANGALORE CNTL,CLT,KOZHIKODE,221,5,40,11:05:00,05:25:00,,0,0,0,0,0,0
56655,Kannur Mangalore Passenger,Pass,Passenger,SR,CAN,KANNUR,MAQ,MANGALORE CNTL,132,3,25,10:45:00,07:20:00,56656,0,0,0,0,0,0
56656,Kannur Passenger,Pass,Passenger,SR,MAQ,MANGALORE CNTL,CAN,KANNUR,132,4,0,20:35:00,16:35:00,56655,0,0,0,0,0,0
56657,Calicut Kannur Passenger,Pass,Passenger,SR,CLT,KOZHIKODE,CAN,KANNUR,89,2,20,16:40:00,14:20:00,,0,0,0,0,0,0
56659,Kannur Charvattur Passenger,Pass,Passenger,SR,CAN,KANNUR,CHV,CHARVATTUR,49,1,10,18:30:00,17:20:00,,0,0,0,0,0,0
56661,Charvattur Mangalore Passenger,Pass,Passenger,SR,CHV,CHARVATTUR,MAQ,MANGALORE CNTL,83,2,5,08:35:00,06:30:00,,0,0,0,0,0,0
56703,TIRUCHCHIRAPALI  - DINDIGUL PASSENGER,Pass,Passenger,SR,TPJ,TIRUCHIRAPPALLI,DG,DINDIGUL JN,170,2,25,20:25:00,18:00:00,56704,0,0,0,0,0,0
56707,Dindigul Madurai Passenger,Pass,Passenger,SR,DG,DINDIGUL JN,MDU,MADURAI JN,62,1,15,09:10:00,07:55:00,56708,0,0,0,0,0,0
56708,Madurai Dindigul Passenger,Pass,Passenger,SR,MDU,MADURAI JN,DG,DINDIGUL JN,62,1,30,19:40:00,18:10:00,56709,0,0,0,0,0,0
56709,Dindigul Madurai Passenger,Pass,Passenger,SR,DG,DINDIGUL JN,MDU,MADURAI JN,62,1,35,19:35:00,18:00:00,56708,0,0,0,0,0,0
56710,Madurai Dindigul Passenger,Pass,Passenger,SR,MDU,MADURAI JN,DG,DINDIGUL JN,62,1,30,09:15:00,07:45:00,56709,0,0,0,0,0,0
56712,Trichy Nagore Passenger,Pass,Passenger,SR,TPJ,TIRUCHIRAPPALLI,NCR,Nagore,135,4,10,14:15:00,10:05:00,56711,0,0,0,0,0,0
56714,Tiruchirapalli Nagore Passenger,Pass,Passenger,SR,TPJ,TIRUCHIRAPPALLI,NCR,Nagore,135,4,40,10:50:00,06:10:00,56713,0,0,0,0,0,0
56733,MADURAI - SENGOTTAI  PASSENGER,Pass,Passenger,SR,MDU,MADURAI JN,SCT,SENGOTTAI,173,3,40,15:05:00,11:25:00,56732,0,0,0,0,0,0
56734,SENGOTTAI - MADURAI PASSENGER,Pass,Passenger,SR,SCT,SENGOTTAI,MDU,MADURAI JN,173,3,50,15:50:00,12:00:00,56735,0,0,0,0,0,0
56735,MADURAI  - SENGOTTAI PASSENGER,Pass,Passenger,SR,MDU,MADURAI JN,SCT,SENGOTTAI,173,3,45,21:05:00,17:20:00,56734,0,0,0,0,0,0
56736,Sengottail Madurai Passenger,Pass,Passenger,SR,SCT,SENGOTTAI,MDU,MADURAI JN,173,3,40,19:30:00,15:50:00,56735,0,0,0,0,0,0
56806,Tiruchchirapalli Cuddalore Port Passenger,Pass,Passenger,SR,TPJ,TIRUCHIRAPPALLI,CUPJ,CUDDALORE PORT,180,5,25,20:30:00,15:05:00,56805,0,0,0,0,0,0
56808,Tiruchchirapalli Villupuram Passenger,Pass,Passenger,SR,TPJ,TIRUCHIRAPPALLI,VRI,VRIDHACHALAM JN,123,3,45,22:00:00,18:15:00,56807,0,0,0,0,0,0
56812,Tiruchchirapalli Mayiladuturai Passenger,Pass,Passenger,SR,TPJ,TIRUCHIRAPPALLI,MV,MAYILADUTURAI JN,120,3,20,21:25:00,18:05:00,56811,0,0,0,0,0,0
56821,MAYILADUTURAI  - DINDIGUL PASSENGER,Pass,Passenger,SR,MV,MAYILADUTURAI JN,DG,DINDIGUL JN,437,11,20,22:20:00,11:00:00,56822,0,0,0,0,0,0
56824,Tiruchchirapalli Mayiladuturai Passenger,Pass,Passenger,SR,TPJ,TIRUCHIRAPPALLI,MV,MAYILADUTURAI JN,120,3,35,10:45:00,07:10:00,56823,0,0,0,0,0,0
56826,Tirnunelveli Erode Passenger,Pass,Passenger,SR,TEN,TIRUNELVELI,ED,ERODE JN,358,8,50,14:15:00,05:25:00,56825,0,0,0,0,0,0
56829,Tiruchchirapalli Rameswaram Passenger,Pass,Passenger,SR,TPJ,TIRUCHIRAPPALLI,RMM,RAMESWARAM,266,6,30,12:45:00,06:15:00,56830,0,0,0,0,0,0
14523,Harihar Express,Exp,Express,NR,MFP,MUZAFFARPUR JN,UMB,AMBALA CANT JN,1201,24,30,07:55:00,07:25:00,14524,1,1,0,0,0,0
53426,KIUL JAMALPUR PASS,Pass,Passenger,ER,KIUL,KIUL JN,JMP,JAMALPUR JN,54,1,10,23:15:00,22:05:00,53427,0,0,0,0,0,0
53428,KIUL JAMALPUR PASS,Pass,Passenger,ER,KIUL,KIUL JN,JMP,JAMALPUR JN,54,1,15,06:45:00,05:30:00,53427,0,0,0,0,0,0
55610,FKM - DBB FAST PASSENGER,Pass,Passenger,NFR,FKM,FAKIRAGRAM JN,DBB,DHUBRI,267,7,0,05:15:00,22:15:00,55609,0,0,0,0,0,0
56704,DINDIGUL - TIRUCHCHIRAPALI PASSENGER,Pass,Passenger,SR,DG,DINDIGUL JN,TPJ,TIRUCHIRAPPALLI,170,2,15,08:30:00,06:15:00,56703,0,0,0,0,0,0
56705,VILLUPURAM  - MADURAI PASSENGER,Pass,Passenger,SR,VM,VILLUPURAM JN,MDU,MADURAI JN,334,9,45,00:35:00,14:50:00,56706,0,0,0,0,0,0
56706,MADURAI - VILLUPURAM PASSENGER,Pass,Passenger,SR,MDU,MADURAI JN,VM,VILLUPURAM JN,337,11,30,12:15:00,00:45:00,56705,0,0,0,0,0,0
56711,Nagore Trichy Passenger,Pass,Passenger,SR,NCR,Nagore,TPJ,TIRUCHIRAPPALLI,135,4,40,17:20:00,12:40:00,56712,0,0,0,0,0,0
56713,Nagore Trichy Passenger,Pass,Passenger,SR,NCR,Nagore,TPJ,TIRUCHIRAPPALLI,135,4,20,19:20:00,15:00:00,56712,0,0,0,0,0,0
56721,Madurai Rameswaram Passenger,Pass,Passenger,SR,MDU,MADURAI JN,RMM,RAMESWARAM,161,3,35,03:45:00,00:10:00,56722,0,0,0,0,0,0
56722,Rameswaram Madurai Passenger,Pass,Passenger,SR,RMM,RAMESWARAM,MDU,MADURAI JN,161,4,0,04:05:00,00:05:00,56721,0,0,0,0,0,0
56724,Rameswaram Madurai Passenger,Pass,Passenger,SR,RMM,RAMESWARAM,MDU,MADURAI JN,161,3,55,09:20:00,05:25:00,56725,0,0,0,0,0,0
56725,Madurai Rameswaram Passenger,Pass,Passenger,SR,MDU,MADURAI JN,RMM,RAMESWARAM,161,4,20,22:35:00,18:15:00,56726,0,0,0,0,0,0
56726,Rameswaram Madurai Passenger,Pass,Passenger,SR,RMM,RAMESWARAM,MDU,MADURAI JN,161,3,45,21:20:00,17:35:00,56725,0,0,0,0,0,0
56761,Tirunelveli Tiruchendur Passenger,Pass,Passenger,SR,TEN,TIRUNELVELI,TCN,Tiruchendur,61,1,50,08:50:00,07:00:00,56762,0,0,0,0,0,0
56762,Tiruchendur Tirunelveli Passenger,Pass,Passenger,SR,TCN,Tiruchendur,TEN,TIRUNELVELI,61,1,45,09:05:00,07:20:00,56761,0,0,0,0,0,0
56763,Tirunelveli Tiruchendur Passenger,Pass,Passenger,SR,TEN,TIRUNELVELI,TCN,Tiruchendur,61,1,45,11:20:00,09:35:00,56764,0,0,0,0,0,0
56764,Tiruchendur Tirunelveli Passenger,Pass,Passenger,SR,TCN,Tiruchendur,TEN,TIRUNELVELI,61,1,30,17:45:00,16:15:00,56763,0,0,0,0,0,0
56765,Tirunelveli Tiruchendur Passenger,Pass,Passenger,SR,TEN,TIRUNELVELI,TCN,Tiruchendur,61,1,55,20:10:00,18:15:00,56764,0,0,0,0,0,0
56766,Tiruchendur Tirunelveli Passenger,Pass,Passenger,SR,TCN,Tiruchendur,TEN,TIRUNELVELI,61,1,45,19:45:00,18:00:00,56765,0,0,0,0,0,0
56767,Tuticorin Tiruchendur Passenger,Pass,Passenger,SR,TN,TUTICORIN,TCN,Tiruchendur,121,4,25,13:10:00,08:45:00,56768,0,0,0,0,0,0
56768,Tiruchendur Tuticorin Passenger,Pass,Passenger,SR,TCN,Tiruchendur,TN,TUTICORIN,121,4,25,18:45:00,14:20:00,56767,0,0,0,0,0,0
56805,Cuddalore Port Tiruchchirapalli Passenger,Pass,Passenger,SR,CUPJ,CUDDALORE PORT,TPJ,TIRUCHIRAPPALLI,180,4,50,10:50:00,06:00:00,56806,0,0,0,0,0,0
56807,Vriddhachalam Tiruchchirapalli Passenger,Pass,Passenger,SR,VRI,VRIDHACHALAM JN,TPJ,TIRUCHIRAPPALLI,123,3,30,09:00:00,05:30:00,56808,0,0,0,0,0,0
56811,Mayiladuturai Tiruchchirapalli Passenger,Pass,Passenger,SR,MV,MAYILADUTURAI JN,TPJ,TIRUCHIRAPPALLI,120,3,30,09:10:00,05:40:00,56812,0,0,0,0,0,0
56822,DINDIGUL - MAYILADUTURAI PASSENGER,Pass,Passenger,SR,DG,DINDIGUL JN,MV,MAYILADUTURAI JN,214,5,30,16:45:00,11:15:00,56821,0,0,0,0,0,0
56823,Mayiladuturai Tiruchchirapalli Passenger,Pass,Passenger,SR,MV,MAYILADUTURAI JN,TPJ,TIRUCHIRAPPALLI,120,3,5,21:05:00,18:00:00,56824,0,0,0,0,0,0
56827,Tuticorin Tirunelveli Passenger,Pass,Passenger,SR,TN,TUTICORIN,TEN,TIRUNELVELI,60,2,40,20:30:00,17:50:00,56828,0,0,0,0,0,0
56828,Tirunelveli Tuticorin Passenger,Pass,Passenger,SR,TEN,TIRUNELVELI,TN,TUTICORIN,60,2,10,09:25:00,07:15:00,56827,0,0,0,0,0,0
56830,Rameswaram Trichy Passenger,Pass,Passenger,SR,RMM,RAMESWARAM,TPJ,TIRUCHIRAPPALLI,266,6,50,21:00:00,14:10:00,56829,0,0,0,0,0,0
56835,Vriddhachalam Salem Passenger,Pass,Passenger,SR,VRI,VRIDHACHALAM JN,SA,SALEM JN,145,3,20,09:20:00,06:00:00,56836,0,0,0,0,0,0
56836,Salem Vriddhachalam Passenger,Pass,Passenger,SR,SA,SALEM JN,VRI,VRIDHACHALAM JN,145,3,35,22:05:00,18:30:00,56835,0,0,0,0,0,0
56837,Vriddhachalam Salem Passenger,Pass,Passenger,SR,VRI,VRIDHACHALAM JN,SA,SALEM JN,145,3,45,17:00:00,13:15:00,56836,0,0,0,0,0,0
56838,Salem Vriddhachalam Passenger,Pass,Passenger,SR,SA,SALEM JN,VRI,VRIDHACHALAM JN,145,3,15,12:55:00,09:40:00,56837,0,0,0,0,0,0
56839,Jolarpettai Erode Passenger,Pass,Passenger,SR,JTJ,JOLARPETTAI,ED,ERODE JN,182,4,15,19:35:00,15:20:00,56840,0,0,0,0,0,0
56840,Erode Jolarpettai Passenger,Pass,Passenger,SR,ED,ERODE JN,JTJ,JOLARPETTAI,182,5,5,11:25:00,06:20:00,56839,0,0,0,0,0,0
56845,Jolarpettai Erode Passenger,Pass,Passenger,SR,JTJ,JOLARPETTAI,ED,ERODE JN,182,4,20,10:00:00,05:40:00,56846,0,0,0,0,0,0
56846,Erode Jolarpettai Passenger,Pass,Passenger,SR,ED,ERODE JN,JTJ,JOLARPETTAI,182,4,55,21:15:00,16:20:00,56845,0,0,0,0,0,0
56859,Tambaram Villupuram Passenger,Pass,Passenger,SR,TBM,TAMBARAM,VM,VILLUPURAM JN,133,3,0,21:05:00,18:05:00,56860,0,0,0,0,0,0
56861,Villupuram-Puducherry Passenger,Pass,Passenger,SR,VM,VILLUPURAM JN,PDY,Puducherry,38,0,50,07:25:00,06:35:00,56862,0,0,0,0,0,0
56863,Villupuram-Puducherry Passenger,Pass,Passenger,SR,VM,VILLUPURAM JN,PDY,Puducherry,38,0,50,15:35:00,14:45:00,56864,0,0,0,0,0,0
56865,Puducherry-Villupuram Passenger,Pass,Passenger,SR,VM,VILLUPURAM JN,PDY,Puducherry,38,0,45,18:25:00,17:40:00,56864,0,0,0,0,0,0
56873,Villupuram Mayiladuthurai Passenger,Pass,Passenger,SR,VM,VILLUPURAM JN,MV,MAYILADUTURAI JN,123,3,40,09:10:00,05:30:00,56874,0,0,0,0,0,0
56877,Villupuram-Mayiladuthurai Passenger,Pass,Passenger,SR,VM,VILLUPURAM JN,MV,MAYILADUTURAI JN,123,3,25,21:10:00,17:45:00,56878,0,0,0,0,0,0
56904,Dharwar Solapur Passenger,Pass,Passenger,?,DWR,DHARWAR,SUR,SOLAPUR JN,378,9,50,03:30:00,17:40:00,56903,1,0,0,0,0,0
56905,Solapur-Hubli Passenger,Pass,Passenger,SWR,SUR,SOLAPUR JN,UBL,HUBLI JN,359,9,15,14:00:00,04:45:00,56906,0,0,0,0,0,0
56906,Hubli - Solapur Passenger,Pass,Passenger,SWR,UBL,HUBLI JN,SUR,SOLAPUR JN,359,9,30,22:40:00,13:10:00,56905,0,0,0,0,0,0
55029,Muzaffarpur Gorakhpur Passenger,Pass,Passenger,NER,MFP,MUZAFFARPUR JN,GKP,GORAKHPUR JN,310,10,40,23:40:00,13:00:00,55030,0,0,0,0,0,0
56833,Cuddalore Vriddhachalam Passenger,Pass,Passenger,SR,CUPJ,CUDDALORE PORT,VRI,VRIDHACHALAM JN,57,1,15,22:05:00,20:50:00,56834,0,0,0,0,0,0
56841,Tiruchchirapalli Erode Passenger,Pass,Passenger,SR,TPJ,TIRUCHIRAPPALLI,ED,ERODE JN,141,4,15,11:00:00,06:45:00,56842,0,0,0,0,0,0
56843,Tiruchchirapalli Erode Passenger,Pass,Passenger,SR,TPJ,TIRUCHIRAPPALLI,ED,ERODE JN,141,4,0,20:00:00,16:00:00,56844,0,0,0,0,0,0
56847,Trichy Palakkad Town Passenger,Pass,Passenger,SR,TPJ,TIRUCHIRAPPALLI,PGTN,PALGHAT TOWN,301,7,40,20:40:00,13:00:00,56848,0,0,0,0,0,0
56848,Palghat Town Tiruchchirapalli Passenger,Pass,Passenger,SR,PGTN,PALGHAT TOWN,TPJ,TIRUCHIRAPPALLI,301,7,15,13:45:00,06:30:00,56847,0,0,0,0,0,0
56851,Nagore Trichy Passenger,Pass,Passenger,SR,NCR,Nagore,TPJ,TIRUCHIRAPPALLI,135,4,55,11:30:00,06:35:00,56852,0,0,0,0,0,0
56852,Trichy Nagore Passenger,Pass,Passenger,SR,TPJ,TIRUCHIRAPPALLI,NCR,Nagore,135,4,25,20:55:00,16:30:00,56851,0,0,0,0,0,0
56862,Puducherry-Villupuram Passenger,Pass,Passenger,SR,PDY,Puducherry,VM,VILLUPURAM JN,38,0,45,08:50:00,08:05:00,56861,0,0,0,0,0,0
56864,Puducherry-Villupuram Passenger,Pass,Passenger,SR,PDY,Puducherry,VM,VILLUPURAM JN,38,0,50,16:50:00,16:00:00,56863,0,0,0,0,0,0
56866,Puducherry-Villupuram Passenger,Pass,Passenger,SR,PDY,Puducherry,VM,VILLUPURAM JN,38,0,50,20:25:00,19:35:00,56865,0,0,0,0,0,0
56874,Mayiladuthurai Villupuram Passenger,Pass,Passenger,SR,MV,MAYILADUTURAI JN,VM,VILLUPURAM JN,123,3,40,09:20:00,05:40:00,56873,0,0,0,0,0,0
56878,Mayiladuthurai-Villupuram Passenger,Pass,Passenger,SR,MV,MAYILADUTURAI JN,VM,VILLUPURAM JN,123,3,50,21:20:00,17:30:00,56877,0,0,0,0,0,0
56890,Tiruturaipdi Tiruvarur Passenger,Pass,Passenger,SR,TTP,Tiruturaipudi Junction,TVR,THIRUVARUR JN,26,0,55,08:05:00,07:10:00,56889,0,0,0,0,0,0
56891,Thiruvarur Karaikkudi Passenger,Pass,Passenger,SR,TVR,THIRUVARUR JN,KKDI,Karaikkudi Junction,149,4,50,13:00:00,08:10:00,56892,0,0,0,0,0,0
56892,Karaikkudi Thiruvarur Passenger,Pass,Passenger,SR,KKDI,Karaikkudi Junction,TVR,THIRUVARUR JN,149,4,45,18:45:00,14:00:00,56891,0,0,0,0,0,0
56893,Thiruvarur Karaikkudi Passenger,Pass,Passenger,SR,TVR,THIRUVARUR JN,KKDI,Karaikkudi Junction,149,4,40,22:45:00,18:05:00,56894,0,0,0,0,0,0
56894,Karaikkudi Thiruvarur Passenger,Pass,Passenger,SR,KKDI,Karaikkudi Junction,TVR,THIRUVARUR JN,149,4,35,10:15:00,05:40:00,56893,0,0,0,0,0,0
56902,Dharwar Hubil Passenger,Pass,Passenger,SWR,DWR,DHARWAR,UBL,HUBLI JN,21,0,50,09:30:00,08:40:00,,0,0,0,0,0,0
56907,Hubli Dharwar Passenger,Pass,Passenger,SWR,UBL,HUBLI JN,DWR,DHARWAR,21,0,45,19:10:00,18:25:00,,0,0,0,0,0,0
56909,Bangalore Hospet Passenger,Pass,Passenger,SWR,SBC,BANGALORE CITY JN,UBL,HUBLI JN,469,12,30,10:45:00,22:15:00,,1,0,0,0,0,0
56909-Slip,Bangalore Hospet Passenger Slip,Pass,Passenger,SWR,SBC,BANGALORE CITY JN,HPT,HOSPET JN,529,14,25,12:40:00,22:15:00,56910,1,0,0,0,0,0
56910,Bangalore Passenger,Pass,Passenger,SWR,HPT,HOSPET JN,SBC,BANGALORE CITY JN,529,15,45,05:15:00,13:30:00,56909-Slip,1,0,0,0,0,0
56911,Bangalore Hubli passenger,Pass,Passenger,SWR,JRU,CHIKJAJUR JN,UBL,HUBLI JN,189,5,15,10:45:00,05:30:00,,0,0,0,0,0,0
56912,Hubli Bangalore Passenger,Pass,Passenger,SWR,UBL,HUBLI JN,SBC,BANGALORE CITY JN,469,11,55,05:15:00,17:20:00,56913,1,0,0,0,0,0
56913,Bangalore Hubli Fast Passenger,Pass,Passenger,SWR,SBC,BANGALORE CITY JN,UBL,HUBLI JN,471,11,15,17:45:00,06:30:00,56914,0,0,0,0,0,0
56914,Hubli Bangalore passenger,Pass,Passenger,SWR,UBL,HUBLI JN,SBC,BANGALORE CITY JN,471,11,25,21:10:00,09:45:00,56913,0,0,0,0,0,0
56915,Hubli Passenger Slip,Pass,Passenger,SWR,JRU,CHIKJAJUR JN,UBL,HUBLI JN,189,5,20,08:50:00,03:30:00,56916,1,0,0,0,0,0
56916,Hubli Chikjajur Passenger,Pass,Passenger,?,UBL,HUBLI JN,JRU,CHIKJAJUR JN,189,4,35,23:25:00,18:50:00,56915,0,0,0,0,0,0
56917,Bangalore Shimoga Slip,Pass,Passenger,SWR,RRB,BIRUR JN,SMET,Shimoga Town,63,1,45,13:15:00,11:30:00,56918,0,0,0,0,0,0
56918,Shimoga Bangalore Passenger,Pass,Passenger,SWR,SMET,Shimoga Town,SBC,BANGALORE CITY JN,274,7,20,21:10:00,13:50:00,56917,0,0,0,0,0,0
56961,KULEM - VASCO DAGAMA Passenger,Pass,Passenger,KR,QLM,KULEM,VSG,VASCO DA GAMA,55,1,50,08:20:00,06:30:00,56962,0,0,0,0,0,0
56963,KULEM - VASCO DA GAMA Passenger,Pass,Passenger,KR,QLM,KULEM,VSG,VASCO DA GAMA,55,1,40,14:00:00,12:20:00,56962,0,0,0,0,0,0
56964,VASCO DA GAMA - KULEM Passenger,Pass,Passenger,KR,VSG,VASCO DA GAMA,QLM,KULEM,55,1,50,15:00:00,13:10:00,56965,0,0,0,0,0,0
57129,Bijapur-Bolarum Passenger,Pass,Passenger,SCR,BJP,BIJAPUR,BMO,BOLARUM,456,14,25,08:45:00,18:20:00,,1,0,0,0,0,0
57130,Hyderabad Bijapur Passenger,Pass,Passenger,SCR,HYB,HYDERABAD DECCAN,BJP,BIJAPUR,444,14,50,10:40:00,19:50:00,,1,0,0,0,0,0
57131,Bolarum Hyderabad Passenger,Pass,Passenger,SCR,BMO,BOLARUM,HYB,HYDERABAD DECCAN,21,1,10,10:15:00,09:05:00,,0,0,0,0,0,0
57133,Bijapur Raichur Passenger,Pass,Passenger,SWR,BJP,BIJAPUR,RC,RAICHUR,367,10,0,21:25:00,11:25:00,57134,0,0,0,0,0,0
57134,Raichur Bijapur Passenger,Pass,Passenger,SWR,RC,RAICHUR,BJP,BIJAPUR,367,9,30,16:30:00,07:00:00,57133,0,0,0,0,0,0
57139,Dornakal Manuguru Passenger,Pass,Passenger,SCR,DKJ,DORNAKAL JN,MUGR,Manuguru,107,4,5,07:05:00,03:00:00,,0,0,0,0,0,0
57145,Dornakal Bhadrachalam Passenger,Pass,Passenger,?,DKJ,DORNAKAL JN,BDCR,Bhadrachalam Road,54,1,40,09:40:00,08:00:00,57146,0,0,0,0,0,0
57146,Bhadrachalam Dornakal Passenger,Pass,Passenger,?,BDCR,Bhadrachalam Road,DKJ,DORNAKAL JN,54,1,40,18:40:00,17:00:00,57145,0,0,0,0,0,0
57156,Hyderabad Gulbarga Passenger,Pass,Passenger,SCR,HYB,HYDERABAD DECCAN,GR,GULBARGA,223,6,40,23:10:00,16:30:00,57155,0,0,0,0,0,0
57201,Vijayawada Rajahmundry Passenger,Pass,Passenger,SCR,BZA,VIJAYAWADA JN,RJY,RAJAMUNDRY,149,4,30,09:00:00,04:30:00,57200,0,0,0,0,0,0
57207,Tenali Markapur Road Passenger,Pass,Passenger,SCR,TEL,TENALI JN,MRK,MARKAPUR ROAD,170,4,25,09:35:00,05:10:00,,0,0,0,0,0,0
57208,Markapur Road Guntur Passenger,Pass,Passenger,SCR,MRK,MARKAPUR ROAD,GNT,GUNTUR JN,144,3,40,13:30:00,09:50:00,,0,0,0,0,0,0
57235,Rajamundry Visakhapatnam Passenger,Pass,Passenger,SCR,RJY,RAJAMUNDRY,VSKP,VISHAKAPATNAM,200,4,42,16:35:00,11:53:00,57236,0,0,0,0,0,0
53131,Sealdah Muzaffarpur Fast Passenger,Pass,Passenger,ER,SDAH,KOLKATA SEALDAH,MFP,MUZAFFARPUR JN,576,18,30,00:15:00,05:45:00,53132,0,0,0,0,0,0
56962,VASCO DAGAMA - KULEM Passenger,Pass,Passenger,KR,VSG,VASCO DA GAMA,QLM,KULEM,55,1,35,09:10:00,07:35:00,56961,0,0,0,0,0,0
56965,KULEM - VASCO DA GAMA Passenger,Pass,Passenger,KR,QLM,KULEM,VSG,VASCO DA GAMA,55,1,45,19:00:00,17:15:00,56966,0,0,0,0,0,0
56966,VASCO DA GAMA - KULEM Passenger,Pass,Passenger,KR,VSG,VASCO DA GAMA,QLM,KULEM,55,1,40,19:10:00,17:30:00,56965,0,0,0,0,0,0
57121,Kazipet Balharshah Passenger,Pass,Passenger,SCR,KZJ,KAZIPET JN,BPQ,BALHARSHAH,235,5,30,10:30:00,05:00:00,,0,0,0,0,0,0
57122,Sirpur Town Kazipet Passenger,Pass,Passenger,SCR,SRUR,SIRPUR TOWN,KZJ,KAZIPET JN,183,4,50,20:05:00,15:15:00,,0,0,0,0,0,0
57124,Balharshah Bhadrachalam Passenger,Pass,Passenger,SCR,BPQ,BALHARSHAH,BDCR,Bhadrachalam Road,382,10,15,21:15:00,11:00:00,,0,0,0,0,0,0
57135,Nagpur Kazipet Passenger,Pass,Passenger,SCR,NGP,NAGPUR,KZJ,KAZIPET JN,443,13,50,09:50:00,20:00:00,57136,0,0,0,0,0,0
57136,Kazipet Nagpur Passenger,Pass,Passenger,SCR,KZJ,KAZIPET JN,NGP,NAGPUR,443,14,20,11:35:00,21:15:00,57135,0,0,0,0,0,0
57140,Link Secunderabad Express,Pass,Passenger,SCR,MUGR,Manuguru,SC,SECUNDERABAD JN,331,8,15,04:45:00,20:30:00,,1,1,1,0,0,0
57155,Gulbarga-Hyderabad Passenger,Pass,Passenger,SCR,WADI,WADI,HYB,HYDERABAD DECCAN,186,4,45,09:00:00,04:15:00,57156,0,0,0,0,0,0
57202,Tenali Repalle Passenger,Pass,Passenger,SCR,TEL,TENALI JN,RAL,Repalle,34,1,0,01:15:00,00:15:00,57203,0,0,0,0,0,0
57203,Repalle Tenali Passenger,Pass,Passenger,SCR,RAL,Repalle,TEL,TENALI JN,34,1,0,04:00:00,03:00:00,57202,0,0,0,0,0,0
57209,Tenali Guntur Passenger,Pass,Passenger,SCR,TEL,TENALI JN,GNT,GUNTUR JN,26,1,0,16:15:00,15:15:00,57210,0,0,0,0,0,0
57210,Guntur Tenali Passenger,Pass,Passenger,SCR,GNT,GUNTUR JN,TEL,TENALI JN,26,0,45,14:45:00,14:00:00,57209,0,0,0,0,0,0
57216,Guntur Tenali Passenger,Pass,Passenger,SCR,GNT,GUNTUR JN,TEL,TENALI JN,26,0,45,21:45:00,21:00:00,,0,0,0,0,0,0
57217,Guntur Macherla Passenger,Pass,Passenger,SCR,GNT,GUNTUR JN,MCLA,Macherla,130,3,45,11:45:00,08:00:00,,0,0,0,0,0,0
57218,Macherla Bhimavaram Passenger,Pass,Passenger,SCR,MCLA,Macherla,BVRM,Bhimavaram Junction,268,9,10,14:40:00,05:30:00,,0,0,0,0,0,0
57219,Guntur Macherla Passenger,Pass,Passenger,SCR,GNT,GUNTUR JN,MCLA,Macherla,130,3,55,21:45:00,17:50:00,57220,0,0,0,0,0,0
57220,Macherla Guntur Passenger,Pass,Passenger,SCR,MCLA,Macherla,GNT,GUNTUR JN,130,3,10,19:40:00,16:30:00,57219,0,0,0,0,0,0
57224,Vijayawada Gudur Passenger,Pass,Passenger,SCR,BZA,VIJAYAWADA JN,GDR,GUDUR JN,294,7,50,13:00:00,05:10:00,57223,0,0,0,0,0,0
57225,Vijayawada Visakhapatnam Passenger,Pass,Passenger,SCR,BZA,VIJAYAWADA JN,VSKP,VISHAKAPATNAM,349,10,30,18:55:00,08:25:00,57226,0,0,0,0,0,0
57226,Visakhapatnam Vijayawada Passenger,Pass,Passenger,SCR,VSKP,VISHAKAPATNAM,BZA,VIJAYAWADA JN,350,9,40,18:55:00,09:15:00,57225,0,0,0,0,0,0
57229,Machilipatnam Visakhapatnam Fast Passenger,Pass,Passenger,SCR,MTM,Machilipatnam,VSKP,VISHAKAPATNAM,373,9,45,07:00:00,21:15:00,57230,1,0,0,0,0,0
57230,Visakhapatnam Machilipatnam Fast Passenger,Pass,Passenger,SCR,VSKP,VISHAKAPATNAM,MTM,Machilipatnam,373,12,10,08:20:00,20:10:00,57229,1,0,0,0,0,0
57231,Vijayawada Kakinada Port Fast Passenger,Pass,Passenger,SCR,BZA,VIJAYAWADA JN,COA,Kakinada Port,213,5,5,22:30:00,17:25:00,57232,0,0,0,0,0,0
57232,Kakinada Port Vijayawada Passenger,Pass,Passenger,SCR,COA,Kakinada Port,BZA,VIJAYAWADA JN,213,5,5,09:45:00,04:40:00,57231,0,0,0,0,0,0
57240,Bitragunta Chennai Passenger,Pass,Passenger,SCR,BTTR,BITRAGUNTA,MAS,CHENNAI CENTRAL,210,6,40,12:00:00,05:20:00,,0,0,0,0,0,0
57241,Bitragunta Vijayawada Passenger,Pass,Passenger,SCR,BTTR,BITRAGUNTA,BZA,VIJAYAWADA JN,221,5,15,09:15:00,04:00:00,57242,0,0,0,0,0,0
57242,Vijayawada bitragunta Passenger,Pass,Passenger,SCR,BZA,VIJAYAWADA JN,BTTR,BITRAGUNTA,221,5,30,20:45:00,15:15:00,57241,0,0,0,0,0,0
57254,Vijayawada Bhadrachalam Passenger,Pass,Passenger,SCR,BZA,VIJAYAWADA JN,BDCR,Bhadrachalam Road,177,4,40,12:40:00,08:00:00,57253,0,0,0,0,0,0
57257,Tirupati Kakinada Port Passenger,Pass,Passenger,SCR,TPTY,TIRUPATI MAIN,COA,Kakinada Port,601,19,40,20:45:00,01:05:00,57258,1,0,0,0,0,0
57258,Kakinada Port Tirupati Passenger,Pass,Passenger,SCR,COA,Kakinada Port,TPTY,TIRUPATI MAIN,601,19,50,02:50:00,07:00:00,57257,1,0,0,0,0,0
57259,Bhimavaram Rajamundry Passenger,Pass,Passenger,SCR,BVRM,Bhimavaram Junction,RJY,RAJAMUNDRY,68,2,5,16:50:00,14:45:00,,0,0,0,0,0,0
57260,Rajamundry Narasapur Passenger,Pass,Passenger,SCR,RJY,RAJAMUNDRY,NS,Narasapur,98,3,40,11:40:00,08:00:00,,0,0,0,0,0,0
57271,Rayagada Passenger,Pass,Passenger,SCR,BZA,VIJAYAWADA JN,RGDA,RAYAGADA,536,16,20,13:20:00,21:00:00,57272,1,0,0,0,0,0
57272,Rayagada Vijayawada Passenger,Pass,Passenger,SCR,RGDA,RAYAGADA,BZA,VIJAYAWADA JN,536,17,15,09:00:00,15:45:00,57271,1,0,0,0,0,0
57274,Tirupati Hubli InterCity Passenger,Pass,Passenger,SCR,TPTY,TIRUPATI MAIN,UBL,HUBLI JN,577,15,10,21:15:00,06:05:00,57273,1,0,0,0,0,0
57278,Vijayawada Bitragunta Passenger,Pass,Passenger,SCR,BZA,VIJAYAWADA JN,BTTR,BITRAGUNTA,221,5,25,23:40:00,18:15:00,,0,0,0,0,0,0
57279,Gudivada Narasapur Passenger,Pass,Passenger,SCR,GDV,GUDIVADA JN,NS,Narasapur,96,3,20,22:00:00,18:40:00,,0,0,0,0,0,0
57280,Bhimavaram Gudivada Passenger,Pass,Passenger,SCR,BVRM,Bhimavaram Junction,GDV,GUDIVADA JN,66,2,10,18:10:00,16:00:00,,0,0,0,0,0,0
57427,Raichur Guntakal Passenger,Pass,Passenger,SCR,RC,RAICHUR,GTL,GUNTAKAL JN,121,2,35,10:30:00,07:55:00,57428,0,0,0,0,0,0
57428,Guntakal Raichur Passenger,Pass,Passenger,SCR,GTL,GUNTAKAL JN,RC,RAICHUR,121,2,50,21:05:00,18:15:00,57427,0,0,0,0,0,0
57437,Guntakal Hindupur Passenger,Pass,Passenger,SCR,GTL,GUNTAKAL JN,HUP,HINDUPUR,197,4,55,21:10:00,16:15:00,57438,0,0,0,0,0,0
57438,Hindupur Guntakal Passenger,Pass,Passenger,SCR,HUP,HINDUPUR,GTL,GUNTAKAL JN,197,5,5,11:35:00,06:30:00,57437,0,0,0,0,0,0
57547,Hyderabad Purna Passenger,Pass,Passenger,SCR,HYB,HYDERABAD DECCAN,PAU,PURNA JN,434,12,40,20:35:00,07:55:00,57548,0,0,0,0,0,0
51111,Chalisgaon Dhule Mix Passenger,Pass,Passenger,CR,CSN,CHALISGAON JN,DHI,Dhule,56,1,15,07:25:00,06:10:00,51112,0,0,0,0,0,0
57237,Kazipet Vijayawada Passenger,Pass,Passenger,SCR,KZJ,KAZIPET JN,BZA,VIJAYAWADA JN,218,5,30,09:30:00,04:00:00,57238,0,0,0,0,0,0
57238,Vijaywada Kazipet Passenger,Pass,Passenger,SCR,BZA,VIJAYAWADA JN,KZJ,KAZIPET JN,218,6,20,19:05:00,12:45:00,57237,0,0,0,0,0,0
57239,Chennai Gudur Passenger,Pass,Passenger,SCR,MAS,CHENNAI CENTRAL,GDR,GUDUR JN,137,5,10,21:10:00,16:00:00,,0,0,0,0,0,0
57253,Bhadrachalam Vijayawada Passenger,Pass,Passenger,SCR,BDCR,Bhadrachalam Road,BZA,VIJAYAWADA JN,177,5,35,19:20:00,13:45:00,57254,0,0,0,0,0,0
57256,Visakhapatnam Kakinada Port passenger,Pass,Passenger,SCR,VSKP,VISHAKAPATNAM,COA,Kakinada Port,164,4,5,21:05:00,17:00:00,57255,0,0,0,0,0,0
57262,Nidadavolu Bhimavaram Passenger,Pass,Passenger,SCR,NDD,NIDADAVOLU JN,BVRM,Bhimavaram Junction,46,1,20,08:50:00,07:30:00,,0,0,0,0,0,0
57263,Narasapur Nidadavolu Passenger,Pass,Passenger,SCR,NS,Narasapur,NDD,NIDADAVOLU JN,76,2,20,06:40:00,04:20:00,,0,0,0,0,0,0
57264,Narasapur Visakhapatnam (LINK) Passenger,Pass,Passenger,SCR,NS,Narasapur,VSKP,VISHAKAPATNAM,300,7,55,07:00:00,23:05:00,57265,1,0,0,0,0,0
57265,Visakhapatnam Narasapur (LINK) Passenger,Pass,Passenger,SCR,VSKP,VISHAKAPATNAM,NS,Narasapur,300,8,55,05:05:00,20:10:00,57264,1,0,0,0,0,0
57273,Hubli Tirupati InterCity Passenger,Pass,Passenger,SCR,UBL,HUBLI JN,TPTY,TIRUPATI MAIN,577,15,0,21:00:00,06:00:00,57274,1,0,0,0,0,0
57285,Nadikode Macherla Passenger,Pass,Passenger,SCR,NDKD,NADIKODE,MCLA,Macherla,35,1,0,16:00:00,15:00:00,57286,0,0,0,0,0,0
57286,Macherla Nadikode Passenger,Pass,Passenger,SCR,MCLA,Macherla,NDKD,NADIKODE,35,1,0,14:05:00,13:05:00,57285,0,0,0,0,0,0
57298,Narasapur Guntur Passenger,Pass,Passenger,SCR,NS,Narasapur,GNT,GUNTUR JN,168,6,35,19:20:00,12:45:00,,0,0,0,0,0,0
57305,Kacheguda Guntur Fast Passenger,Pass,Passenger,SCR,KCG,KACHEGUDA,GNT,GUNTUR JN,622,16,35,08:45:00,16:10:00,57306,1,0,0,0,0,0
57306,Guntur Secunderabad Passenger,Pass,Passenger,SWR,GNT,GUNTUR JN,SC,SECUNDERABAD JN,630,17,0,10:30:00,17:30:00,57305,1,0,0,0,0,0
57307,Secunderabad Medchal Suburban,Pass,Passenger,SWR,SC,SECUNDERABAD JN,MED,MEDCHAL,27,1,10,12:45:00,11:35:00,57308,0,0,0,0,0,0
57308,Medchal Secunderabad Suburban,Pass,Passenger,SWR,MED,MEDCHAL,SC,SECUNDERABAD JN,27,1,10,14:45:00,13:35:00,57307,0,0,0,0,0,0
57327,Dronachellam Guntur Passenger,Pass,Passenger,SWR,DHNE,DHONE,GNT,GUNTUR JN,333,9,10,14:40:00,05:30:00,57328,0,0,0,0,0,0
57328,Guntur Dhone Passenger,Pass,Passenger,SWR,GNT,GUNTUR JN,DHNE,DHONE,333,10,20,22:30:00,12:10:00,57327,0,0,0,0,0,0
57381,Guntur Narasapur Fast Passenger,Pass,Passenger,SWR,GNT,GUNTUR JN,NS,Narasapur,168,6,5,22:40:00,16:35:00,57382,0,0,0,0,0,0
57382,Guntur Passenger,Pass,Passenger,SCR,NS,Narasapur,GNT,GUNTUR JN,169,5,20,11:35:00,06:15:00,57381,0,0,0,0,0,0
57412,Gudur Tirupati Fast Passenger,Pass,Passenger,SCR,GDR,GUDUR JN,TPTY,TIRUPATI MAIN,93,2,5,13:00:00,10:55:00,57411,0,0,0,0,0,0
57426,Gunatkal Secunderabad Passenger,Pass,Passenger,SCR,GTL,GUNTAKAL JN,SC,SECUNDERABAD JN,365,10,5,15:50:00,05:45:00,,0,0,0,0,0,0
57430,Gudur Tirupati Passenger,Pass,Passenger,SCR,GDR,GUDUR JN,TPTY,TIRUPATI MAIN,93,2,45,20:15:00,17:30:00,57429,0,0,0,0,0,0
57439,Gooty Dhone Passenger,Pass,Passenger,SCR,GY,GOOTY JN,DHNE,DHONE,55,1,20,16:50:00,15:30:00,57440,0,0,0,0,0,0
57440,Dhone Gooty Passenger,Pass,Passenger,SCR,DHNE,DHONE,GY,GOOTY JN,55,1,10,15:10:00,14:00:00,57439,0,0,0,0,0,0
57467,Kurnool Town Guntakal Passenger,Pass,Passenger,SCR,KRNT,KURNOOL TOWN,GTL,GUNTAKAL JN,122,3,0,11:10:00,08:10:00,,0,0,0,0,0,0
57469,Kurnool Town Guntakal Passenger,Pass,Passenger,SCR,KRNT,KURNOOL TOWN,GTL,GUNTAKAL JN,122,3,20,22:10:00,18:50:00,57470,0,0,0,0,0,0
57474,Bodhan Mahbubnagar Passenger,Pass,Passenger,SCR,BDHN,Bodhan,MBNR,MAHBUBNAGAR,298,8,50,13:35:00,04:45:00,,0,0,0,0,0,0
57475,Tirupati Guntakal Passenger,Pass,Passenger,SCR,TPTY,TIRUPATI MAIN,GTL,GUNTAKAL JN,370,11,30,19:30:00,08:00:00,57476,0,0,0,0,0,0
57476,Guntakal Tirupati Passenger,Pass,Passenger,SCR,GTL,GUNTAKAL JN,TPTY,TIRUPATI MAIN,370,10,55,17:55:00,07:00:00,57475,0,0,0,0,0,0
57501,Nizamabad Bodhan Passenger,Pass,Passenger,SCR,NZB,NIZAMABAD,BDHN,Bodhan,26,0,55,07:15:00,06:20:00,57502,0,0,0,0,0,0
57502,Bodhan Nizamabad Passenger,Pass,Passenger,SCR,BDHN,Bodhan,NZB,NIZAMABAD,26,0,55,08:40:00,07:45:00,57503,0,0,0,0,0,0
57503,Nizamabad Bodhan Passenger,Pass,Passenger,SCR,NZB,NIZAMABAD,BDHN,Bodhan,26,0,55,19:25:00,18:30:00,57502,0,0,0,0,0,0
57504,Bodhan Nizamabad Passenger,Pass,Passenger,SCR,BDHN,Bodhan,NZB,NIZAMABAD,26,0,55,20:40:00,19:45:00,57503,0,0,0,0,0,0
57512,Parbhani Purna Passenger,Pass,Passenger,SCR,PBN,PARBHANI JN,NED,HUZUR SAHIB NANDED,59,2,0,11:30:00,09:30:00,,0,0,0,0,0,0
57516,Nanded-Daund Junction Passenger,Pass,Passenger,SCR,NED,HUZUR SAHIB NANDED,DD,DAUND JN,586,15,5,11:55:00,20:50:00,57515,1,0,0,0,0,0
57518,Tandur Bolarum Passenger,Pass,Passenger,SCR,TDU,TANDUR,BMO,BOLARUM,127,3,45,20:00:00,16:15:00,,0,0,0,0,0,0
57519,Bolarum Secunderabad Suburban,Pass,Passenger,SCR,BMO,BOLARUM,HYB,HYDERABAD DECCAN,21,1,0,21:20:00,20:20:00,,0,0,0,0,0,0
57539,Akola Parli Vaijnath Passenger,Pass,Passenger,SCR,AK,AKOLA JN,PRLI,PARLI VAIJNATH,296,8,40,22:55:00,14:15:00,57540,0,0,0,0,0,0
57540,Akola Passenger,Pass,Passenger,SCR,PRLI,PARLI VAIJNATH,AK,AKOLA JN,296,7,45,21:00:00,13:15:00,57539,0,0,0,0,0,0
57541,Nagarsol Nanded Passenger,Pass,Passenger,SCR,NSL,NAGARSOL,NED,HUZUR SAHIB NANDED,325,7,45,15:15:00,07:30:00,,0,0,0,0,0,0
57542,Nanded Manmad Passenger,Pass,Passenger,SCR,NED,HUZUR SAHIB NANDED,MMR,MANMAD JN,348,10,30,04:40:00,18:10:00,,0,0,0,0,0,0
57561,Kacheguda Manmad Passenger,Pass,Passenger,SCR,KCG,KACHEGUDA,MMR,MANMAD JN,624,16,10,21:00:00,04:50:00,57562,0,0,0,0,0,0
57581,Akola Purna Passenger,Pass,Passenger,SCR,AK,AKOLA JN,PAU,PURNA JN,204,5,0,11:00:00,06:00:00,57582,0,0,0,0,0,0
57583,Akola Purna Passenger,Pass,Passenger,SCR,AK,AKOLA JN,PAU,PURNA JN,207,5,30,04:30:00,23:00:00,57584,0,0,0,0,0,0
57448,Mahbubnagar Secunderabad Passenger,Pass,Passenger,SCR,MBNR,MAHBUBNAGAR,SC,SECUNDERABAD JN,113,3,5,19:15:00,16:10:00,57447,0,0,0,0,0,0
57451,Chikjajur Guntakal Passenger,Pass,Passenger,SCR,JRU,CHIKJAJUR JN,GTL,GUNTAKAL JN,233,6,35,21:35:00,15:00:00,57452,0,0,0,0,0,0
57453,Bellary Guntakal Passenger,Pass,Passenger,SCR,BAY,BELLARY JN,GTL,GUNTAKAL JN,50,1,20,16:10:00,14:50:00,57454,0,0,0,0,0,0
57454,Guntakal Bellary Passenger,Pass,Passenger,SCR,GTL,GUNTAKAL JN,BAY,BELLARY JN,50,1,25,13:25:00,12:00:00,57453,0,0,0,0,0,0
57468,Dhone Kurnool Town Passenger,Pass,Passenger,SCR,DHNE,DHONE,KRNT,KURNOOL TOWN,54,1,10,18:30:00,17:20:00,,0,0,0,0,0,0
57470,Guntakal Kurnool Town Passenger,Pass,Passenger,SCR,GTL,GUNTAKAL JN,KRNT,KURNOOL TOWN,122,2,50,07:30:00,04:40:00,57469,0,0,0,0,0,0
57473,Secunderabad Bodhan Passenger,Pass,Passenger,SCR,SC,SECUNDERABAD JN,BDHN,Bodhan,186,5,45,22:45:00,17:00:00,,0,0,0,0,0,0
57485,Secunderabad Mirzapali Passenger,Pass,Passenger,SCR,SC,SECUNDERABAD JN,MZL,MIRZAPALI,71,1,45,05:25:00,03:40:00,57486,0,0,0,0,0,0
57486,Mirzapali Secunderabad Passenger,Pass,Passenger,SCR,MZL,MIRZAPALI,SC,SECUNDERABAD JN,71,2,15,08:05:00,05:50:00,57485,0,0,0,0,0,0
57548,Purna Hyderabad Passenger,Pass,Passenger,SCR,PAU,PURNA JN,HYB,HYDERABAD DECCAN,434,12,45,20:05:00,07:20:00,57547,0,0,0,0,0,0
57549,Hyderabad Aurangabad Passenger,Pass,Passenger,SCR,HYB,HYDERABAD DECCAN,AWB,AURANGABAD,582,16,45,14:15:00,21:30:00,57550,1,0,0,0,0,0
57550,Aurangabad-Hyderabad Passenger,Pass,Passenger,SCR,AWB,AURANGABAD,HYB,HYDERABAD DECCAN,582,15,35,07:05:00,15:30:00,57549,1,0,0,0,0,0
57551,Purna Adilabad Passenger,Pass,Passenger,SCR,PAU,PURNA JN,ADB,ADILABAD,216,6,10,23:55:00,17:45:00,57552,0,0,0,0,0,0
57552,Adilabad Purna Passenger,Pass,Passenger,SCR,ADB,ADILABAD,PAU,PURNA JN,216,5,40,20:55:00,15:15:00,57551,0,0,0,0,0,0
57553,Parli Vaijnath Adilabad Passenger,Pass,Passenger,SCR,PRLI,PARLI VAIJNATH,ADB,ADILABAD,308,8,15,12:45:00,04:30:00,57554,0,0,0,0,0,0
57554,Adilabad Parli Vaijnath Passenger,Pass,Passenger,SCR,ADB,ADILABAD,PRLI,PARLI VAIJNATH,308,8,45,12:45:00,04:00:00,57553,0,0,0,0,0,0
57557,Nizamabad Nanded Passenger,Pass,Passenger,SCR,NZB,NIZAMABAD,NED,HUZUR SAHIB NANDED,110,3,30,09:35:00,06:05:00,57558,0,0,0,0,0,0
57558,Nanded Nizamabad Passenger,Pass,Passenger,SCR,NED,HUZUR SAHIB NANDED,NZB,NIZAMABAD,110,2,50,21:05:00,18:15:00,57557,0,0,0,0,0,0
57563,Hyderabad-Parbhani PASS,Pass,Passenger,SCR,HYB,HYDERABAD DECCAN,PBN,PARBHANI JN,340,10,15,08:55:00,22:40:00,,1,1,0,0,1,0
57564,Nanded Hyderabad Passenger,Pass,Passenger,SCR,NED,HUZUR SAHIB NANDED,HYB,HYDERABAD DECCAN,281,8,0,06:30:00,22:30:00,,1,1,0,0,1,0
57582,Purna Akola Passenger,Pass,Passenger,SCR,PAU,PURNA JN,AK,AKOLA JN,204,5,30,12:30:00,07:00:00,57583,0,0,0,0,0,0
57605,Secunderabad Vikarabad Passenger,Pass,Passenger,SCR,SC,SECUNDERABAD JN,VKB,VIKARABAD JN,72,1,40,09:50:00,08:10:00,57606,0,0,0,0,0,0
57606,Vikarabad Secunderabad,Pass,Passenger,SCR,VKB,VIKARABAD JN,SC,SECUNDERABAD JN,72,1,30,12:25:00,10:55:00,57605,0,0,0,0,0,0
57619,Delta Fast Passenger,Pass,Passenger,SCR,RAL,Repalle,SC,SECUNDERABAD JN,341,8,20,05:05:00,20:45:00,57620,1,0,0,0,0,0
57625,Kakatiya Fast Passenger,Pass,Passenger,SCR,SC,SECUNDERABAD JN,MUGR,Manuguru,331,9,50,04:30:00,18:40:00,57626,1,0,0,0,0,0
57626,Kakatiya Fast Passenger,Pass,Passenger,SCR,MUGR,Manuguru,SC,SECUNDERABAD JN,331,11,10,09:25:00,22:15:00,57625,1,0,0,0,0,0
57640,Guntur Tirupati Passanger,Pass,Passenger,SCR,GNT,GUNTUR JN,TPTY,TIRUPATI MAIN,382,10,55,11:55:00,01:00:00,57639,1,0,0,0,0,0
57641,SOLAPUR - GADAG PASSENGER,Pass,Passenger,SCR,SUR,SOLAPUR JN,GDG,GADAG JN,207,5,25,17:15:00,11:50:00,57642,0,0,0,0,0,0
57642,GADAG - SOLAPUR PASSENGER,Pass,Passenger,SCR,GDG,GADAG JN,SUR,SOLAPUR JN,207,5,5,09:50:00,04:45:00,57641,0,0,0,0,0,0
57643,Bagalkot Gadag Passenger,Pass,Passenger,SCR,BGK,BAGALKOT,GDG,GADAG JN,94,1,55,19:25:00,17:30:00,57644,0,0,0,0,0,0
57644,Gadag Bagalkot Passenger,Pass,Passenger,SCR,GDG,GADAG JN,BGK,BAGALKOT,94,2,0,04:30:00,02:30:00,57643,0,0,0,0,0,0
57651,Secunderabad Repalle Passenger,Pass,Passenger,SCR,SC,SECUNDERABAD JN,RAL,Repalle,341,9,20,20:10:00,10:50:00,57652,0,0,0,0,0,0
57652,Repalle Secunderabad Passenger,Pass,Passenger,SCR,RAL,Repalle,SC,SECUNDERABAD JN,341,10,10,17:10:00,07:00:00,57651,1,0,0,0,0,0
57657,Manuguru Kazipet Passenger,Pass,Passenger,SCR,MUGR,Manuguru,KZJ,KAZIPET JN,202,5,30,12:00:00,06:30:00,57658,0,0,0,0,0,0
57658,Kazipet Manuguru Passenger,Pass,Passenger,SCR,KZJ,KAZIPET JN,MUGR,Manuguru,202,6,0,19:05:00,13:05:00,57657,0,0,0,0,0,0
57660,Falaknuma Gulbarga Passenger,Pass,Passenger,SCR,FM,KACHEGUDA FALAKNUMA,GR,GULBARGA,235,7,35,12:40:00,05:05:00,,0,0,0,0,0,0
58000,Puri -- Santragachi Passenger,Pass,Passenger,SER,PURI,PURI,KGP,KHARAGPUR JN,405,12,10,21:50:00,09:40:00,,0,0,0,0,0,0
58001,Howrah Puri Santragachi Passenger,Pass,Passenger,SER,HWH,HOWRAH JN,PURI,PURI,520,19,10,19:00:00,23:50:00,,0,0,0,0,0,0
58003,Howrah Bhadrak Passenger,Pass,Passenger,SER,HWH,HOWRAH JN,BHC,BHADRAKH,294,6,45,22:15:00,15:30:00,58002,0,0,0,0,0,0
58005,Kharagpur Khurda Fast Passenger,Pass,Passenger,SER,KGP,KHARAGPUR JN,KUR,KHURDA ROAD JN,341,7,35,12:15:00,04:40:00,58006,0,0,0,0,0,0
58006,Kurdha road Kharagpur passenger,Pass,Passenger,SER,KUR,KHURDA ROAD JN,KGP,KHARAGPUR JN,341,7,25,23:45:00,16:20:00,58005,0,0,0,0,0,0
58007,Kharagpur Balasore Bhadrakh Passenger,Pass,Passenger,SER,KGP,KHARAGPUR JN,BHC,BHADRAKH,179,4,25,11:00:00,06:35:00,,0,0,0,0,0,0
58011,Howrah Chakradharpur Passenger,Pass,Passenger,SER,HWH,HOWRAH JN,CKP,CHAKRADHARPUR,438,10,25,09:30:00,23:05:00,58012,1,0,0,0,0,0
58012,Chakradharpur Howrah Passenger,Pass,Passenger,SER,CKP,CHAKRADHARPUR,HWH,HOWRAH JN,438,11,10,04:20:00,17:10:00,58011,1,1,0,0,0,0
58014,Bokaro Steel City-Howrah Fast Passenger,Pass,Passenger,SER,BKSC,BOKARO STEEL CITY,HWH,HOWRAH JN,367,12,0,11:45:00,23:45:00,58013,1,1,0,0,1,0
58015,Howrah Adra MEMU Passenger,Pass,Passenger,SER,HWH,HOWRAH JN,ADRA,ADRA JN,283,5,35,23:20:00,17:45:00,58016,0,0,0,0,0,0
58016,Adra Howrah Passenger,Pass,Passenger,SER,ADRA,ADRA JN,HWH,HOWRAH JN,283,5,35,10:05:00,04:30:00,58015,0,0,0,0,0,0
51113,Chalisgaon Dhule Mix Passenger,Pass,Passenger,CR,CSN,CHALISGAON JN,DHI,Dhule,56,1,15,11:45:00,10:30:00,51114,0,0,0,0,0,0
51114,Dhule Chalisgaon Mix Passenger,Pass,Passenger,CR,DHI,Dhule,CSN,CHALISGAON JN,56,1,15,14:45:00,13:30:00,51113,0,0,0,0,0,0
51115,Chalisgaon Dhule Mix Passenger,Pass,Passenger,CR,CSN,CHALISGAON JN,DHI,Dhule,56,1,15,18:45:00,17:30:00,51114,0,0,0,0,0,0
51886,DAMOH BINA PASS,Pass,Passenger,WCR,DMO,DAMOH,BINA,BINA JN,152,3,35,09:20:00,05:45:00,51885,0,0,0,0,0,0
57584,Purna Akola Passenger,Pass,Passenger,SCR,PAU,PURNA JN,AK,AKOLA JN,207,5,30,03:30:00,22:00:00,57583,0,0,0,0,0,0
57628,Gulbarga Solapur Passenger,Pass,Passenger,SCR,GR,GULBARGA,SUR,SOLAPUR JN,112,3,35,19:45:00,16:10:00,,0,0,0,0,0,0
57639,Tirupati Guntur Passenger,Pass,Passenger,SCR,TPTY,TIRUPATI MAIN,GNT,GUNTUR JN,382,11,45,03:00:00,15:15:00,57640,0,0,0,0,0,0
57649,Gulbarga Wadi Passenger,Pass,Passenger,SCR,GR,GULBARGA,WADI,WADI,37,0,55,22:05:00,21:10:00,,0,0,0,0,0,0
57650,Wadi Solapur Passenger,Pass,Passenger,SCR,WADI,WADI,SUR,SOLAPUR JN,149,4,0,10:45:00,06:45:00,,0,0,0,0,0,0
57659,Sholapur Falaknuma Passenger,Pass,Passenger,SCR,SUR,SOLAPUR JN,FM,KACHEGUDA FALAKNUMA,347,9,25,19:45:00,10:20:00,,0,0,0,0,0,0
57685,Solapur Bijapur Passenger,Pass,Passenger,SCR,SUR,SOLAPUR JN,BJP,BIJAPUR,110,2,45,22:55:00,20:10:00,57686,0,0,0,0,0,0
57686,Bijapur Solapur Passenger,Pass,Passenger,SCR,BJP,BIJAPUR,SUR,SOLAPUR JN,110,2,25,02:30:00,00:05:00,57685,0,0,0,0,0,0
58002,Puri Santargachi Passenger,Pass,Passenger,SER,PURI,PURI,SRC,SANTRAGACHI JN,513,16,5,01:45:00,09:40:00,58003,0,0,0,0,0,0
58008,Jajpur Keonjhar kharagpur,Pass,Passenger,SER,JJKR,JAJPUR KEONJHAR ROAD,KGP,KHARAGPUR JN,222,5,25,11:10:00,05:45:00,58009,0,0,0,0,0,0
58009,Kharagpur Jajpur Keonjhar Road Passenger,Pass,Passenger,SER,KGP,KHARAGPUR JN,JJKR,JAJPUR KEONJHAR ROAD,222,6,5,22:00:00,15:55:00,58010,0,0,0,0,0,0
58010,Chakradharpur Adra Passenger,Pass,Passenger,SER,JJKR,JAJPUR KEONJHAR ROAD,KGP,KHARAGPUR JN,222,5,25,11:10:00,05:45:00,58009,0,0,0,0,0,0
58017,Kharagpur Asansol Passenger,Pass,Passenger,SER,KGP,KHARAGPUR JN,ASN,ASANSOL JN,209,5,50,11:20:00,05:30:00,58018,0,0,0,0,0,0
58018,Asansol Adra Kharagpur Passenger,Pass,Passenger,SER,ASN,ASANSOL JN,KGP,KHARAGPUR JN,209,5,20,22:25:00,17:05:00,58017,0,0,0,0,0,0
58019,Adra Asansol Passenger,Pass,Passenger,SER,ADRA,ADRA JN,ASN,ASANSOL JN,41,1,25,15:55:00,14:30:00,58020,0,0,0,0,0,0
58020,Asansol Adra Passenger,Pass,Passenger,SER,ASN,ASANSOL JN,ADRA,ADRA JN,41,1,15,13:25:00,12:10:00,58019,0,0,0,0,0,0
58021,Kharagpur Tatanagar Passenger,Pass,Passenger,SER,KGP,KHARAGPUR JN,TATA,TATANAGAR JN,135,3,30,12:45:00,09:15:00,58022,0,0,0,0,0,0
58022,Tatanagar Kharagpur MEMU Passenger,Pass,Passenger,SER,TATA,TATANAGAR JN,KGP,KHARAGPUR JN,135,2,50,21:00:00,18:10:00,58021,0,0,0,0,0,0
58023,Tatanagar Barkakana Passenger,Pass,Passenger,SER,TATA,TATANAGAR JN,BRKA,BARKAKANA,161,6,0,21:00:00,15:00:00,,0,0,0,0,0,0
58025,Kharagpur-Hatia Passenger,Pass,Passenger,SER,KGP,KHARAGPUR JN,HTE,HATIA,336,9,30,18:05:00,08:35:00,58026,0,0,0,0,0,0
58026,Hatia Kharagpur Passenger,Pass,Passenger,SER,HTE,HATIA,KGP,KHARAGPUR JN,336,8,55,17:55:00,09:00:00,58025,0,0,0,0,0,0
58101,Tatanagar Badampahar Passenger,Pass,Passenger,SER,TATA,TATANAGAR JN,BMPR,Badampahar,0,5,10,11:10:00,06:00:00,58102,0,0,0,0,0,0
58103,Tatanagar Barabil Passenger,Pass,Passenger,SER,TATA,TATANAGAR JN,BBN,Barbil,148,4,20,21:20:00,17:00:00,58104,0,0,0,0,0,0
58104,Barabil Tatanagar Passenger,Pass,Passenger,SER,BBN,Barbil,TATA,TATANAGAR JN,148,4,40,09:55:00,05:15:00,58103,0,0,0,0,0,0
58109,Tatanagar Gua Passenger,Pass,Passenger,SER,TATA,TATANAGAR JN,GUA,Gua,0,4,20,12:35:00,08:15:00,58110,0,0,0,0,0,0
58110,Gua Tatanagar Passenger,Pass,Passenger,SER,GUA,Gua,TATA,TATANAGAR JN,0,6,0,19:15:00,13:15:00,58109,0,0,0,0,0,0
58111,TATANAGAR - ITWARI Passenger,Pass,Passenger,SER,TATA,TATANAGAR JN,ITR,ITWARI,878,24,45,07:15:00,06:30:00,58112,1,0,0,0,0,0
58112,ITWARI - TATANAGAR Passenger,Pass,Passenger,SER,ITR,ITWARI,TATA,TATANAGAR JN,878,26,35,00:05:00,21:30:00,58111,1,0,0,0,0,0
58113,TATA BSP PASS,Pass,Passenger,SER,TATA,TATANAGAR JN,BSP,BILASPUR JN,469,13,25,19:55:00,06:30:00,58114,0,0,0,0,0,0
58114,BSP TATA PASSENGER,Pass,Passenger,SER,BSP,BILASPUR JN,TATA,TATANAGAR JN,471,15,0,09:50:00,18:50:00,58113,0,0,0,0,0,0
58116,ROU CKP SARANDA PASSENGER,Pass,Passenger,SER,ROU,ROURKELA,CKP,CHAKRADHARPUR,101,3,5,19:05:00,16:00:00,58115,0,0,0,0,0,0
58151,Birmitrapur Barsuan Passenger,Pass,Passenger,SER,BRMP,Biramitrapur,BXF,Barsuan,103,3,25,10:35:00,07:10:00,58152,0,0,0,0,0,0
58152,Barsuan Birmitrapur Passenger,Pass,Passenger,SER,BXF,Barsuan,BRMP,Biramitrapur,103,3,30,18:00:00,14:30:00,58151,0,0,0,0,0,0
58162,JHARSUGUDA - HATIA Passenger (UnReserved),Pass,Passenger,SER,JSG,JHARSUGUDA JN,HTE,HATIA,264,9,5,16:35:00,07:30:00,58161,0,0,0,0,0,0
58201,Bilaspur Raipur Passenger,Pass,Passenger,SECR,BSP,BILASPUR JN,R,RAIPUR JN,110,2,40,09:20:00,06:40:00,58202,0,0,0,0,0,0
58202,Raipur Bilaspur MEMU Local,Pass,Passenger,SECR,R,RAIPUR JN,BSP,BILASPUR JN,110,3,15,22:30:00,19:15:00,58201,0,0,0,0,0,0
58203,Gevra Raipur Passenger,Pass,Passenger,SECR,GAD,Gevra Road,R,RAIPUR JN,215,5,30,11:10:00,05:40:00,58204,0,0,0,0,0,0
58204,Raipur Gevra Road Passenger,Pass,Passenger,SECR,R,RAIPUR JN,GAD,Gevra Road,215,5,45,23:55:00,18:10:00,58203,0,0,0,0,0,0
58205,RAIPUR ITWARI PASS,Pass,Passenger,SECR,R,RAIPUR JN,ITR,ITWARI,298,7,50,21:20:00,13:30:00,58206,0,0,0,0,0,0
58206,ITWARI RAIPUR MEMU Pass,Pass,Passenger,SECR,ITR,ITWARI,R,RAIPUR JN,298,10,5,17:35:00,07:30:00,58205,0,0,0,0,0,0
58208,Khariar Raipur Passenger,Pass,Passenger,SECR,KSNG,KESINGA,R,RAIPUR JN,216,5,30,10:00:00,04:30:00,58207,0,0,0,0,0,0
58215,Jharsuguda Titlagarh Passenger,Pass,Passenger,SECR,JSG,JHARSUGUDA JN,TIG,TITLAGARH,232,6,35,19:20:00,12:45:00,58216,0,0,0,0,0,0
58216,Titlagarh Jharsuguda Passenger,Pass,Passenger,SECR,TIG,TITLAGARH,JSG,JHARSUGUDA JN,232,6,30,14:00:00,07:30:00,58215,0,0,0,0,0,0
58117,Jharsuguda Gondia Passenger,Pass,Passenger,SER,JSG,JHARSUGUDA JN,G,GONDIA JN,487,15,15,22:15:00,07:00:00,58118,0,0,0,0,0,0
58118,Gondia Jharsuguda Passenger,Pass,Passenger,SER,G,GONDIA JN,JSG,JHARSUGUDA JN,487,15,15,20:15:00,05:00:00,58117,0,0,0,0,0,0
58125,Sambalpur Jharsuguda Passenger,Pass,Passenger,SER,SBP,SAMBALPUR,JSG,JHARSUGUDA JN,50,1,25,09:00:00,07:35:00,58124,0,0,0,0,0,0
58131,Rourkela-Puri Passenger,Pass,Passenger,SER,ROU,ROURKELA,PURI,PURI,525,16,30,00:30:00,08:00:00,58132,0,0,0,0,0,0
58132,Puri Rourkela Passenger,Pass,Passenger,SER,PURI,PURI,ROU,ROURKELA,549,16,45,20:15:00,03:30:00,58131,0,0,0,0,0,0
58133,Rourkela Jharsuguda Passenger,Pass,Passenger,SER,ROU,ROURKELA,JSG,JHARSUGUDA JN,101,2,20,17:10:00,14:50:00,58134,0,0,0,0,0,0
58134,Jhsrsuguda Rourkela Passenger,Pass,Passenger,SER,JSG,JHARSUGUDA JN,ROU,ROURKELA,101,2,10,11:10:00,09:00:00,58133,0,0,0,0,0,0
58209,Gevra Bilaspur Passenger,Pass,Passenger,SECR,GAD,Gevra Road,BSP,BILASPUR JN,105,2,45,13:35:00,10:50:00,58210,0,0,0,0,0,0
58210,Bilaspur Gevra Passenger,Pass,Passenger,SECR,BSP,BILASPUR JN,GAD,Gevra Road,105,2,55,10:30:00,07:35:00,58209,0,0,0,0,0,0
58212,Bilaspur Gevra Passenger,Pass,Passenger,SECR,BSP,BILASPUR JN,GAD,Gevra Road,98,2,40,17:00:00,14:20:00,,0,0,0,0,0,0
58213,Jharsuguda Bilaspur Passenger,Pass,Passenger,SECR,JSG,JHARSUGUDA JN,BSP,BILASPUR JN,205,4,20,21:50:00,17:30:00,58214,0,0,0,0,0,0
58214,Bilaspur Jharsuguda Passenger,Pass,Passenger,SECR,BSP,BILASPUR JN,JSG,JHARSUGUDA JN,205,5,5,11:50:00,06:45:00,58213,0,0,0,0,0,0
58217,Titlagarh Raipur Passenger,Pass,Passenger,SECR,TIG,TITLAGARH,R,RAIPUR JN,202,4,15,23:55:00,19:40:00,58218,0,0,0,0,0,0
58218,Raipur Titagarh Passenger,Pass,Passenger,SECR,R,RAIPUR JN,TIG,TITLAGARH,202,4,40,07:10:00,02:30:00,58217,0,0,0,0,0,0
58220-Slip,Chirmiri Bilaspur Passenger Slip,Pass,Passenger,WCR,CHRM,Chirmiri,BPL,BHOPAL JN,653,22,10,18:15:00,20:05:00,18235-Slip,1,0,0,0,1,0
58221,Chirmiri Chandia Passenger,Pass,Passenger,SECR,CHRM,Chirmiri,CHD,CHANDIA ROAD,214,5,25,13:55:00,08:30:00,58222,1,0,0,0,1,0
58222,Chandia Chirmiri Passenger,Pass,Passenger,SECR,CHD,CHANDIA ROAD,CHRM,Chirmiri,214,5,25,19:40:00,14:15:00,58221,1,0,0,0,1,0
58223,Manendragarh Ambikapur Passang,Pass,Passenger,SECR,MDGR,Manendragarh,ABKP,AMBIKAPUR,124,4,50,12:15:00,07:25:00,58224,0,0,0,0,0,0
58224,Ambikapur Manendragarh Passang,Pass,Passenger,SECR,ABKP,AMBIKAPUR,MDGR,Manendragarh,124,4,30,17:15:00,12:45:00,58223,0,0,0,0,0,0
58401,Cuttack Paradip Passenger,Pass,Passenger,ECoR,CTC,CUTTACK,PRDP,Paradip,83,1,55,20:55:00,19:00:00,58402,0,0,0,0,0,0
58405,Cuttack Paradip Passenger,Pass,Passenger,ECoR,CTC,CUTTACK,PRDP,Paradip,83,1,40,16:40:00,15:00:00,58406,0,0,0,0,0,0
58406,Paradip Cuttack Passenger,Pass,Passenger,ECoR,PRDP,Paradip,CTC,CUTTACK,83,2,10,12:55:00,10:45:00,58405,0,0,0,0,0,0
58407,Khurda Puri Passenger,Pass,Passenger,ECoR,KUR,KHURDA ROAD JN,PURI,PURI,44,1,35,08:35:00,07:00:00,58408,0,0,0,0,0,0
58408,Puri Khurda Road Passenger,Pass,Passenger,ECoR,PURI,PURI,KUR,KHURDA ROAD JN,44,1,35,20:05:00,18:30:00,58407,0,0,0,0,0,0
58409,Khurda Puri Passenger,Pass,Passenger,ECoR,KUR,KHURDA ROAD JN,PURI,PURI,44,1,30,14:00:00,12:30:00,58408,0,0,0,0,0,0
58410,Puri Khurda Road Passenger,Pass,Passenger,ECoR,PURI,PURI,KUR,KHURDA ROAD JN,44,1,40,00:45:00,23:05:00,58409,0,0,0,0,0,0
58414,Puri Talcher Passenger,Pass,Passenger,ECoR,PURI,PURI,TLHR,TALCHER,200,7,10,23:45:00,16:35:00,58413,0,0,0,0,0,0
58415,Puri Cuttack Passenger,Pass,Passenger,ECoR,CTC,CUTTACK,PURI,PURI,91,2,50,19:45:00,16:55:00,58416,0,0,0,0,0,0
58416,Cuttack Puri Passenger,Pass,Passenger,ECoR,PURI,PURI,CTC,CUTTACK,91,3,5,11:10:00,08:05:00,58415,0,0,0,0,0,0
58417,Puri Gunupur Passenger,Pass,Passenger,ECoR,PURI,PURI,GNPR,Gunupur,380,12,40,20:30:00,07:50:00,58418,0,0,0,0,0,0
58418,Parlakhemundi Puri Passenger,Pass,Passenger,ECoR,GNPR,Gunupur,PURI,PURI,380,13,25,21:25:00,08:00:00,58417,0,0,0,0,0,0
58421,Angul Puri Fast Passenger,Pass,Passenger,ECoR,ANGL,ANGUL,PURI,PURI,335,6,5,11:25:00,05:20:00,58422,0,0,0,0,0,0
58422,Puri Angul Fast Passenger,Pass,Passenger,ECoR,PURI,PURI,ANGL,ANGUL,195,5,15,21:35:00,16:20:00,58421,0,0,0,0,0,0
58423,Bhadrak Cuttack Passenger,Pass,Passenger,ECoR,BHC,BHADRAKH,CTC,CUTTACK,116,3,30,17:40:00,14:10:00,58424,0,0,0,0,0,0
58424,Cuttack Bhadrakh Passenger,Pass,Passenger,ECoR,CTC,CUTTACK,BHC,BHADRAKH,116,3,20,12:35:00,09:15:00,58423,0,0,0,0,0,0
58435,Bhadrakh Cuttack Fast Passenger,Pass,Passenger,ECoR,BHC,BHADRAKH,CTC,CUTTACK,116,3,0,18:45:00,15:45:00,58436,0,0,0,0,0,0
58436,Cuttack Bhadrakh Fast Passenger,Pass,Passenger,ECoR,CTC,CUTTACK,BHC,BHADRAKH,116,2,55,15:05:00,12:10:00,58435,0,0,0,0,0,0
58527,Raipur Vishakhapatnam Passenger,Pass,Passenger,ECoR,R,RAIPUR JN,VSKP,VISHAKAPATNAM,529,16,30,22:00:00,05:30:00,58528,0,0,0,0,0,0
58528,Visakhapatnam Raipur Passenger,Pass,Passenger,ECoR,VSKP,VISHAKAPATNAM,R,RAIPUR JN,529,16,20,19:00:00,02:40:00,58527,0,0,0,0,0,0
58541,Rayagada Koraput Passenger,Pass,Passenger,ECoR,RGDA,RAYAGADA,KRPU,KORAPUT,173,4,40,15:30:00,10:50:00,58542,0,0,0,0,0,0
58542,Koraput Rayagada Passenger,Pass,Passenger,ECoR,KRPU,KORAPUT,RGDA,RAYAGADA,173,4,45,10:15:00,05:30:00,58541,0,0,0,0,0,0
58601,Kharagpur Adra Passenger,Pass,Passenger,SER,KGP,KHARAGPUR JN,ADRA,ADRA JN,168,3,50,21:10:00,17:20:00,58602,0,0,0,0,0,0
58602,Adra Kharagpur Passenger,Pass,Passenger,SER,ADRA,ADRA JN,KGP,KHARAGPUR JN,168,5,0,10:35:00,05:35:00,58601,0,0,0,0,0,0
58603,Kharagpur-Dhanbad Passenger,Pass,Passenger,SER,KGP,KHARAGPUR JN,DHN,DHANBAD JN,278,8,45,23:05:00,14:20:00,58604,0,0,0,0,0,0
58604,Dhanbad Kharagpur Passenger,Pass,Passenger,SER,DHN,DHANBAD JN,KGP,KHARAGPUR JN,278,8,25,13:55:00,05:30:00,58603,0,0,0,0,0,0
58605,Kharagpur Tatanagar Passenger,Pass,Passenger,SER,KGP,KHARAGPUR JN,TATA,TATANAGAR JN,135,3,20,18:35:00,15:15:00,58606,0,0,0,0,0,0
58606,Tatanagar Kharagpur Passenger,Pass,Passenger,SER,TATA,TATANAGAR JN,KGP,KHARAGPUR JN,135,3,20,12:20:00,09:00:00,58605,0,0,0,0,0,0
58220,Chirmiri Bilaspur Passenger,Pass,Passenger,SECR,CHRM,Chirmiri,BSP,BILASPUR JN,238,10,40,06:45:00,20:05:00,58219,1,0,0,0,1,0
58433,Cuttack Berhampur Fast Passenger,Pass,Passenger,ECoR,CTC,CUTTACK,BAM,BRAHMAPUR,194,4,0,21:45:00,17:45:00,58434,0,0,0,0,0,0
58434,Berhampur Cuttack Fast Passenger,Pass,Passenger,ECoR,BAM,BRAHMAPUR,CTC,CUTTACK,194,4,15,11:45:00,07:30:00,58433,0,0,0,0,0,0
58501,Visakhapatnam Kirandul Passenger,Pass,Passenger,ECoR,VSKP,VISHAKAPATNAM,KRDL,Kirandul,472,14,45,21:35:00,06:50:00,,1,0,0,0,1,0
58525,Palasa Visakhapatnam Passenger,Pass,Passenger,ECoR,PSA,PALASA,VSKP,VISHAKAPATNAM,203,7,25,16:25:00,09:00:00,58526,0,0,0,0,0,0
58529,Durg Visakhapatnam Passenger,Pass,Passenger,ECoR,DURG,DURG,VSKP,VISHAKAPATNAM,564,18,15,12:15:00,18:00:00,58530,1,0,0,0,0,0
58530,Visakhapatnam Durg Passenger,Pass,Passenger,ECoR,VSKP,VISHAKAPATNAM,DURG,DURG,564,16,20,13:20:00,21:00:00,58529,1,0,0,0,0,0
58537,Rayagada Vishakhapatnam Passenger,Pass,Passenger,ECoR,RGDA,RAYAGADA,VSKP,VISHAKAPATNAM,186,4,40,15:05:00,10:25:00,58538,0,0,0,0,0,0
58538,Visakhapatnam Rayagada Passenger,Pass,Passenger,ECoR,VSKP,VISHAKAPATNAM,RGDA,RAYAGADA,186,4,55,10:40:00,05:45:00,58537,0,0,0,0,0,0
58607,Gomoh-Chakradharpur Passenger,Pass,Passenger,SER,GMO,GOMOH JN,CKP,CHAKRADHARPUR,236,8,10,23:00:00,14:50:00,58608,0,0,0,0,0,0
58608,Chakradharpur Gomoh Passenger,Pass,Passenger,SER,CKP,CHAKRADHARPUR,GMO,GOMOH JN,236,8,0,13:00:00,05:00:00,58607,0,0,0,0,0,0
58609,Tatanagar Chakradharpur Passenger,Pass,Passenger,SER,TATA,TATANAGAR JN,CKP,CHAKRADHARPUR,62,1,25,20:10:00,18:45:00,58610,0,0,0,0,0,0
58652,Lohardaga Ranchi Passenger,Pass,Passenger,SER,LAD,Lohardaga,RNC,RANCHI,67,1,30,09:05:00,07:35:00,58651,0,0,0,0,0,0
58653,Ranchi - Lohardaga - Barkichampi Passenger,Pass,Passenger,SER,RNC,RANCHI,LAD,Lohardaga,67,1,30,11:00:00,09:30:00,58652,0,0,0,0,0,0
58654,Barkichampi - Lohardaga - Ranchi Passenger,Pass,Passenger,SER,LAD,Lohardaga,RNC,RANCHI,67,1,30,14:20:00,12:50:00,58655,0,0,0,0,0,0
58655,Ranchi Lohardaga Passenger,Pass,Passenger,SER,RNC,RANCHI,LAD,Lohardaga,67,1,30,16:15:00,14:45:00,58656,0,0,0,0,0,0
58656,Lohardaga Ranchi Passenger,Pass,Passenger,SER,LAD,Lohardaga,RNC,RANCHI,67,1,30,18:20:00,16:50:00,58655,0,0,0,0,0,0
58657,Ranchi Lohardaga Passenger,Pass,Passenger,SER,RNC,RANCHI,LAD,Lohardaga,67,1,30,20:15:00,18:45:00,58656,0,0,0,0,0,0
58658,Lohardaga Ranchi Passenger,Pass,Passenger,SER,LAD,Lohardaga,RNC,RANCHI,67,1,15,22:05:00,20:50:00,58657,0,0,0,0,0,0
58661,Tatanagar Hatia Passenger,Pass,Passenger,SER,TATA,TATANAGAR JN,HTE,HATIA,218,7,15,18:45:00,11:30:00,58662,0,0,0,0,0,0
58662,Hatia Tatanagar Passenger,Pass,Passenger,SER,HTE,HATIA,TATA,TATANAGAR JN,218,6,0,10:30:00,04:30:00,58661,0,0,0,0,0,0
58703,Durg Gondia Passenger,Pass,Passenger,SECR,R,RAIPUR JN,G,GONDIA JN,172,4,10,09:40:00,05:30:00,58704,0,0,0,0,0,0
58704,Gondia Durg Passenger,Pass,Passenger,SECR,G,GONDIA JN,R,RAIPUR JN,172,4,20,22:00:00,17:40:00,58703,0,0,0,0,0,0
58711,Telibandha Dhamtari Passenger,Pass,Passenger,SECR,TBD,Telibandha,DTR,Dhamtari,68,3,0,10:00:00,07:00:00,58712,0,0,0,0,0,0
58712,Dhamtari Telibandha Passenger,Pass,Passenger,SECR,DTR,Dhamtari,TBD,Telibandha,68,3,5,09:35:00,06:30:00,58711,0,0,0,0,0,0
58713,Telibandha Dhamtari Passenger,Pass,Passenger,SECR,TBD,Telibandha,DTR,Dhamtari,68,3,0,15:40:00,12:40:00,58712,0,0,0,0,0,0
58714,Dhamtari Telibandha Passenger,Pass,Passenger,?,DTR,Dhamtari,TBD,Telibandha,68,3,5,15:20:00,12:15:00,58713,0,0,0,0,0,0
58715,Telibandha Dhamtari Passenger,Pass,Passenger,?,TBD,Telibandha,DTR,Dhamtari,68,3,5,21:40:00,18:35:00,58714,0,0,0,0,0,0
58716,Dhamtari Telibandha Passenger,Pass,Passenger,?,DTR,Dhamtari,TBD,Telibandha,68,3,10,21:20:00,18:10:00,58715,0,0,0,0,0,0
58717,Telibandha Rajim Passenger,Pass,Passenger,?,TBD,Telibandha,RIM,Rajim,39,2,5,18:20:00,16:15:00,58718,0,0,0,0,0,0
58718,RAJIM TELIBANDHA PASS,Pass,Passenger,?,RIM,Rajim,TBD,Telibandha,39,2,0,11:35:00,09:35:00,58717,0,0,0,0,0,0
58719,ABHANPUR RAJIM PASS,Pass,Passenger,?,AVP,Abhanpur Junction,RIM,Rajim,17,0,50,09:20:00,08:30:00,58720,0,0,0,0,0,0
58720,RAJIM ABHANPUR PASS,Pass,Passenger,SECR,RIM,Rajim,AVP,Abhanpur Junction,16,0,50,07:40:00,06:50:00,58721,0,0,0,0,0,0
58721,ABHANPUR RAJIM PASS,Pass,Passenger,SECR,AVP,Abhanpur Junction,RIM,Rajim,16,0,50,21:05:00,20:15:00,58722,0,0,0,0,0,0
58722,RAJIM ABHANPUR PASS,Pass,Passenger,SECR,RIM,Rajim,AVP,Abhanpur Junction,16,0,50,19:25:00,18:35:00,58721,0,0,0,0,0,0
58802,Gondia Nagbhir Ballarshah Passenger,Pass,Passenger,SECR,G,GONDIA JN,BPQ,BALHARSHAH,252,6,10,13:40:00,07:30:00,58801,0,0,0,0,0,0
58808,Wadsa Chanda Fort Passenger,Pass,Passenger,SECR,WSA,Wadsa,CAF,Chanda Fort,137,2,50,09:50:00,07:00:00,,0,0,0,0,0,0
58809,Ramtek itwari Passenger,Pass,Passenger,?,RTK,Ramtek,ITR,ITWARI,46,1,15,08:45:00,07:30:00,,0,0,0,0,0,0
58810,Nagpur Ramtek Passenger,Pass,Passenger,SECR,NGP,NAGPUR,RTK,Ramtek,42,1,29,07:09:00,05:40:00,58811,0,0,0,0,0,0
58811,Ramtek Nagpur Passenger,Pass,Passenger,SECR,RTK,Ramtek,NGP,NAGPUR,42,1,55,23:10:00,21:15:00,58810,0,0,0,0,0,0
58813,Ramtek itwari Passenger,Pass,Passenger,?,RTK,Ramtek,ITR,ITWARI,38,1,40,15:40:00,14:00:00,58814,0,0,0,0,0,0
58814,Itwari Ramtek Passenger,Pass,Passenger,?,ITR,ITWARI,RTK,Ramtek,38,1,15,13:15:00,12:00:00,58813,0,0,0,0,0,0
58815,Itwari Tirodi Passenger,Pass,Passenger,SECR,ITR,ITWARI,TRDI,Tirodi,124,4,5,17:10:00,13:05:00,58816,0,0,0,0,0,0
58816,Tirodi Itwari Passenger,Pass,Passenger,SECR,TRDI,Tirodi,ITR,ITWARI,124,3,25,11:25:00,08:00:00,58815,0,0,0,0,0,0
58817,Tumsar Road Tirodi Passenger,Pass,Passenger,?,TMR,TUMSAR ROAD,TRDI,Tirodi,48,1,35,07:20:00,05:45:00,58818,0,0,0,0,0,0
58818,Tirodi Tumsar Road DEMU,Pass,Passenger,?,TRDI,Tirodi,TMR,TUMSAR ROAD,48,1,20,18:55:00,17:35:00,58817,0,0,0,0,0,0
58831,Nagpur Chindwara Passenger,Pass,Passenger,SECR,NGP,NAGPUR,CWA,Chhindwara Junction,148,6,45,11:40:00,04:55:00,58832,0,0,0,0,0,0
58620,Barka Kana Adra Passenger,Pass,Passenger,SER,BRKA,BARKAKANA,ADRA,ADRA JN,159,5,20,20:55:00,15:35:00,58621,0,0,0,0,0,0
58621,Adra Barkakana Passenger,Pass,Passenger,SER,ADRA,ADRA JN,BRKA,BARKAKANA,159,5,5,09:45:00,04:40:00,58620,0,0,0,0,0,0
58701,Shahdol Ambikapur Passenger,Pass,Passenger,SECR,SDL,SHAHDOL,ABKP,AMBIKAPUR,216,5,45,19:15:00,13:30:00,58702,1,0,0,0,0,0
58702,Ambikapur Shahdol Passenger,Pass,Passenger,SECR,ABKP,AMBIKAPUR,SDL,SHAHDOL,216,5,20,13:05:00,07:45:00,58701,1,0,0,0,0,0
58804,Gondia Chanda Fort Passenger,Pass,Passenger,SECR,G,GONDIA JN,CAF,Chanda Fort,241,5,30,22:30:00,17:00:00,58803,0,0,0,0,0,0
58805,Chanda Fort Gondia Passenger,Pass,Passenger,SECR,CAF,Chanda Fort,G,GONDIA JN,241,6,0,16:15:00,10:15:00,58804,0,0,0,0,0,0
58806,Gondia Wadsa Passenger,Pass,Passenger,SECR,G,GONDIA JN,WSA,Wadsa,104,2,40,21:45:00,19:05:00,,0,0,0,0,0,0
58832,Chhindwara Ramakona Nagpur Passenger,Pass,Passenger,SECR,CWA,Chhindwara Junction,NGP,NAGPUR,148,6,5,11:30:00,05:25:00,58831,1,0,0,0,0,0
58833,Nagpur Chindwara Passenger,Pass,Passenger,SECR,NGP,NAGPUR,CWA,Chhindwara Junction,148,7,10,14:15:00,07:05:00,58832,0,0,0,0,0,0
58835,Nagpur Ramakona Chhindwara Passenger,Pass,Passenger,SECR,NGP,NAGPUR,CWA,Chhindwara Junction,148,6,15,22:15:00,16:00:00,58834,1,0,0,0,0,0
58837,Nagpur Ramakona Chhindwara Passenger,Pass,Passenger,SECR,NGP,NAGPUR,CWA,Chhindwara Junction,148,6,20,04:50:00,22:30:00,58838,1,0,0,0,0,0
58839,Nagpur Nainpur Jabalpur Fast Passenger,Pass,Passenger,SECR,NGP,NAGPUR,JBP,JABALPUR,398,19,30,08:15:00,12:45:00,58840,1,0,0,0,0,0
58841,Nagpur Ramakona Passenger,Pass,Passenger,SECR,NGP,NAGPUR,RMO,Ramakona,86,4,5,22:20:00,18:15:00,58842,0,0,0,0,0,0
58843,Nagpur Nagbhir Passenger,Pass,Passenger,?,NGP,NAGPUR,NAB,Nagbhir Junction,110,4,40,10:35:00,05:55:00,58844,0,0,0,0,0,0
58846,Nagbhir Itwari Passenger,Pass,Passenger,?,NAB,Nagbhir Junction,ITR,ITWARI,106,4,10,16:55:00,12:45:00,58845,0,0,0,0,0,0
58847,Nagpur Nagbhir Passenger,Pass,Passenger,?,NGP,NAGPUR,NAB,Nagbhir Junction,110,4,45,22:20:00,17:35:00,58848,0,0,0,0,0,0
58849,Chhindwara Nainpur Passenger,Pass,Passenger,SECR,CWA,Chhindwara Junction,NIR,Nainpur Junction,141,6,0,12:00:00,06:00:00,58850,0,0,0,0,0,0
58850,Nainpur Chhindwara Passenger,Pass,Passenger,SECR,NIR,Nainpur Junction,CWA,Chhindwara Junction,141,5,35,11:35:00,06:00:00,58849,0,0,0,0,0,0
58851,Chhindwara Nainpur Passenger,Pass,Passenger,SECR,CWA,Chhindwara Junction,NIR,Nainpur Junction,141,6,0,14:30:00,08:30:00,58850,0,0,0,0,0,0
58852,Nainpur Chhindwara Passenger,Pass,Passenger,SECR,NIR,Nainpur Junction,CWA,Chhindwara Junction,141,5,50,15:50:00,10:00:00,58851,0,0,0,0,0,0
58853,Chhindwara Nainpur Passenger,Pass,Passenger,SECR,CWA,Chhindwara Junction,NIR,Nainpur Junction,141,6,15,19:00:00,12:45:00,58852,0,0,0,0,0,0
58854,Nainpur Chhindwara Passenger,Pass,Passenger,SECR,NIR,Nainpur Junction,CWA,Chhindwara Junction,141,5,35,20:15:00,14:40:00,58853,0,0,0,0,0,0
58855,Chhindwara Nainpur Passenger,Pass,Passenger,SECR,CWA,Chhindwara Junction,NIR,Nainpur Junction,141,6,30,23:40:00,17:10:00,58856,0,0,0,0,0,0
58856,Nainpur Chhindwara Passenger,Pass,Passenger,SECR,NIR,Nainpur Junction,CWA,Chhindwara Junction,141,5,30,03:30:00,22:00:00,58855,0,0,0,0,0,0
58857,Nainpur Mandla Fort Passenger,Pass,Passenger,SECR,NIR,Nainpur Junction,MFR,Mandla Fort,43,1,55,08:55:00,07:00:00,,0,0,0,0,0,0
58858,Mandla Fort Balaghat Passenger,Pass,Passenger,?,NIR,Nainpur Junction,BTC,Balaghat Junction,74,3,50,15:20:00,11:30:00,,0,0,0,0,0,0
58859,Nainpur Mandla Fort Passenger,Pass,Passenger,SECR,NIR,Nainpur Junction,MFR,Mandla Fort,43,1,55,15:05:00,13:10:00,58860,0,0,0,0,0,0
58860,Mandla Fort Nainpur Passenger,Pass,Passenger,SECR,MFR,Mandla Fort,NIR,Nainpur Junction,43,1,55,17:20:00,15:25:00,58859,0,0,0,0,0,0
58861,Nainpur Mandla Fort Passenger,Pass,Passenger,?,NIR,Nainpur Junction,MFR,Mandla Fort,43,1,55,19:35:00,17:40:00,58860,0,0,0,0,0,0
58862,Mandla Fort Nainpur Passenger,Pass,Passenger,SECR,MFR,Mandla Fort,NIR,Nainpur Junction,43,1,55,21:50:00,19:55:00,58861,0,0,0,0,0,0
58863,Balaghat jabalpur Passenger,Pass,Passenger,?,BTC,Balaghat Junction,JBP,JABALPUR,185,9,10,09:50:00,00:40:00,58864,0,0,0,0,0,0
58864,Jabalpur Balaghat Passenger,Pass,Passenger,SECR,JBP,JABALPUR,BTC,Balaghat Junction,185,10,35,16:35:00,06:00:00,58865,0,0,0,0,0,0
58865,Balaghat Jabalpur Passenger,Pass,Passenger,SECR,BTC,Balaghat Junction,JBP,JABALPUR,187,8,55,13:55:00,05:00:00,58864,1,0,0,0,0,0
58866,Jabalpur Balaghat Passenger,Pass,Passenger,?,JBP,JABALPUR,BTC,Balaghat Junction,185,9,40,20:35:00,10:55:00,58865,0,0,0,0,0,0
58867,Balaghat jabalpur Passenger,Pass,Passenger,SECR,BTC,Balaghat Junction,JBP,JABALPUR,185,8,45,18:35:00,09:50:00,58868,0,0,0,0,0,0
58868,Jabalpur Balaghat Passenger,Pass,Passenger,SECR,JBP,JABALPUR,BTC,Balaghat Junction,187,8,55,03:00:00,18:05:00,58867,1,0,0,0,0,0
58869,Balaghat jabalpur Passenger,Pass,Passenger,?,BTC,Balaghat Junction,JBP,JABALPUR,185,9,50,23:40:00,13:50:00,58870,0,0,0,0,0,0
58870,Jabalpur Balaghat Passenger,Pass,Passenger,SECR,JBP,JABALPUR,BTC,Balaghat Junction,187,9,10,07:30:00,22:20:00,58871,1,0,0,0,0,0
58871,Balaghat Jabalpur Passenger,Pass,Passenger,SECR,BTC,Balaghat Junction,JBP,JABALPUR,187,9,15,06:00:00,20:45:00,58870,1,0,0,0,0,0
58873,Balaghat Nainpur Passenger,Pass,Passenger,SECR,BTC,Balaghat Junction,NIR,Nainpur Junction,74,3,20,21:15:00,17:55:00,58874,0,0,0,0,0,0
58874,Nainpur Balaghat Passenger,Pass,Passenger,SECR,NIR,Nainpur Junction,BTC,Balaghat Junction,74,3,20,08:50:00,05:30:00,58873,0,0,0,0,0,0
58876,Jabalpur Nainpur Passenger,Pass,Passenger,?,JBP,JABALPUR,NIR,Nainpur Junction,111,5,40,20:50:00,15:10:00,,0,0,0,0,0,0
59009,Virar Bharuch Shuttle,Pass,Passenger,WR,VR,VIRAR,BH,BHARUCH JN,267,7,0,11:00:00,04:00:00,59010,0,0,0,0,0,0
59010,Bharuch Virar Passenger,Pass,Passenger,WR,BH,BHARUCH JN,VR,VIRAR,267,7,25,21:30:00,14:05:00,59009,0,0,0,0,1,0
59013,Bhusaval Passenger,Pass,Passenger,WR,ST,SURAT,BSL,BHUSAVAL JN,336,9,50,09:15:00,23:25:00,59014,1,0,0,0,0,0
59023,Mumbai Valsad Passenger,Pass,Passenger,WR,BCT,Mumbai Central,BL,VALSAD,195,4,45,22:55:00,18:10:00,59024,0,0,0,0,0,0
59025,Surat Amrawati Fast Passenger,Pass,Passenger,WR,ST,SURAT,AMI,Amravati,563,11,40,22:30:00,10:50:00,59026,0,0,0,0,0,0
58834,Chhindwara Nagpur Passenger,Pass,Passenger,SECR,CWA,Chhindwara Junction,NGP,NAGPUR,148,6,50,21:40:00,14:50:00,58833,0,0,0,0,0,0
58836,Chhindwara Nagpur Passenger,Pass,Passenger,SECR,CWA,Chhindwara Junction,NGP,NAGPUR,148,6,55,00:20:00,17:25:00,58837,0,0,0,0,0,0
58840,Jabalpur Nir Nagpur Passenger,Pass,Passenger,SECR,JBP,JABALPUR,NGP,NAGPUR,398,19,0,15:30:00,20:30:00,58839,1,0,0,0,0,0
58842,Ramakona Nagpur Passenger,Pass,Passenger,SECR,RMO,Ramakona,NGP,NAGPUR,86,4,10,09:10:00,05:00:00,58841,0,0,0,0,0,0
58844,Nagbhir Nagpur Passenger,Pass,Passenger,?,NAB,Nagbhir Junction,NGP,NAGPUR,110,4,30,10:45:00,06:15:00,58843,0,0,0,0,0,0
58848,Nagbhir Nagpur Passenger,Pass,Passenger,?,NAB,Nagbhir Junction,NGP,NAGPUR,110,4,25,21:10:00,16:45:00,58847,0,0,0,0,0,0
59026,Surat Fast Passenger,Pass,Passenger,WR,AMI,Amravati,ST,SURAT,563,12,15,21:15:00,09:00:00,59025,0,0,0,0,0,0
59037,Virar Surat Passenger,Pass,Passenger,WR,VR,VIRAR,ST,SURAT,207,6,40,23:50:00,17:10:00,59038,0,0,0,0,0,0
59038,Surat Virar Passenger,Pass,Passenger,WR,ST,SURAT,VR,VIRAR,207,5,45,10:05:00,04:20:00,59037,0,0,0,0,0,0
59039,Virar Valsad Shuttle,Pass,Passenger,WR,VR,VIRAR,BL,VALSAD,139,2,55,14:25:00,11:30:00,,0,0,0,0,0,0
59040,Vapi Virar Shuttle,Pass,Passenger,WR,VAPI,VAPI,VR,VIRAR,112,2,20,16:15:00,13:55:00,,0,0,0,0,0,0
59043,Virar Dahanu Shuttle,Pass,Passenger,WR,VR,VIRAR,DRD,DAHANU ROAD,64,1,18,00:08:00,22:50:00,59044,0,0,0,0,0,0
59044,Dahanu Virar Shuttle,Pass,Passenger,WR,DRD,DAHANU ROAD,VR,VIRAR,64,1,20,06:15:00,04:55:00,59043,0,0,0,0,0,0
59045,Vapi Passenger,Pass,Passenger,WR,BDTS,MUMBAI BANDRA TERMINUS,VAPI,VAPI,159,3,50,13:15:00,09:25:00,,0,0,0,0,1,0
59046,Valsad-Bandra Passenger,Pass,Passenger,WR,BL,VALSAD,BDTS,MUMBAI BANDRA TERMINUS,184,4,40,21:10:00,16:30:00,,0,0,0,0,0,0
59047,Virar Surat Passenger,Pass,Passenger,WR,VR,VIRAR,ST,SURAT,207,5,20,13:00:00,07:40:00,59048,0,0,0,0,0,0
59048,Surat Virar Passenger,Pass,Passenger,WR,ST,SURAT,VR,VIRAR,207,4,50,23:10:00,18:20:00,59047,0,0,0,0,0,0
59049,Valsad Viramgam Passenger,Pass,Passenger,WR,BL,VALSAD,VG,VIRAMGAM JN,364,14,5,20:10:00,06:05:00,59050,0,0,0,0,1,0
59051,Surat Nandurbar Passenger,Pass,Passenger,WR,ST,SURAT,NDB,NANDURBAR,185,5,5,23:35:00,18:30:00,,0,0,0,0,0,0
59075,Bhusaval Passenger,Pass,Passenger,WR,ST,SURAT,BSL,BHUSAVAL JN,336,12,5,19:20:00,07:15:00,59076,1,0,0,0,0,0
59076-Slip,Bhusaval Surat Mumbai Passenger,Pass,Passenger,WR,NDB,NANDURBAR,BCT,Mumbai Central,423,14,13,04:45:00,14:32:00,,1,0,0,0,0,0
59077,Surat-Bhusaval Passenger,Pass,Passenger,WR,ST,SURAT,BSL,BHUSAVAL JN,336,9,20,01:55:00,16:35:00,59078,1,0,0,0,0,0
59078,Bhusaval-Surat Passenger,Pass,Passenger,WR,BSL,BHUSAVAL JN,ST,SURAT,336,9,20,09:55:00,00:35:00,59077,1,0,0,0,0,0
59092,Nandurbar Surat Passenger,Pass,Passenger,WR,NDB,NANDURBAR,ST,SURAT,185,4,45,07:30:00,02:45:00,,0,0,0,0,0,0
59101,Vadodara Kathana Passenger,Pass,Passenger,WR,BRC,VADODARA JN,KTNA,Kathana,73,2,25,18:30:00,16:05:00,59102,0,0,0,0,0,0
59102,Kathana Vadodara Passenger,Pass,Passenger,WR,KTNA,Kathana,BRC,VADODARA JN,73,2,35,08:40:00,06:05:00,59103,0,0,0,0,0,0
59103,Vadodara Kathana Passenger,Pass,Passenger,WR,BRC,VADODARA JN,KTNA,Kathana,73,2,20,11:50:00,09:30:00,59102,0,0,0,0,0,0
59104,Kathana Vadodara Passenger,Pass,Passenger,WR,KTNA,Kathana,BRC,VADODARA JN,73,2,30,15:15:00,12:45:00,59103,0,0,0,0,0,0
59112,Bodeli Dabhoi Passenger,Pass,Passenger,WR,BDE,Bodeli,DB,Dabhoi Junction,34,1,35,11:40:00,10:05:00,,0,0,0,0,0,0
59115,Anand Godhra Passenger,Pass,Passenger,WR,ANND,ANAND JN,GDA,GODHRA JN,78,2,25,16:30:00,14:05:00,59116,0,0,0,0,0,0
59116,Godhra Anand Passenger,Pass,Passenger,WR,GDA,GODHRA JN,ANND,ANAND JN,78,2,30,20:40:00,18:10:00,59115,0,0,0,0,0,0
59117,Pratapnagar Bodeli Passenger,Pass,Passenger,WR,PRTN,Pratapnagar,BDE,Bodeli,63,1,55,09:05:00,07:10:00,,0,0,0,0,0,0
59118,Chhota Udepur Pratapnagar Passenger,Pass,Passenger,WR,CTD,Chhota Udepur,PRTN,Pratapnagar,99,2,55,08:55:00,06:00:00,59119,0,0,0,0,0,0
59119,Pratapnagar Chhota Udepur Passenger,Pass,Passenger,WR,PRTN,Pratapnagar,CTD,Chhota Udepur,99,2,55,21:10:00,18:15:00,59120,0,0,0,0,0,0
59120,Chhota Udepur Pratap Nagar Passenger,Pass,Passenger,WR,CTD,Chhota Udepur,PRTN,Pratapnagar,99,3,0,20:00:00,17:00:00,59119,0,0,0,0,0,0
59121,Pratapnagar Chhota Udepur Passenger,Pass,Passenger,WR,PRTN,Pratapnagar,CTD,Chhota Udepur,99,3,0,13:10:00,10:10:00,59120,0,0,0,0,0,0
59122,Bodeli Pratapnagar Passenger,Pass,Passenger,WR,BDE,Bodeli,PRTN,Pratapnagar,63,2,10,12:40:00,10:30:00,59121,0,0,0,0,0,0
59152,Modasa Nadiad Passenger,Pass,Passenger,WR,MDSA,Modasa,ND,NADIAD JN,105,3,20,09:20:00,06:00:00,59151,0,0,0,0,0,0
59158,Anand Vadodara Passenger,Pass,Passenger,WR,ANND,ANAND JN,BRC,VADODARA JN,36,1,30,23:45:00,22:15:00,59157,0,0,0,0,0,0
59163,Anand Vadtal Passenger,Pass,Passenger,WR,ANND,ANAND JN,VTL,Vadtal Swaminarayan,14,0,40,16:00:00,15:20:00,59164,0,0,0,0,0,0
59164,Vadtal Swaminarayan Anand Passenger,Pass,Passenger,WR,VTL,Vadtal Swaminarayan,ANND,ANAND JN,14,0,45,12:05:00,11:20:00,59163,0,0,0,0,0,0
59165,Anand Godhra Passenger,Pass,Passenger,WR,ANND,ANAND JN,GDA,GODHRA JN,78,2,35,07:35:00,05:00:00,59166,0,0,0,0,0,0
59166,Godhra Anand Passenger,Pass,Passenger,WR,GDA,GODHRA JN,ANND,ANAND JN,78,2,30,10:45:00,08:15:00,59165,0,0,0,0,0,0
59205,Wansjaliya Porbandar Passenger,Pass,Passenger,WR,KNLS,KANALAS JN,PBR,PORBANDAR,105,2,40,16:45:00,14:05:00,59206,0,0,0,0,0,0
59206,Porbandar Wansjaliya Passenger,Pass,Passenger,WR,PBR,PORBANDAR,KNLS,KANALAS JN,105,2,30,13:40:00,11:10:00,59205,0,0,0,0,0,0
59207,Bhavnagar Okha Passenger,Pass,Passenger,WR,BVC,BHAVNAGAR TERMINUS,OKHA,OKHA,538,15,55,13:20:00,21:25:00,59208,1,0,0,0,0,0
59208,Bhavnagar Passenger,Pass,Passenger,WR,OKHA,OKHA,BVC,BHAVNAGAR TERMINUS,538,15,15,05:50:00,14:35:00,59207,1,0,0,0,0,0
59211,Rajkot Porbandar Fast Passenger,Pass,Passenger,WR,RJT,RAJKOT JN,PBR,PORBANDAR,213,5,50,20:00:00,14:10:00,59212,0,0,0,0,0,0
59031,Surat Bharuch Passenger,Pass,Passenger,WR,ST,SURAT,BH,BHARUCH JN,60,1,25,20:00:00,18:35:00,59032,0,0,0,0,0,0
59032,Bharuch Surat Passenger,Pass,Passenger,WR,BH,BHARUCH JN,ST,SURAT,60,1,35,08:20:00,06:45:00,59031,0,0,0,0,0,0
59161,Bharuch Vadtal Swaminarayan Passenger,Pass,Passenger,WR,BH,BHARUCH JN,VTL,Vadtal Swaminarayan,120,4,45,10:45:00,06:00:00,59162,0,0,0,0,0,0
59162,Vadtal Swaminarayan Bharuch Passenger,Pass,Passenger,WR,VTL,Vadtal Swaminarayan,BH,BHARUCH JN,120,4,5,20:45:00,16:40:00,59161,0,0,0,0,0,0
59212,Porbandar Rajkot Fast Passenger,Pass,Passenger,WR,PBR,PORBANDAR,RJT,RAJKOT JN,213,6,15,13:30:00,07:15:00,59211,0,0,0,0,0,0
59213,Bhanvad Porbandar Passenger,Pass,Passenger,WR,BNVD,BHANVAD,PBR,PORBANDAR,52,2,0,09:30:00,07:30:00,59214,0,0,0,0,0,0
59215,Bhanvad Porbandar Passenger,Pass,Passenger,WR,BNVD,BHANVAD,PBR,PORBANDAR,52,1,20,22:35:00,21:15:00,59216,0,0,0,0,0,0
59216,Porbandar Bhanvad Passenger,Pass,Passenger,WR,PBR,PORBANDAR,BNVD,BHANVAD,52,1,30,20:35:00,19:05:00,59215,0,0,0,0,0,0
59225,Bhavnagar Mahuva Passenger,Pass,Passenger,WR,BVC,BHAVNAGAR TERMINUS,MHV,MAHUVA JN,203,4,45,14:10:00,09:25:00,59226,0,0,0,0,0,0
59226,Mahuva Bhavnagar Passenger,Pass,Passenger,WR,MHV,MAHUVA JN,BVP,BHAVANAGAR PARA,220,5,10,19:40:00,14:30:00,59225,0,0,0,0,0,0
59227,Botad Bhavnagar Passenger,Pass,Passenger,WR,BTD,BOTAD JN,BVC,BHAVNAGAR TERMINUS,93,2,15,23:25:00,21:10:00,59228,0,0,0,0,0,0
59228,Bhavnagar-Botad Passenger,Pass,Passenger,WR,BVC,BHAVNAGAR TERMINUS,BTD,BOTAD JN,93,2,10,07:10:00,05:00:00,59229,0,0,0,0,0,0
59229,Botad Jn-Bhavnagar T Passenger,Pass,Passenger,WR,BTD,BOTAD JN,BVC,BHAVNAGAR TERMINUS,93,2,30,08:55:00,06:25:00,59228,0,0,0,0,0,0
59230,Bhavnagar Botad Passenger,Pass,Passenger,WR,BVC,BHAVNAGAR TERMINUS,ST,SURAT,526,13,0,07:40:00,18:40:00,59229,0,0,0,0,0,0
59231,Surendranagar Botad Passenger,Pass,Passenger,WR,SUNR,SURENDRANAGAR,BTD,BOTAD JN,77,1,45,20:35:00,18:50:00,59232,0,0,0,0,0,0
59232,Botad Surendranagar Passenger,Pass,Passenger,WR,BTD,BOTAD JN,SUNR,SURENDRANAGAR,77,1,50,09:05:00,07:15:00,59231,0,0,0,0,0,0
59233,Surendranagar Bhavnagar Passenger,Pass,Passenger,WR,SUNR,SURENDRANAGAR,BVC,BHAVNAGAR TERMINUS,170,4,10,13:35:00,09:25:00,59234,0,0,0,0,0,0
59234,Bhavnagar Surendranagar Passenger,Pass,Passenger,WR,BVC,BHAVNAGAR TERMINUS,SUNR,SURENDRANAGAR,170,3,50,18:30:00,14:40:00,59233,0,0,0,0,0,0
59235,Dhola Mahuva Passenger,Pass,Passenger,WR,DLJ,DHOLA JN,MHV,MAHUVA JN,153,3,30,10:00:00,06:30:00,59236,0,0,0,0,0,0
59236,Mahuva Dhola Passenger,Pass,Passenger,WR,MHV,MAHUVA JN,DLJ,DHOLA JN,153,3,35,21:05:00,17:30:00,59235,0,0,0,0,0,0
59243,Rajula Mahuva Passenger,Pass,Passenger,WR,RJU,Rajula City,MHV,MAHUVA JN,38,1,25,13:30:00,12:05:00,59244,0,0,0,0,0,0
59244,Mahuva Rajula Passenger,Pass,Passenger,WR,MHV,MAHUVA JN,RJU,Rajula City,38,1,20,11:45:00,10:25:00,59243,0,0,0,0,0,0
59267,Palitana Bhavnagar Passenger,Pass,Passenger,WR,PIT,Palitana,BVC,BHAVNAGAR TERMINUS,49,1,30,09:40:00,08:10:00,59268,0,0,0,0,0,0
59268,Bhavnagar Palitana Passenger,Pass,Passenger,WR,BVC,BHAVNAGAR TERMINUS,PIT,Palitana,49,1,15,07:30:00,06:15:00,59269,0,0,0,0,0,0
59269,Palitana Bhavnagar Passenger,Pass,Passenger,WR,PIT,Palitana,BVC,BHAVNAGAR TERMINUS,49,1,30,21:45:00,20:15:00,59270,0,0,0,0,0,0
59270,Bhavnagar Palitana Passenger,Pass,Passenger,WR,BVC,BHAVNAGAR TERMINUS,PIT,Palitana,49,1,15,19:30:00,18:15:00,59269,0,0,0,0,0,0
59271,Surendranagar Bhavnagar Fast Passenger,Pass,Passenger,WR,SUNR,SURENDRANAGAR,BVC,BHAVNAGAR TERMINUS,170,3,55,17:25:00,13:30:00,59272,0,0,0,0,0,0
59272,Bhavnagar Surendranagar Passenger,Pass,Passenger,WR,BVC,BHAVNAGAR TERMINUS,SUNR,SURENDRANAGAR,170,3,45,12:20:00,08:35:00,59271,0,0,0,0,0,0
59295,Palitana Bhavnagar Passenger,Pass,Passenger,WR,PIT,Palitana,BVC,BHAVNAGAR TERMINUS,49,1,15,17:50:00,16:35:00,59296,0,0,0,0,0,0
59296,Bhavnagar Palitana Passenger,Pass,Passenger,WR,BVC,BHAVNAGAR TERMINUS,PIT,Palitana,61,1,15,16:15:00,15:00:00,59295,0,0,0,0,0,0
59297,Porbandar Veraval Passenger,Pass,Passenger,WR,PBR,PORBANDAR,VRL,VERAVAL,232,5,5,11:00:00,05:55:00,59298,0,0,0,0,0,0
59298,Veraval Porbandar Passenger,Pass,Passenger,WR,VRL,VERAVAL,PBR,PORBANDAR,231,5,35,21:45:00,16:10:00,59297,0,0,0,0,0,0
59306,Ujjain-Indore Passenger,Pass,Passenger,WR,UJN,UJJAIN JN,INDB,INDORE JN BG,79,2,0,10:15:00,08:15:00,,0,1,0,0,0,0
59318,Ujjain Nagda Passenger,Pass,Passenger,WR,UJN,UJJAIN JN,NAD,NAGDA JN,56,1,25,08:45:00,07:20:00,59317,0,0,0,0,0,0
59319,Ujjain Bhopal Passenger,Pass,Passenger,WR,UJN,UJJAIN JN,BPL,BHOPAL JN,184,4,45,21:50:00,17:05:00,59320,0,0,0,0,0,0
59320,Bhopal Ujjain Passenger,Pass,Passenger,WR,BPL,BHOPAL JN,UJN,UJJAIN JN,184,4,20,10:50:00,06:30:00,59319,0,0,0,0,0,0
59341,Nagda Bina Passenger,Pass,Passenger,WR,NAD,NAGDA JN,BINA,BINA JN,429,11,50,23:25:00,11:35:00,59342,0,0,0,0,0,0
59342,Bina Nagda Passenger,Pass,Passenger,WR,BINA,BINA JN,NAD,NAGDA JN,429,11,0,15:00:00,04:00:00,59341,0,0,0,0,0,0
59345,Ratlam Nagda Passenger,Pass,Passenger,WR,RTM,RATLAM JN,NAD,NAGDA JN,41,1,0,11:20:00,10:20:00,59346,0,0,0,0,0,0
59346,Nagda Ratlam Passenger,Pass,Passenger,WR,NAD,NAGDA JN,RTM,RATLAM JN,41,0,55,09:45:00,08:50:00,59345,0,0,0,0,0,0
59355,Ratlam Mathura Passenger,Pass,Passenger,WR,RTM,RATLAM JN,MTJ,MATHURA JN,591,16,25,23:25:00,07:00:00,59356,0,0,0,0,0,0
59356,Mathura Ratlam Passenger,Pass,Passenger,WR,MTJ,MATHURA JN,RTM,RATLAM JN,591,15,45,21:00:00,05:15:00,59355,0,0,0,0,0,0
59357,Bayana Yamunabridge Passenger,Pass,Passenger,WR,BXN,BAYANA JN,JAB,YAMUNA BRIDGE AGRA,88,3,0,12:10:00,09:10:00,59358,0,0,0,0,0,0
59358,Yamuna Bridge Bayana Passenger,Pass,Passenger,WR,JAB,YAMUNA BRIDGE AGRA,BXN,BAYANA JN,88,3,15,17:00:00,13:45:00,59357,0,0,0,0,0,0
59379,Indore Maksi Passenger,Pass,Passenger,WR,INDB,INDORE JN BG,MKC,MAKSI,75,1,45,07:30:00,05:45:00,59380,0,0,0,0,0,0
59385,Panchvalley Fast Passenger,Pass,Passenger,WR,INDB,INDORE JN BG,CWA,Chhindwara Junction,554,15,20,04:30:00,13:10:00,59386,1,0,0,0,1,0
59386,Panchvalley Passenger,Pass,Passenger,WR,CWA,Chhindwara Junction,INDB,INDORE JN BG,554,16,25,13:30:00,21:05:00,59385,1,0,0,0,1,0
59317,Nagda Ujjain Passenger,Pass,Passenger,WR,NAD,NAGDA JN,UJN,UJJAIN JN,56,1,35,19:35:00,18:00:00,59318,0,0,0,0,0,0
59354,Ujjain Nagda Passenger,Pass,Passenger,WR,UJN,UJJAIN JN,NAD,NAGDA JN,56,1,35,22:15:00,20:40:00,59353,0,0,0,0,0,0
59386-Slip2,Panchvalley Passenger Slip2,Pass,Passenger,SECR,CWA,Chhindwara Junction,GKP,GORAKHPUR JN,1197,34,20,07:25:00,21:05:00,,1,0,0,0,0,0
59387,Nagda Indore Bg Passenger,Pass,Passenger,WR,NAD,NAGDA JN,INDB,INDORE JN BG,135,4,5,19:20:00,15:15:00,59388,0,0,0,0,0,0
59388,Indore Bg Nagda Passenger,Pass,Passenger,WR,INDB,INDORE JN BG,NAD,NAGDA JN,135,4,20,12:50:00,08:30:00,59387,0,0,0,0,0,0
59389,Indore-Bhopal Fast Passenger,Pass,Passenger,WR,INDB,INDORE JN BG,BPL,BHOPAL JN,263,5,45,05:30:00,23:45:00,59390,1,0,0,0,1,0
59390,Bhopal-Indore Fast Passenger,Pass,Passenger,WR,BPL,BHOPAL JN,INDB,INDORE JN BG,263,5,45,04:35:00,22:50:00,59389,1,0,0,0,1,0
59395,Amla Chhindwara Passenger,Pass,Passenger,WR,AMLA,AMLA JN,CWA,Chhindwara Junction,115,3,30,20:00:00,16:30:00,59396,0,0,0,0,0,0
59396,Chhindwara Amla Passenger,Pass,Passenger,WR,CWA,Chhindwara Junction,AMLA,AMLA JN,115,3,10,11:10:00,08:00:00,59395,0,0,0,0,0,0
59421,Rajkot Veraval Passenger,Pass,Passenger,WR,RJT,RAJKOT JN,VRL,VERAVAL,185,4,30,12:20:00,07:50:00,,0,0,0,0,0,0
59422,Somnath Rajkot Passenger,Pass,Passenger,WR,SMNH,SOMNATH,RJT,RAJKOT JN,190,5,0,09:20:00,04:20:00,59423,0,0,0,0,0,0
59423,Rajkot Somnath Passenger,Pass,Passenger,WR,RJT,RAJKOT JN,SMNH,SOMNATH,190,5,0,23:20:00,18:20:00,59422,0,0,0,0,0,0
59424,Veraval Rajkot Passenger,Pass,Passenger,WR,VRL,VERAVAL,RJT,RAJKOT JN,185,4,30,22:10:00,17:40:00,,0,0,0,0,0,0
59439,Ahmadabad Passenger,Pass,Passenger,WR,BCT,Mumbai Central,ADI,AHMEDABAD JN,491,16,25,04:40:00,12:15:00,,1,0,0,0,0,0
59440,Ahmedabad Passenger,Pass,Passenger,WR,ADI,AHMEDABAD JN,BVI,BORIVALI,462,15,0,14:00:00,23:00:00,,0,0,0,0,0,0
59441,Mumbai Central-Ahmedabad Passenger,Pass,Passenger,WR,BCT,Mumbai Central,ADI,AHMEDABAD JN,491,16,15,14:55:00,22:40:00,59442,1,0,1,0,0,0
59441-Slip,Ahmedabad Passenger Slip,Pass,Passenger,WR,BCT,Mumbai Central,NDB,NANDURBAR,423,14,5,12:45:00,22:40:00,,1,0,1,0,0,0
59459,Rajkot Veraval Passenger,Pass,Passenger,WR,RJT,RAJKOT JN,VRL,VERAVAL,185,4,20,15:35:00,11:15:00,,0,1,1,1,0,0
59460,Veraval Mumbai Central Passenger Express,Pass,Passenger,WR,VRL,VERAVAL,BCT,Mumbai Central,923,18,20,07:40:00,13:20:00,,1,1,1,1,0,0
59461,Borivali Dahanu Shuttle,Pass,Passenger,WCR,BVI,BORIVALI,DRD,DAHANU ROAD,90,2,5,18:05:00,16:00:00,,0,0,0,0,0,0
59462,Dahanu Mumbai Passenger,Pass,Passenger,WR,DRD,DAHANU ROAD,BCT,Mumbai Central,120,3,10,22:05:00,18:55:00,,0,0,0,0,0,0
59473,ADI - PTN PASSENGER,Pass,Passenger,WR,ADI,AHMEDABAD JN,PTN,PATAN,107,3,5,06:35:00,03:30:00,59474,0,0,0,0,0,0
59474,PATAN - AHMEDABAD PASSENGER,Pass,Passenger,WR,PTN,PATAN,ADI,AHMEDABAD JN,106,3,35,23:35:00,20:00:00,59473,0,0,0,0,0,0
59475,Mahesana Patan Passenger,Pass,Passenger,WCR,MSH,MAHESANA JN,PTN,PATAN,40,0,55,11:10:00,10:15:00,59476,0,0,0,0,0,0
59476,Patan Mehsana Passenger,Pass,Passenger,WCR,PTN,PATAN,MSH,MAHESANA JN,40,1,0,13:05:00,12:05:00,59475,0,0,0,0,0,0
59477,Mahesana Patan Passenger,Pass,Passenger,WCR,MSH,MAHESANA JN,PTN,PATAN,40,0,55,16:15:00,15:20:00,59476,0,0,0,0,0,0
59478,Patan Mehsana Passenger,Pass,Passenger,WCR,PTN,PATAN,MSH,MAHESANA JN,40,0,55,18:00:00,17:05:00,59477,0,0,0,0,0,0
59481,Haldighati Passenger,Pass,Passenger,WCR,MSH,MAHESANA JN,PTN,PATAN,40,0,55,19:25:00,18:30:00,59482,0,0,0,0,0,0
59482,Patan Mahesana Passenger,Pass,Passenger,WCR,PTN,PATAN,MSH,MAHESANA JN,40,0,55,07:50:00,06:55:00,59481,0,0,0,0,0,0
59483,AHMEDABAD PATAN PASS,Pass,Passenger,WCR,MSH,MAHESANA JN,PTN,PATAN,40,0,55,06:35:00,05:40:00,59484,0,0,0,0,0,0
59484,Patan Mahesana DMU,Pass,Passenger,WCR,PTN,PATAN,MSH,MAHESANA JN,40,0,55,21:20:00,20:25:00,59483,0,0,0,0,0,0
59503,Viramgam Okha Fast Passenger,Pass,Passenger,WR,VG,VIRAMGAM JN,OKHA,OKHA,429,13,0,00:35:00,11:35:00,59504,0,0,0,0,0,0
59504,Okha Viramgam Fast Passenger,Pass,Passenger,WR,OKHA,OKHA,VG,VIRAMGAM JN,429,13,35,16:35:00,03:00:00,59503,0,0,0,0,0,0
59509,Mahesana Viramgam Passenger,Pass,Passenger,WR,MSH,MAHESANA JN,VG,VIRAMGAM JN,66,1,55,10:20:00,08:25:00,59510,0,0,0,0,0,0
59510,Viramgam Mahesana Passenger,Pass,Passenger,WR,VG,VIRAMGAM JN,MSH,MAHESANA JN,66,1,55,07:55:00,06:00:00,59509,0,0,0,0,0,0
59511,Mahesana Viramgam,Pass,Passenger,WR,MSH,MAHESANA JN,VG,VIRAMGAM JN,66,1,55,21:15:00,19:20:00,59512,0,0,0,0,0,0
59512,Viramgam Mahesana,Pass,Passenger,WR,VG,VIRAMGAM JN,MSH,MAHESANA JN,66,1,55,18:20:00,16:25:00,59511,0,0,0,0,0,0
59547,Ahmedabad Okha Passenger,Pass,Passenger,WR,ADI,AHMEDABAD JN,OKHA,OKHA,499,17,10,05:10:00,12:00:00,59548,1,0,0,0,0,0
59548,Okha Ahmedabad Passenger,Pass,Passenger,WR,OKHA,OKHA,ADI,AHMEDABAD JN,499,16,0,14:10:00,22:10:00,59547,1,0,0,0,0,0
59601,Beawar Ajmer Passenger,Pass,Passenger,NWR,BER,BEAWAR,AII,AJMER JN,53,1,20,09:05:00,07:45:00,59602,0,0,0,0,0,0
59602,Ajmer Beawar Passenger,Pass,Passenger,NWR,AII,AJMER JN,BER,BEAWAR,53,1,20,19:10:00,17:50:00,59601,0,0,0,0,0,0
59603,Ajmer Udaipur Passenger,Pass,Passenger,NWR,AII,AJMER JN,UDZ,UDAIPUR CITY,300,8,55,16:55:00,08:00:00,59604,0,0,0,0,0,0
59604,Udaipur Ajmer Passenger,Pass,Passenger,NWR,UDZ,UDAIPUR CITY,AII,AJMER JN,300,8,20,18:00:00,09:40:00,59603,0,0,0,0,0,0
59605,Chittaurgarh Udaipur Passenger,Pass,Passenger,NWR,COR,CHITTAURGARH,UDZ,UDAIPUR CITY,114,2,50,08:35:00,05:45:00,59606,0,0,0,0,0,0
59606,Udaipur Chittaurgarh Passenger,Pass,Passenger,NWR,UDZ,UDAIPUR CITY,COR,CHITTAURGARH,114,3,5,22:35:00,19:30:00,59605,0,0,0,0,0,0
59702,Hisar-Jaipur Passenger,Pass,Passenger,NWR,HSR,Hisar,JP,JAIPUR,368,9,45,09:15:00,23:30:00,59701,1,0,0,0,0,0
59703,Hisar Rewari Passenger,Pass,Passenger,NWR,HSR,Hisar,RE,REWARI,143,3,45,10:05:00,06:20:00,59704,0,0,0,0,0,0
59704,Gondia Durg Passenger,Pass,Passenger,NWR,RE,REWARI,HSR,Hisar,143,3,45,21:15:00,17:30:00,59703,0,0,0,0,0,0
51239,Amla Betul Passenger,Pass,Passenger,WCR,AMLA,AMLA JN,BZU,BETUL,23,0,35,07:40:00,07:05:00,51240,0,0,0,0,0,0
59394,Habibganj Dahod Fast Pass,Pass,Passenger,WR,HBJ,HABIBGANJ,DHD,DAHOD,400,11,0,22:50:00,11:50:00,59393,0,0,0,0,0,1
59705,Suratgarh Jaipur Passenger,Pass,Passenger,NWR,SOG,SURATGARH JN,JP,JAIPUR,562,15,45,22:00:00,06:15:00,59706,0,0,0,0,0,0
59707,ANUPGARH - SURATGARH Passenger,Pass,Passenger,NWR,APH,ANUPGARH,SOG,SURATGARH JN,76,1,50,12:25:00,10:35:00,59708,0,0,0,0,0,0
59708,SURATGARH - ANUPGARH Passenger,Pass,Passenger,NWR,SOG,SURATGARH JN,APH,ANUPGARH,76,1,55,10:05:00,08:10:00,59707,0,0,0,0,0,0
59709,APH-SOG  PASSANGER,Pass,Passenger,NWR,APH,ANUPGARH,SOG,SURATGARH JN,76,1,40,18:40:00,17:00:00,59708,0,0,0,0,0,0
59710,Suratgarh Anupgarh Passenger,Pass,Passenger,NWR,SOG,SURATGARH JN,APH,ANUPGARH,76,1,45,16:35:00,14:50:00,59709,0,0,0,0,0,0
59711,Bhatinda Suratgarh Passenger,Pass,Passenger,NWR,BTI,BHATINDA JN,SOG,SURATGARH JN,142,3,40,18:25:00,14:45:00,59712,0,0,0,0,0,0
59712,Suratgarh Bhatinda Passenger,Pass,Passenger,NWR,SOG,SURATGARH JN,BTI,BHATINDA JN,142,3,35,12:35:00,09:00:00,59711,0,0,0,0,0,0
59713,Phulera Jaipur Passenger,Pass,Passenger,NWR,FL,PHULERA JN,JP,JAIPUR,55,1,15,08:15:00,07:00:00,59714,0,0,0,0,0,0
59714,Jaipur Phulera Passenger,Pass,Passenger,NWR,JP,JAIPUR,FL,PHULERA JN,55,1,30,19:55:00,18:25:00,59713,0,0,0,0,0,0
59715,Phulera Rewari Passenger,Pass,Passenger,NWR,FL,PHULERA JN,RE,REWARI,216,5,0,08:30:00,03:30:00,59716,0,0,0,0,0,0
59716,Rewari Phulera Passenger,Pass,Passenger,NWR,RE,REWARI,FL,PHULERA JN,216,5,0,10:30:00,05:30:00,59715,0,0,0,0,0,0
59717,Phulera Rewari Passenger,Pass,Passenger,NWR,FL,PHULERA JN,RE,REWARI,216,4,50,21:50:00,17:00:00,59716,0,0,0,0,0,0
59718,Rewari Phulera Passenger,Pass,Passenger,NWR,RE,REWARI,FL,PHULERA JN,216,4,50,23:55:00,19:05:00,59717,0,0,0,0,0,0
59721,Jaipur Hisar Passenger,Pass,Passenger,NWR,JP,JAIPUR,HSR,Hisar,369,8,25,13:40:00,05:15:00,59722,0,0,0,0,0,0
59722,Hisar - Jaipur Fast Passenger,Pass,Passenger,NWR,HSR,Hisar,JP,JAIPUR,369,8,45,22:55:00,14:10:00,59721,0,0,0,0,0,0
59723,Rewari Sadulpur Passenger,Pass,Passenger,NWR,RE,REWARI,HSR,Hisar,211,5,0,12:15:00,07:15:00,59724,1,0,0,0,0,0
59724,Sadulpur Rewari Passenger,Pass,Passenger,NWR,HSR,Hisar,RE,REWARI,211,5,20,18:05:00,12:45:00,59723,1,0,0,0,0,0
59725,Rewari Sadulpur Passenger,Pass,Passenger,NWR,RE,REWARI,HSR,Hisar,211,5,25,00:20:00,18:55:00,59726,1,0,0,0,0,0
59726,Sadulpur Rewari Passenger,Pass,Passenger,NWR,HSR,Hisar,RE,REWARI,211,5,25,06:10:00,00:45:00,59725,1,0,0,0,0,0
59801,Kota Jaipur Passenger,Pass,Passenger,WR,KOTA,KOTA JN,JP,JAIPUR,240,4,45,04:30:00,23:45:00,,1,1,1,0,0,0
59802,Jaipur Nagda Fast Passenger,Pass,Passenger,WR,JP,JAIPUR,NAD,NAGDA JN,465,11,45,11:15:00,23:30:00,,1,1,1,0,0,0
59805,Bayana Jaipur Fast Passenger,Pass,Passenger,WR,JP,JAIPUR,BXN,BAYANA JN,273,6,20,13:05:00,06:45:00,59806,0,0,0,0,0,0
59806,Jaipur Bayana Fast Passenger,Pass,Passenger,WR,BXN,BAYANA JN,JP,JAIPUR,273,6,20,20:10:00,13:50:00,59805,0,0,0,0,0,0
59811,Haldighati Passenger,Pass,Passenger,WR,RTM,RATLAM JN,AF,AGRA FORT,694,21,15,06:00:00,08:45:00,59812,1,0,0,0,0,0
59812,Haldighati Passenger,Pass,Passenger,WR,AF,AGRA FORT,RTM,RATLAM JN,694,20,55,16:00:00,19:05:00,59811,1,0,0,0,0,0
59813,Kota Agra Yamuna Bridge Passenger,Pass,Passenger,WR,KOTA,KOTA JN,JAB,YAMUNA BRIDGE AGRA,336,10,10,17:25:00,07:15:00,,0,0,0,0,0,0
59814,Agra Fort Bayana Passenger,Pass,Passenger,WR,AF,AGRA FORT,KOTA,KOTA JN,333,9,15,17:15:00,08:00:00,,0,0,0,0,0,0
59821,KOTA - BHIND Passenger,Pass,Passenger,WCR,KOTA,KOTA JN,BIX,BHIND,495,16,35,14:40:00,22:05:00,59822,1,0,0,0,0,0
59822,BHIND - KOTA PASSENGER,Pass,Passenger,WCR,BIX,BHIND,KOTA,KOTA JN,500,15,5,09:15:00,18:10:00,59821,1,0,0,0,0,0
59831,Vadodara Kota Passenger,Pass,Passenger,WR,BRC,VADODARA JN,KOTA,KOTA JN,526,15,0,22:15:00,07:15:00,59832,0,0,0,0,0,0
59833,Kota Nimach Passenger,Pass,Passenger,WR,KOTA,KOTA JN,NMH,NIMACH,227,7,15,06:00:00,22:45:00,59834,0,0,0,0,0,0
59834,Nimach Kota Passenger,Pass,Passenger,WR,NMH,NIMACH,KOTA,KOTA JN,227,6,30,05:00:00,22:30:00,59833,0,0,0,0,0,0
59835,Nimach Udaipur Passenger,Pass,Passenger,WR,NMH,NIMACH,UDZ,UDAIPUR CITY,170,4,25,11:40:00,07:15:00,59836,0,0,0,0,0,0
59836,Udaipur Nimach Passenger,Pass,Passenger,WR,UDZ,UDAIPUR CITY,NMH,NIMACH,170,4,45,19:50:00,15:05:00,59835,0,0,0,0,0,0
61135,Badnera Amravati Passenger,MEMU,MEMU,CR,BD,BADNERA JN,AMI,Amravati,6,0,15,01:45:00,01:30:00,,0,0,0,0,0,0
63153,JASIDIH BAIDYANATH PASS,Pass,Passenger,?,JSME,JASIDIH JN,BDME,Baidyanathdham Deoghar,6,0,20,08:45:00,08:25:00,63154,0,0,0,0,0,0
63154,BAIDYANATH JASIDIH PASS,Pass,Passenger,?,BDME,Baidyanathdham Deoghar,JSME,JASIDIH JN,6,0,20,09:50:00,09:30:00,63155,0,0,0,0,0,0
63155,JASIDIH BAIDYANATH PASS,Pass,Passenger,?,JSME,JASIDIH JN,BDME,Baidyanathdham Deoghar,6,0,20,10:20:00,10:00:00,63156,0,0,0,0,0,0
63156,BAIDYANATH JASIDIH PASS,Pass,Passenger,ER,BDME,Baidyanathdham Deoghar,JSME,JASIDIH JN,6,0,20,11:10:00,10:50:00,63157,0,0,0,0,0,0
63157,Jasidih Baidyanathdham Passenger,MEMU,MEMU,ER,JSME,JASIDIH JN,BDME,Baidyanathdham Deoghar,6,0,19,12:45:00,12:26:00,63156,0,0,0,0,0,0
63160,BAIDYANATH JASIDIH PASS,Pass,Passenger,?,BDME,Baidyanathdham Deoghar,JSME,JASIDIH JN,6,0,20,15:50:00,15:30:00,63161,0,0,0,0,0,0
63161,JASIDIH BAIDYANATH PASS,Pass,Passenger,?,JSME,JASIDIH JN,BDME,Baidyanathdham Deoghar,6,0,20,17:00:00,16:40:00,63162,0,0,0,0,0,0
63162,BAIDYANATH JASIDIH PASS,Pass,Passenger,ER,BDME,Baidyanathdham Deoghar,JSME,JASIDIH JN,6,0,20,17:30:00,17:10:00,63161,0,0,0,0,0,0
63163,JASIDIH BAIDYANATH PASS,Pass,Passenger,?,JSME,JASIDIH JN,BDME,Baidyanathdham Deoghar,6,0,20,18:05:00,17:45:00,63164,0,0,0,0,0,0
63164,BAIDYANATH JASIDIH PASS,Pass,Passenger,ER,BDME,Baidyanathdham Deoghar,JSME,JASIDIH JN,6,0,20,18:45:00,18:25:00,63165,0,0,0,0,0,0
63165,JASIDIH BAIDYANATH PASS,Pass,Passenger,?,JSME,JASIDIH JN,BDME,Baidyanathdham Deoghar,6,0,20,20:10:00,19:50:00,63166,0,0,0,0,0,0
63167,JASIDIH BAIDYANATH PASS,Pass,Passenger,ER,JSME,JASIDIH JN,BDME,Baidyanathdham Deoghar,6,0,15,23:05:00,22:50:00,63166,0,0,0,0,0,0
63168,BAIDYANATH JASIDIH PASS,Pass,Passenger,ER,BDME,Baidyanathdham Deoghar,JSME,JASIDIH JN,6,0,15,23:45:00,23:30:00,63167,0,0,0,0,0,0
63207,Jhajha Patna Passenger MEMU,MEMU,MEMU,ECR,JAJ,JHAJHA,PNBE,PATNA JN,176,6,15,11:50:00,05:35:00,63208,0,0,0,0,0,0
63208,Patna Jhajha Passenger MEMU,MEMU,MEMU,ECR,PNBE,PATNA JN,JAJ,JHAJHA,176,6,10,14:40:00,08:30:00,63207,0,0,0,0,0,0
63209,Jhajha Patna MEMU,MEMU,MEMU,ECR,JAJ,JHAJHA,PNBE,PATNA JN,176,6,35,13:35:00,07:00:00,63208,0,0,0,0,0,0
63210,PATNA - JHAJHA Passenger,MEMU,MEMU,ECR,PNBE,PATNA JN,JAJ,JHAJHA,176,5,45,17:20:00,11:35:00,63211,0,0,0,0,0,0
63211,JASIDIH - PATNA MEMU,MEMU,MEMU,ECR,JSME,JASIDIH JN,PNBE,PATNA JN,176,6,40,23:40:00,17:00:00,63210,0,0,0,0,0,0
63212,Patna-Jhajha Passenger MEMU,MEMU,MEMU,ECR,PNBE,PATNA JN,JAJ,JHAJHA,176,6,5,20:35:00,14:30:00,63211,0,0,0,0,0,0
63217,Mokama Danapur Passenger,MEMU,MEMU,ECR,MKA,MOKAMEH JN,DNR,DANAPUR,99,3,25,09:30:00,06:05:00,63218,0,0,0,0,0,0
63218,Danapur Mokameh passenger,MEMU,MEMU,ECR,DNR,DANAPUR,MKA,MOKAMEH JN,99,3,25,21:45:00,18:20:00,63217,0,0,0,0,0,0
63219,Danapur Ara MEMU,MEMU,MEMU,ECR,DNR,DANAPUR,RPR,RAGHUNATHPUR,76,2,15,12:05:00,09:50:00,,0,0,0,0,0,0
63220,Ara Danapur Passenger,MEMU,MEMU,ECR,RPR,RAGHUNATHPUR,PNBE,PATNA JN,85,3,5,18:05:00,15:00:00,,0,0,0,0,0,0
63223,Patna Ara Passenger DEMU,MEMU,MEMU,ECR,PNBE,PATNA JN,ARA,ARA,49,1,50,22:20:00,20:30:00,63224,0,0,0,0,0,0
63224,Ara Patna MEMU,MEMU,MEMU,ECR,ARA,ARA,PNBE,PATNA JN,49,1,40,05:10:00,03:30:00,63223,0,0,0,0,0,0
63225,Patna Buxar Passenger MEMU,MEMU,MEMU,ECR,PNBE,PATNA JN,BXR,BUXAR,117,3,15,15:35:00,12:20:00,63226,0,0,0,0,0,0
63226,Buxar Patna Passenger,MEMU,MEMU,ECR,BXR,BUXAR,PNBE,PATNA JN,117,3,50,19:50:00,16:00:00,63227,0,0,0,0,0,0
63227,Patna Buxar Passenger MEMU,MEMU,MEMU,ECR,PNBE,PATNA JN,BXR,BUXAR,117,3,20,11:00:00,07:40:00,63226,0,0,0,0,0,0
63228,Baxur Patna Passenger MEMU,MEMU,MEMU,ECR,BXR,BUXAR,PNBE,PATNA JN,117,4,55,23:35:00,18:40:00,63227,0,0,0,0,0,0
63229,Buxar Mughal Sarai Passenger MEMU,MEMU,MEMU,ECR,BXR,BUXAR,MGS,MUGHAL SARAI JN,94,3,45,15:15:00,11:30:00,63230,0,0,0,0,0,0
63230,Mughal Sarai Buxar Passenger,MEMU,MEMU,ECR,MGS,MUGHAL SARAI JN,BXR,BUXAR,94,2,45,18:30:00,15:45:00,63229,0,0,0,0,0,0
63231,Patna Buxar Passenger DMU,MEMU,MEMU,ECR,PNBE,PATNA JN,BXR,BUXAR,117,4,5,23:40:00,19:35:00,63232,0,0,0,0,0,0
63232,Buxar Patna Passenger,MEMU,MEMU,ECR,BXR,BUXAR,PNBE,PATNA JN,117,4,0,10:30:00,06:30:00,63231,0,0,0,0,0,0
63243,Patna Gaya Passenger MEMU,MEMU,MEMU,ECR,PNBE,PATNA JN,GAYA,GAYA JN,92,3,25,10:25:00,07:00:00,63242,0,0,0,0,0,0
63244,Gaya Patna Passenger MEMU,MEMU,MEMU,ECR,GAYA,GAYA JN,PNBE,PATNA JN,92,3,30,09:15:00,05:45:00,63243,0,0,0,0,0,0
63245,Patna Gaya Passenger MEMU,MEMU,MEMU,ECR,PNBE,PATNA JN,GAYA,GAYA JN,92,3,10,11:40:00,08:30:00,63244,0,0,0,0,0,0
63246,Gaya Patna Passenger MEMU,MEMU,MEMU,ECR,GAYA,GAYA JN,PNBE,PATNA JN,92,3,10,13:40:00,10:30:00,63245,0,0,0,0,0,0
63247,Patna Gaya Passenger MEMU,MEMU,MEMU,ECR,PNBE,PATNA JN,GAYA,GAYA JN,92,2,45,13:15:00,10:30:00,63246,0,0,0,0,0,0
63248,Gaya Patna Passenger MEMU,MEMU,MEMU,ECR,GAYA,GAYA JN,PNBE,PATNA JN,92,3,25,14:55:00,11:30:00,63247,0,0,0,0,0,0
63249,Patna Gaya Passenger MEMU,MEMU,MEMU,ECR,PNBE,PATNA JN,GAYA,GAYA JN,92,3,0,17:30:00,14:30:00,63248,0,0,0,0,0,0
63250,Gaya Patna Passenger MEMU,MEMU,MEMU,ECR,GAYA,GAYA JN,PNBE,PATNA JN,92,2,55,15:20:00,12:25:00,63249,0,0,0,0,0,0
63251,Patna Gaya Passenger MEMU,MEMU,MEMU,ECR,PNBE,PATNA JN,GAYA,GAYA JN,92,3,20,19:35:00,16:15:00,63250,0,0,0,0,0,0
63252,Gaya Patna Passenger MEMU,MEMU,MEMU,ECR,GAYA,GAYA JN,PNBE,PATNA JN,92,3,0,18:00:00,15:00:00,63251,0,0,0,0,0,0
63253,Patna Gaya Passenger MEMU,MEMU,MEMU,ECR,PNBE,PATNA JN,GAYA,GAYA JN,92,2,45,21:15:00,18:30:00,63252,0,0,0,0,0,0
63254,Gaya Patna Passenger MEMU,MEMU,MEMU,ECR,GAYA,GAYA JN,PNBE,PATNA JN,92,3,25,21:35:00,18:10:00,63255,0,0,0,0,0,0
63255,Patna Gaya Passenger MEMU,MEMU,MEMU,ECR,PNBE,PATNA JN,GAYA,GAYA JN,92,3,0,01:00:00,22:00:00,63254,0,0,0,0,0,0
63256,Gaya Patna Passenger MEMU,MEMU,MEMU,ECR,GAYA,GAYA JN,PNBE,PATNA JN,92,2,41,00:01:00,21:20:00,63255,0,0,0,0,0,0
63501,HWH BWN FAST,MEMU,MEMU,ER,HWH,HOWRAH JN,BWN,BARDDHAMAN JN,107,1,50,03:40:00,01:50:00,63502,0,0,0,0,1,0
63502,BWN Howrah EMU,MEMU,MEMU,ER,BWN,BARDDHAMAN JN,HWH,HOWRAH JN,105,2,22,00:20:00,21:58:00,63501,0,0,0,0,0,0
63505,Barddhaman Asansol mEMU,MEMU,MEMU,ER,BWN,BARDDHAMAN JN,ASN,ASANSOL JN,106,1,55,06:05:00,04:10:00,,0,0,0,0,0,0
63509,Barddhaman Asansol mEMU,MEMU,MEMU,ER,BWN,BARDDHAMAN JN,ASN,ASANSOL JN,106,1,50,09:15:00,07:25:00,,0,0,0,0,0,0
63511,Barddhaman Asansol mEMU,MEMU,MEMU,ER,BWN,BARDDHAMAN JN,ASN,ASANSOL JN,106,1,55,10:35:00,08:40:00,,0,0,0,0,0,0
63513,Barddhaman Asansol mEMU,MEMU,MEMU,ER,BWN,BARDDHAMAN JN,ASN,ASANSOL JN,106,1,50,11:50:00,10:00:00,,0,0,0,0,0,0
63515,Barddhaman Asansol mEMU,MEMU,MEMU,ER,BWN,BARDDHAMAN JN,ASN,ASANSOL JN,106,1,50,13:55:00,12:05:00,,0,0,0,0,0,0
63519,Barddhaman Asansol mEMU,MEMU,MEMU,ER,BWN,BARDDHAMAN JN,ASN,ASANSOL JN,106,1,55,17:15:00,15:20:00,63518,0,0,0,0,0,0
63521,Barddhaman Asansol mEMU,MEMU,MEMU,ER,BWN,BARDDHAMAN JN,ASN,ASANSOL JN,106,1,50,17:55:00,16:05:00,,0,0,0,0,0,0
63523,Barddhaman Asansol mEMU,MEMU,MEMU,ER,BWN,BARDDHAMAN JN,ASN,ASANSOL JN,106,1,55,19:15:00,17:20:00,,0,0,0,0,0,0
63597,Ranchi Asansol MEMU,MEMU,MEMU,ER,RNC,RANCHI,ASN,ASANSOL JN,199,6,15,17:45:00,11:30:00,63598,0,0,0,0,0,0
63598,Asansol Ranchi MEMU,MEMU,MEMU,ER,ASN,ASANSOL JN,RNC,RANCHI,198,5,45,11:05:00,05:20:00,63597,0,0,0,0,0,0
13155,KOLKATA CHITPUR - SITAMARHI Mithilanchal Exp,Exp,Express,ER,KOAA,KOLKATA CHITPUR,SMI,SITAMARHI JN,552,12,15,09:10:00,20:55:00,13156,1,1,0,0,0,0
53042,JAYNAGAR - HOWRAH Passenger,Pass,Passenger,ER,JYG,JAYNAGAR,HWH,HOWRAH JN,730,28,20,23:05:00,18:45:00,53041,0,0,0,0,0,0
54159,Jhansi Banda Passenger,Pass,Passenger,NCR,JHS,JHANSI JN,BNDA,BANDA JN,191,4,20,16:50:00,12:30:00,54160,0,0,0,0,0,0
63525,Barddhaman Asansol mEMU,MEMU,MEMU,ER,BWN,BARDDHAMAN JN,ASN,ASANSOL JN,106,1,55,22:00:00,20:05:00,,0,0,0,0,0,0
63541,ASANSOL-GOMOH PASSENGER (MEMU),MEMU,MEMU,ER,ASN,ASANSOL JN,GMO,GOMOH JN,87,1,53,07:03:00,05:10:00,63542,0,0,0,0,0,0
63542,Gomoh-Asansol MEMU,MEMU,MEMU,ER,GMO,GOMOH JN,ASN,ASANSOL JN,87,2,0,09:20:00,07:20:00,63541,0,0,0,0,0,0
63543,ASANSOL GOMOH PASS,MEMU,MEMU,ER,ASN,ASANSOL JN,GMO,GOMOH JN,87,2,5,20:15:00,18:10:00,63542,0,0,0,0,0,0
63544,Gomoh Asansol Passenger MEMU,MEMU,MEMU,ER,GMO,GOMOH JN,ASN,ASANSOL JN,87,1,50,23:00:00,21:10:00,63543,0,0,0,0,0,0
63546,Dhanbad Asansol Passenger MEMU,MEMU,MEMU,ER,DHN,DHANBAD JN,ASN,ASANSOL JN,58,1,20,11:10:00,09:50:00,63545,0,0,0,0,0,0
63547,Dhanbad Hazaribagh Passenger MEMU,MEMU,MEMU,ER,DHN,DHANBAD JN,HZD,HAZARIBAGH ROAD,90,1,25,16:55:00,15:30:00,,0,0,0,0,0,0
63549,Hazaribagh Road-Gaya Passenger,MEMU,MEMU,ER,HZD,HAZARIBAGH ROAD,GAYA,GAYA JN,109,2,53,20:10:00,17:17:00,,0,0,0,0,0,0
63550,Koderma Dhanbad Passenger MEMU,MEMU,MEMU,ER,KQR,KODERMA,DHN,DHANBAD JN,133,2,25,09:45:00,07:20:00,,0,0,0,0,0,0
63551,Asansol Dhanbad Passenger MEMU,MEMU,MEMU,ER,ASN,ASANSOL JN,DHN,DHANBAD JN,58,1,20,00:20:00,23:00:00,63552,0,0,0,0,0,0
63552,Dhanbad Asansol Passenger MEMU,MEMU,MEMU,ER,DHN,DHANBAD JN,ASN,ASANSOL JN,58,1,20,04:50:00,03:30:00,63551,0,0,0,0,0,0
63556,Asansol Purulia MEMU Passenger,MEMU,MEMU,ER,ASN,ASANSOL JN,PRR,PURULIA JN,80,2,23,13:15:00,10:52:00,,0,0,0,0,0,0
63561,asansol jasidih mEMU,MEMU,MEMU,ER,ASN,ASANSOL JN,JSME,JASIDIH JN,111,2,10,09:40:00,07:30:00,,0,0,0,0,0,0
63562,baidyanath dham asansol passenger,MEMU,MEMU,ER,BDME,Baidyanathdham Deoghar,ASN,ASANSOL JN,117,2,40,06:50:00,04:10:00,,0,0,0,0,0,0
63563,Asansol Jasidh MEMU,MEMU,MEMU,ER,ASN,ASANSOL JN,JSME,JASIDIH JN,110,2,8,22:40:00,20:32:00,63564,0,0,0,0,0,0
63564,jasidih Asansol mEMU,MEMU,MEMU,ER,JSME,JASIDIH JN,ASN,ASANSOL JN,111,2,10,19:50:00,17:40:00,63563,0,0,0,0,0,0
63567,Asansol Jhajha Passenger,MEMU,MEMU,ER,ASN,ASANSOL JN,JAJ,JHAJHA,154,3,20,12:55:00,09:35:00,63568,0,0,0,0,0,0
63568,jhajha asansol memu,MEMU,MEMU,ER,JAJ,JHAJHA,ASN,ASANSOL JN,155,3,20,16:40:00,13:20:00,63567,0,0,0,0,0,0
63569,Asansol jasidih mEMU,MEMU,MEMU,ER,ASN,ASANSOL JN,JSME,JASIDIH JN,111,2,15,19:40:00,17:25:00,,0,0,0,0,0,0
63570,Baidyanathdham Asansol Passenger,MEMU,MEMU,ER,BDME,Baidyanathdham Deoghar,ASN,ASANSOL JN,117,2,40,09:00:00,06:20:00,,0,0,0,0,0,0
63572,Kiul Jasidih Passenger MEMU,MEMU,MEMU,ER,KIUL,KIUL JN,JSME,JASIDIH JN,97,2,30,08:20:00,05:50:00,,0,0,0,0,0,0
63574,Kiul Jhajha Passenger,MEMU,MEMU,ER,KIUL,KIUL JN,JSME,JASIDIH JN,97,2,25,16:35:00,14:10:00,,0,0,0,0,0,0
63591,Bokaro Steel City-Asansol Memu,MEMU,MEMU,ER,BKSC,BOKARO STEEL CITY,ASN,ASANSOL JN,140,3,10,18:50:00,15:40:00,63592,0,0,0,0,0,0
63592,Asansol-Bokaro Steel City MEMU,MEMU,MEMU,ER,ASN,ASANSOL JN,BKSC,BOKARO STEEL CITY,140,3,25,10:30:00,07:05:00,63591,0,0,0,0,0,0
63593,Purulia Asansol MEMU Passenger,MEMU,MEMU,ER,PRR,PURULIA JN,ASN,ASANSOL JN,80,2,25,16:45:00,14:20:00,63594,0,0,0,0,0,0
63594,Asansol-Purulia MEMU,MEMU,MEMU,?,ASN,ASANSOL JN,PRR,PURULIA JN,80,2,23,13:15:00,10:52:00,63593,0,0,0,0,0,0
63595,Bokaro Steel City-Asansol MEMU,MEMU,MEMU,ER,BKSC,BOKARO STEEL CITY,ASN,ASANSOL JN,194,5,10,08:50:00,03:40:00,63596,0,0,0,0,0,0
63596,Asansol-Bokaro Steel City MEMU,MEMU,MEMU,ER,ASN,ASANSOL JN,BKSC,BOKARO STEEL CITY,146,4,40,22:30:00,17:50:00,63595,0,0,0,0,0,0
64001,Delhi Panipat EMU,MEMU,MEMU,NR,DLI,OLD DELHI,PNP,PANIPAT JN,88,2,15,21:45:00,19:30:00,64002,0,0,0,0,0,0
64002,Panipat Delhi EMU,MEMU,MEMU,NR,PNP,PANIPAT JN,DLI,OLD DELHI,88,2,15,08:45:00,06:30:00,64001,0,0,0,0,0,0
64089,Nizamuddin Parikrama,Del,Special/Other,NR,NZM,DELHI H NIZAMUDDIN,PGMD,PRAGATI MAIDAN,32,1,14,17:59:00,16:45:00,,0,0,0,0,0,0
64090,Nizamuddin Parikrama EMU,Del,Special/Other,NR,NZM,DELHI H NIZAMUDDIN,LPNR,LAJPAT NAGAR,32,1,16,10:31:00,09:15:00,,0,0,0,0,0,0
64091,Nizamuddin Nizamuddin Parikrama EMU,Del,Special/Other,NR,NZM,DELHI H NIZAMUDDIN,PGMD,PRAGATI MAIDAN,37,1,36,09:36:00,08:00:00,,0,0,0,0,0,0
64092,Nizamuddin Parikrama EMU,Del,Special/Other,NR,NZM,DELHI H NIZAMUDDIN,LPNR,LAJPAT NAGAR,32,1,22,20:22:00,19:00:00,,0,0,0,0,0,0
64093,Nizamuddin Shakurbasti Parikrama,Del,Special/Other,NR,NZM,DELHI H NIZAMUDDIN,SSB,SHAKURBASTI,22,0,48,10:35:00,09:47:00,64094,0,0,0,0,0,0
64094,Nizamuddin Parikrama,Del,Special/Other,NR,SSB,SHAKURBASTI,NZM,DELHI H NIZAMUDDIN,22,0,43,09:13:00,08:30:00,64093,0,0,0,0,0,0
64095,Shakurbasti New Delhi Parikrama,Del,Special/Other,NR,NDLS,NEW DELHI,SSB,SHAKURBASTI,28,1,8,10:43:00,09:35:00,,0,0,0,0,0,0
64096,Nizamuddin Parikrama EMU,Del,Special/Other,NR,SSB,SHAKURBASTI,NZM,DELHI H NIZAMUDDIN,22,0,45,11:30:00,10:45:00,,0,0,0,0,0,0
64449,Ghaziabad New Delhi Ladies Special,MEMU,MEMU,NR,GZB,GHAZIABAD,NDLS,NEW DELHI,25,0,50,09:35:00,08:45:00,64450,0,0,0,0,0,0
64450,New Delhi Ghaziabad Ladies Special,MEMU,MEMU,?,NDLS,NEW DELHI,GZB,GHAZIABAD,25,0,45,18:35:00,17:50:00,64449,0,0,0,0,0,0
64491,Palwal NDLS Ladies Special,MEMU,MEMU,?,PWL,PALWAL,NDLS,NEW DELHI,56,1,30,09:55:00,08:25:00,64492,0,0,0,0,0,0
12374,RAMPURHAT - SEALDAH Intercity SF Exp,,,,RPH,RAMPUR HAT,SDAH,KOLKATA SEALDAH,,,,None,None,12373,0,0,0,0,0,0
12373,SEALDAH - RAMPURHAT Intercity SF Exp,,,,SDAH,KOLKATA SEALDAH,RPH,RAMPUR HAT,,,,None,None,12374,0,0,0,0,0,0
13258,ANAND VIHAR DELHI - DANAPUR JanSadharan Exp,,,,ANVT,ANAND VIHAR TRM,DNR,DANAPUR,,,,None,None,13257,0,0,0,0,0,0
13257,DANAPUR - DELHI ANAND VIHAR Jan Sadharan Express,,,,DNR,DANAPUR,ANVT,ANAND VIHAR TRM,,,,None,None,13258,0,0,0,0,0,0
57326,GUNTUR - KACHEGUDA PASS,,,,GNT,GUNTUR JN,KCG,KACHEGUDA,,,,None,None,57325,0,0,0,0,0,0
57325,KACHEGUDA - GUNTUR PASS,,,,KCG,KACHEGUDA,GNT,GUNTUR JN,,,,None,None,57326,0,0,0,0,0,0
11064,SALEM - CHENNAI EGMORE Exp,Exp,Express,CR,SA,SALEM JN,MS,CHENNAI EGMORE,353,7,50,04:50:00,21:00:00,11063,1,1,1,1,0,0
11272,BHOPAL - ITARSI Vindhyachal Exp,Exp,Express,WCR,BPL,BHOPAL JN,ET,ITARSI JN,738,18,20,12:20:00,18:00:00,11271,1,0,0,0,0,0
12163,DADAR - CHENNAI EGMORE SF Exp,,,,DR,MUMBAI DADAR CENTRAL,MS,CHENNAI EGMORE,,,,None,None,12164,1,1,1,1,0,0
12164,DADAR - CHENNAI EGMORE SF Exp,,,,MS,CHENNAI EGMORE,DR,MUMBAI DADAR CENTRAL,,,,None,None,12163,1,1,1,1,0,0
12319,KOLKATA CHITPUR - AGRA CANTT SF Exp,SF,Superfast,ER,KOAA,KOLKATA CHITPUR,AGC,AGRA CANTT,1405,22,50,12:00:00,13:10:00,12320,1,1,1,0,0,0
12403,Allahabad Mathura SF Express,SF,Superfast,NCR,ALD,ALLAHABAD JN,MTJ,MATHURA JN,507,8,50,08:20:00,23:30:00,12404,1,1,1,1,0,0
12407,NEW JALPAIGURI - AMRITSAR Karmabhoomi Exp,SF,Superfast,NR,NJP,NEW JALPAIGURI,ASR,AMRITSAR JN,1823,33,10,17:25:00,08:15:00,12408,0,0,0,0,0,0
12495,BIKANER - KOLKATA CHITPUR Pratap Exp,SF,Superfast,NR,BKN,BIKANER JN,KOAA,KOLKATA CHITPUR,1873,31,45,13:15:00,05:30:00,12496,1,1,1,0,0,0
12513,SECUNDERABAD - GUWAHATI Exp,SF,Superfast,NER,SC,SECUNDERABAD JN,GHY,GUWAHATI,2551,46,20,05:50:00,07:30:00,12514,1,1,1,0,0,0
12591,GORAKHPUR - YESVANTPUR SF Exp,SF,Superfast,NFR,GKP,GORAKHPUR JN,YPR,YESVANTPUR JN,2547,46,5,04:50:00,06:45:00,12592,1,1,1,0,0,0
12624,Tiruvananthapuram Chennai SF Mail,SF,Superfast,SR,TVC,TRIVANDRUM CENTRAL,MAS,CHENNAI CENTRAL,909,16,25,06:55:00,14:30:00,12623,1,1,1,1,0,0
12661,CHENNAI EGMORE - SENGOTTAI Pothigai SF Exp,SF,Superfast,SR,MS,CHENNAI EGMORE,SCT,SENGOTTAI,670,12,10,08:15:00,20:05:00,12662,1,1,1,0,0,0
12709,Simhapuri SF Express,SF,Superfast,SCR,GDR,GUDUR JN,SC,SECUNDERABAD JN,644,10,45,07:45:00,21:00:00,12710,1,1,1,1,0,0
12735,SECUNDERABAD - YESVANTPUR Garib Rath Exp,,,,SC,SECUNDERABAD JN,YPR,YESVANTPUR JN,,,,None,None,12736,0,1,0,0,0,0
12736,YESVANTPUR - SECUNDERABAD Garib Rath Exp,,,,YPR,YESVANTPUR JN,SC,SECUNDERABAD JN,,,,None,None,12735,0,1,0,0,0,0
12835,HATIA - YESVANTPUR SF Exp,SF,Superfast,SER,HTE,HATIA,YPR,YESVANTPUR JN,1904,34,40,05:00:00,18:20:00,12836,1,1,1,0,0,0
12836,YESVANTPUR - HATIA SF Exp,SF,Superfast,SER,YPR,YESVANTPUR JN,HTE,HATIA,1904,34,45,19:15:00,08:30:00,12835,1,1,1,0,0,0
12840,Chennai-Howrah SF Mail,SF,Superfast,SER,MAS,CHENNAI CENTRAL,HWH,HOWRAH JN,1662,28,30,04:10:00,23:40:00,12841,1,1,1,1,0,0
12889,TATANAGAR - YESVANTPUR SF Exp,,,,TATA,TATANAGAR JN,YPR,YESVANTPUR JN,,,,None,None,12890,1,1,1,0,0,0
12890,YESVANTPUR - TATANAGAR SF Exp,,,,YPR,YESVANTPUR JN,TATA,TATANAGAR JN,,,,None,None,12889,1,1,1,0,0,0
12993,GANDHIDHAM - PURI SF Exp,SF,Superfast,WR,GIMB,GANDHIDHAM BG,PURI,PURI,2283,41,30,16:15:00,22:45:00,12994,1,1,1,0,0,0
12994,PURI - GANDHIDHAM SF Exp,SF,Superfast,WR,PURI,PURI,GIMB,GANDHIDHAM BG,2283,41,30,13:20:00,19:50:00,12993,1,1,1,0,0,0
13158,MUZAFFARPUR - KOLKATA CHITPUR Tirhut Exp,Exp,Express,ER,MFP,MUZAFFARPUR JN,KOAA,KOLKATA CHITPUR,566,12,55,03:45:00,14:50:00,13157,1,1,0,0,0,0
13351,DHANBAD - ALAPPUZHA Exp,Exp,Express,ECR,DHN,DHANBAD JN,ALLP,ALLEPPEY,2536,57,35,20:25:00,10:50:00,13352,1,1,1,0,0,0
15015,GORAKHPUR - YESVANTPUR Exp,Exp,Express,NER,GKP,GORAKHPUR JN,YPR,YESVANTPUR JN,2532,51,0,09:45:00,06:45:00,15016,1,1,1,0,0,0
15024,YESVANTPUR - GORAKHPUR Exp,Exp,Express,NER,YPR,YESVANTPUR JN,GKP,GORAKHPUR JN,2465,53,25,05:05:00,23:40:00,15023,1,1,1,0,0,0
15234,DARBHANGA - KOLKATA CHITPUR Maithili Exp,Exp,Express,ECR,DBG,DARBHANGA JN,KOAA,KOLKATA CHITPUR,539,11,0,03:10:00,16:10:00,15233,1,1,1,0,0,0
18107,ROURKELA - KORAPUT Exp,Exp,Express,SER,ROU,ROURKELA,KRPU,KORAPUT,645,14,45,07:30:00,16:45:00,18108,1,1,0,0,0,0
18311,SAMBALPUR - VARANASI Exp,Exp,Express,ECoR,SBP,SAMBALPUR,BSB,VARANASI JN,896,19,45,08:55:00,13:10:00,18312,1,1,1,0,0,0
18616,HATIA - HOWRAH Kriya Yoga Express,Exp,Express,SER,HTE,HATIA,HWH,HOWRAH JN,423,9,25,06:35:00,21:10:00,18615,1,1,1,1,0,0
37855,Howrah-Barddhaman Local,MEMU,MEMU,?,HWH,HOWRAH JN,BWN,BARDDHAMAN JN,107,2,25,17:11:00,14:46:00,,0,0,0,0,0,0
51158,Itarsi Bhusaval Passenger,Pass,Passenger,CR,ET,ITARSI JN,BSL,BHUSAVAL JN,322,13,15,08:35:00,19:20:00,51157,0,0,0,0,0,0
51671,ITARSI - KATNI Fast Passenger,Pass,Passenger,CR,ET,ITARSI JN,KTE,KATNI,335,6,5,11:50:00,05:45:00,51672,0,0,0,0,0,0
51827,Itarsi Jhansi Passenger,Pass,Passenger,NCR,ET,ITARSI JN,JHS,JHANSI JN,383,14,40,08:55:00,18:15:00,51828,0,0,0,0,0,0
52238,AISHBAGH - PILIBHIT PASS,Pass,Passenger,NER,ASSH,AISHBAGH,PBE,PILIBHIT JN,256,8,50,12:20:00,03:30:00,52237,0,0,0,0,0,0
53041,HOWRAH - JAYNAGAR Passenger,Pass,Passenger,ER,HWH,HOWRAH JN,JYG,JAYNAGAR,727,31,5,14:20:00,07:15:00,53042,0,0,0,0,0,0
53405,Rampurhat- Sahibganj Passenger,Pass,Passenger,?,RPH,RAMPUR HAT,SBG,SAHIBGANJ JN,133,3,25,11:10:00,07:45:00,53406,0,0,0,0,0,0
54103,Chunar Allahabad Passenger,Pass,Passenger,NCR,CAR,CHUNAR,ALD,ALLAHABAD JN,120,3,0,09:10:00,06:10:00,54104,0,0,0,0,0,0
54321,Balamau Sitapur Cantt Passenger,Pass,Passenger,NR,BLM,BALAMU JN,SCC,SITAPUR CANT,68,5,15,12:30:00,07:15:00,54322,0,0,0,0,0,0
56100,ERODE - METUR DAM PASSENGER,,,,ED,ERODE JN,MTDM,METUR DAM,,,,None,None,56101,0,0,0,0,0,0
56101,METUR DAM - ERODE PASSENGER,,,,MTDM,METUR DAM,ED,ERODE JN,,,,None,None,56100,1,0,0,0,0,0
56731,MADURAI  - SENGOTTAI PASSENGER,Pass,Passenger,SR,MDU,MADURAI JN,SCT,SENGOTTAI,173,3,35,10:50:00,07:15:00,56732,0,0,0,0,0,0
56732,SENGOTTAI - MADURAI  PASSENGER,Pass,Passenger,SR,SCT,SENGOTTAI,MDU,MADURAI JN,173,3,45,10:45:00,07:00:00,56733,0,0,0,0,0,0
58161,HATIA - JHARSUGUDA Passenger (UnReserved),Pass,Passenger,SER,HTE,HATIA,JSG,JHARSUGUDA JN,264,7,30,19:20:00,11:50:00,58162,0,0,0,0,0,0
63548,Gaya Koderma Passenger MEMU,MEMU,MEMU,ER,GAYA,GAYA JN,KQR,KODERMA,76,1,45,07:15:00,05:30:00,,0,0,0,0,0,0
06012,Kollam Chennai Central (Weekly) SF Special,SF,Superfast,SR,QLN,KOLLAM JN,MAS,CHENNAI CENTRAL,858,16,10,03:40:00,11:30:00,06011,1,1,1,0,0,0
11028,Chennai-Mumbai CST Mail,Mail,Mail/Express,CR,MAS,CHENNAI CENTRAL,CSTM,MUMBAI CST,1283,28,55,03:45:00,22:50:00,11027,1,1,1,0,0,0
11042,ChennaiCentral-CST Mumbai Express,Exp,Express,CR,MAS,CHENNAI CENTRAL,CSTM,MUMBAI CST,1283,25,50,13:45:00,11:55:00,11041,1,1,1,0,0,0
12007,CHENNAI CENT - MYSORE Shatabdi Express,Shtb,Shatabdi,SR,MAS,CHENNAI CENTRAL,MYS,MYSORE JN,500,7,0,13:00:00,06:00:00,12008,0,0,0,1,0,1
12689,CHENNAI CENTRAL - NAGERCOIL SF Exp,SF,Superfast,SR,MAS,CHENNAI CENTRAL,NCJ,NAGERCOIL JN,927,16,50,11:05:00,18:15:00,12690,1,1,0,0,0,0
14115,Haridwar Express,Exp,Express,NCR,ALD,ALLAHABAD JN,HW,HARIDWAR JN,725,14,55,14:30:00,23:35:00,14116,1,1,1,0,0,0
14116,Allahabad Express,Exp,Express,NCR,HW,HARIDWAR JN,ALD,ALLAHABAD JN,725,15,25,07:45:00,16:20:00,14115,1,1,1,0,0,0
14125,Saryu Express,Exp,Express,NCR,ALD,ALLAHABAD JN,FD,FAIZABAD JN,157,4,55,23:10:00,18:15:00,14126,0,0,0,0,0,0
15619,GAYA - KAMAKHYA Weekly Exp,Exp,Express,NFR,GAYA,GAYA JN,KYQ,KAMAKHYA,1091,23,40,12:30:00,12:50:00,15620,1,1,0,0,0,0
16222,Kaveri Express,Exp,Express,SWR,MAS,CHENNAI CENTRAL,MYS,MYSORE JN,500,10,30,08:00:00,21:30:00,16221,1,1,1,0,0,0
16627,West Coast Express,Exp,Express,SR,MAS,CHENNAI CENTRAL,MAQ,MANGALORE CNTL,902,17,5,04:35:00,11:30:00,16628,1,1,1,0,1,0
17242,Simhadri Link Express,Exp,Express,SCR,NDD,NIDADAVOLU JN,NS,Narasapur,76,2,0,14:30:00,12:30:00,17241,0,0,0,0,0,0
17311,CHENNAI CENT - VASCO DA GAMA Exp,Exp,Express,SWR,MAS,CHENNAI CENTRAL,VSG,VASCO DA GAMA,1070,22,50,13:00:00,14:10:00,17312,1,1,1,0,0,0
17604,Prashanti Nilayam Express,Exp,Express,SCR,YPR,YESVANTPUR JN,KCG,KACHEGUDA,664,12,45,05:00:00,16:15:00,17603,1,1,1,1,0,0
19025,Surat Bhavnagar Express Slip,Exp,Express,WR,ST,SURAT,MHV,MAHUVA JN,629,11,50,17:20:00,05:30:00,19026,1,1,0,0,0,0
24512,Khurja Allahabad Link Express,Exp,Express,NR,BSC,Bulandshahr,ALD,ALLAHABAD JN,672,15,40,09:55:00,18:15:00,,1,0,1,0,0,0
38458,Panskura Howrah EMU,MEMU,MEMU,?,PKU,PANSKURA,HWH,HOWRAH JN,71,1,50,16:35:00,14:45:00,38457,0,0,0,0,1,0
42402,Sullurpeta Chennai EMU Local,MEMU,MEMU,SR,SPE,SULLURUPETA,MAS,CHENNAI CENTRAL,83,2,0,07:40:00,05:40:00,,0,0,0,0,1,0
43001,Chennai Central Avadi EMU,MEMU,MEMU,?,MAS,CHENNAI CENTRAL,AVD,AVADI,21,0,45,01:00:00,00:15:00,,0,0,0,0,0,0
47100,Hyderabad Lingampalli MMTS,Hyd,Hyderabad Suburban,SCR,HYB,HYDERABAD DECCAN,LPI,LINGAMPALLI,25,0,40,05:50:00,05:10:00,,0,0,0,0,0,0
47126,Lingampalli Hyderabad MMTS,Hyd,Hyderabad Suburban,SCR,LPI,LINGAMPALLI,HYB,HYDERABAD DECCAN,25,0,40,06:20:00,05:40:00,47125,0,0,0,0,0,0
47131,Lingampalli Hyderabad MMTS,Hyd,Hyderabad Suburban,SCR,LPI,LINGAMPALLI,HYB,HYDERABAD DECCAN,25,0,45,09:25:00,08:40:00,,0,0,0,0,0,0
47173,Lingampalli Falaknuma MMTS,Hyd,Hyderabad Suburban,SCR,LPI,LINGAMPALLI,FM,KACHEGUDA FALAKNUMA,37,1,20,07:40:00,06:20:00,,0,0,0,0,0,0
47186,Lingampalli Falaknuma MMTS,Hyd,Hyderabad Suburban,SCR,LPI,LINGAMPALLI,FM,KACHEGUDA FALAKNUMA,37,1,15,17:30:00,16:15:00,,0,0,0,0,0,0
51285,Bhusaval Nagpur Passenger,Pass,Passenger,CR,BSL,BHUSAVAL JN,NGP,NAGPUR,392,13,15,08:45:00,19:30:00,51286,0,0,0,0,0,0
52047,Kosamba Umarpada Passenger,Pass,Passenger,WR,KSB,KOSAMBA JN,UMPD,Umarpada,62,4,15,13:45:00,09:30:00,52048,0,0,0,0,0,0
53069,Barddhaman Rampurhat Passenger,Pass,Passenger,ER,BWN,BARDDHAMAN JN,RPH,RAMPUR HAT,112,2,30,22:40:00,20:10:00,53068,0,0,0,0,0,0
53349,Barwadih Dehri on Sone Passenger,Pass,Passenger,ECR,BRWD,BARWADIH JN,DOS,DEHRI ON SONE,164,4,10,21:30:00,17:20:00,53350,0,0,0,0,0,0
53363,Gaya Dehri On Sone Passenger,Pass,Passenger,ECR,GAYA,GAYA JN,DOS,DEHRI ON SONE,85,2,5,12:15:00,10:10:00,53364,0,0,0,0,0,0
53601,Gaya Dehri On Sone Passenger,Pass,Passenger,ECR,GAYA,GAYA JN,DOS,DEHRI ON SONE,85,2,20,14:15:00,11:55:00,53602,0,0,0,0,0,0
53613,Gaya Mughal Sarai Fast Passenger,Pass,Passenger,ECR,GAYA,GAYA JN,MGS,MUGHAL SARAI JN,205,4,40,22:40:00,18:00:00,53614,0,0,0,0,0,0
54101,Allahabad Kanpur Passenger,Pass,Passenger,NCR,ALD,ALLAHABAD JN,CNB,KANPUR CENTRAL,214,6,20,23:05:00,16:45:00,54102,0,0,0,0,0,0
54336,Kanpur Balamau Passenger,Pass,Passenger,NR,CNB,KANPUR CENTRAL,BLM,BALAMU JN,117,4,5,19:30:00,15:25:00,54335,0,0,0,0,0,0
54512,Nangal Dam Ambala Passenger,Pass,Passenger,NR,NLDM,NANGAL DAM,UMB,AMBALA CANT JN,171,5,5,19:45:00,14:40:00,54511,0,0,0,0,0,0
55617,New Bongaigaon Guwahati Passenger,Pass,Passenger,NFR,NBQ,NEW BONGAIGAON,GHY,GUWAHATI,184,4,25,20:50:00,16:25:00,55618,0,0,0,0,0,0
55801,Manas Rhino Passenger,Pass,Passenger,NFR,NBQ,NEW BONGAIGAON,GHY,GUWAHATI,157,4,25,09:15:00,04:50:00,55802,0,0,0,0,0,0
57223,Gudur Vijayawada Passenger,Pass,Passenger,SCR,GDR,GUDUR JN,BZA,VIJAYAWADA JN,294,7,10,22:15:00,15:05:00,57224,0,0,0,0,0,0
57277,Gudur Vijayawada Passenger,Pass,Passenger,SCR,GDR,GUDUR JN,BZA,VIJAYAWADA JN,294,6,50,13:00:00,06:10:00,,0,0,0,0,0,0
57411,Tirupati Gudur Passenger,Pass,Passenger,SCR,TPTY,TIRUPATI MAIN,GDR,GUDUR JN,93,2,15,16:00:00,13:45:00,57412,0,0,0,0,0,0
57452,Guntakal Chikjajur Passenger,Pass,Passenger,SCR,GTL,GUNTAKAL JN,JRU,CHIKJAJUR JN,233,6,55,14:00:00,07:05:00,57451,0,0,0,0,0,0
57631,Solapur-Raichur Passenger,Pass,Passenger,SCR,SUR,SOLAPUR JN,RC,RAICHUR,257,5,50,10:15:00,04:25:00,57632,0,0,0,0,0,0
58413,Dhenkanal Puri Passenger,Pass,Passenger,ECoR,TLHR,TALCHER,PURI,PURI,200,6,30,11:45:00,05:15:00,58414,0,0,0,0,0,0
59014,Surat Passenger,Pass,Passenger,WR,BSL,BHUSAVAL JN,ST,SURAT,336,9,45,04:10:00,18:25:00,59013,1,0,0,0,0,0
59076,Surat Passenger,Pass,Passenger,WR,BSL,BHUSAVAL JN,ST,SURAT,336,11,10,19:55:00,08:45:00,59077,1,0,0,0,0,0
59380,Maksi Indore Bg Passenger,Pass,Passenger,WR,MKC,MAKSI,INDB,INDORE JN BG,75,1,40,11:30:00,09:50:00,59379,0,0,0,0,0,0
59393,Dahod Habibganj Fast Pass,Pass,Passenger,WR,DHD,DAHOD,HBJ,HABIBGANJ,400,10,35,16:20:00,05:45:00,59394,0,0,0,0,0,0
59803,Nagda Kota Passenger,Pass,Passenger,WR,NAD,NAGDA JN,KOTA,KOTA JN,225,4,55,16:25:00,11:30:00,,1,1,1,0,0,0
63518,Asansol Barddhaman Passenger,MEMU,MEMU,ER,ASN,ASANSOL JN,BWN,BARDDHAMAN JN,105,1,50,14:30:00,12:40:00,63519,0,0,0,0,0,0
11008,Deccan Express,Exp,Express,CR,PUNE,PUNE JN,CSTM,MUMBAI CST,192,4,10,19:40:00,15:30:00,11007,0,0,0,0,0,1
12221,PUNE - HOWRAH AC Duronto Exp,Drnt,Duronto,SER,PUNE,PUNE JN,HWH,HOWRAH JN,2020,28,25,19:40:00,15:15:00,12222,0,1,1,1,0,0
12488,Seemanchal Express,SF,Superfast,NR,ANVT,ANAND VIHAR TRM,JBN,JOGBANI,1383,24,25,08:05:00,07:40:00,12487,1,1,1,0,0,0
12786,Bangalore-Kacheguda SF Express,SF,Superfast,SCR,SBC,BANGALORE CITY JN,KCG,KACHEGUDA,625,11,20,05:40:00,18:20:00,12785,1,1,1,1,0,0
12797,Venkatadri SF Express,SF,Superfast,SCR,KCG,KACHEGUDA,CTO,CHITTOOR,707,12,50,08:55:00,20:05:00,12798,1,1,1,1,0,0
12798,Venkatadri SF Express,SF,Superfast,SCR,CTO,CHITTOOR,KCG,KACHEGUDA,707,12,50,06:20:00,17:30:00,12797,1,1,1,1,0,0
15707,Amrapali Express,Exp,Express,NFR,KIR,KATIHAR JN,ASR,AMRITSAR JN,1805,36,40,12:10:00,23:30:00,15708,1,1,1,0,0,0
17603-Slip,Prasanthi Nilayam Express,Exp,Express,SCR,KCG,KACHEGUDA,UBL,HUBLI JN,617,12,40,09:40:00,21:00:00,,1,0,1,0,0,0
17603-Slip2,Kacheguda-Vasco Prashanti Nilayam Slip,Exp,Express,?,KCG,KACHEGUDA,VSG,VASCO DA GAMA,853,18,0,15:00:00,21:00:00,,1,0,1,0,0,0
17639,KACHEGUDA - AKOLA Intercity Exp,Exp,Express,SCR,KCG,KACHEGUDA,AK,AKOLA JN,514,11,0,18:30:00,07:30:00,17640,0,0,0,0,0,1
17640,AKOLA - KACHEGUDA Intercity Exp,Exp,Express,SCR,AK,AKOLA JN,KCG,KACHEGUDA,514,10,45,20:15:00,09:30:00,17639,0,0,0,0,0,1
17651,Chennai Egmore Kacheguda Express,Exp,Express,SCR,MS,CHENNAI EGMORE,KCG,KACHEGUDA,772,14,55,07:55:00,17:00:00,17652,1,1,1,0,0,0
17652,Kacheguda Chennai Egmore Express,Exp,Express,SCR,KCG,KACHEGUDA,MS,CHENNAI EGMORE,772,15,15,07:15:00,16:00:00,17651,1,1,1,0,0,0
18474,JODHPUR - PURI Express,Exp,Express,ECoR,JU,JODHPUR JN,PURI,PURI,2433,46,30,12:25:00,13:55:00,18473,1,1,1,1,0,0
19066,BHAGAT KI KOTHI - MUMBAI BANDRA Exp,Exp,Express,WR,BGKT,BHAGAT KI KOTHI,BDTS,MUMBAI BANDRA TERMINUS,935,17,45,13:05:00,19:20:00,19065,1,1,1,0,0,0
38460,Panskura Howrah EMU,MEMU,MEMU,?,PKU,PANSKURA,HWH,HOWRAH JN,71,1,50,17:10:00,15:20:00,,0,0,0,0,1,0
47169,Falaknuma Lingampalli MMTS,Hyd,Hyderabad Suburban,SCR,FM,KACHEGUDA FALAKNUMA,LPI,LINGAMPALLI,37,1,20,14:05:00,12:45:00,,0,0,0,0,0,0
50106,Sawantwadi-Diva Passenger,Pass,Passenger,KR,SWV,SAWANTWADI ROAD,DIVA,DIVA,613,11,45,20:10:00,08:25:00,50105,0,0,0,0,0,0
51097,Diva Panvel Passenger,Pass,Passenger,CR,DIVA,DIVA,PNVL,PANVEL,26,0,50,01:10:00,00:20:00,51098,0,0,0,0,0,0
51098,Panvel Diva Passenger,Pass,Passenger,CR,PNVL,PANVEL,DIVA,DIVA,26,0,45,05:30:00,04:45:00,51097,0,0,0,0,0,0
51347,Pune - Daund - Baramati Passenger,Pass,Passenger,CR,PUNE,PUNE JN,BRMT,Baramati,120,3,15,21:50:00,18:35:00,,0,0,0,0,0,0
52019,Miyagam Chandod Mix Passenger,Pass,Passenger,WR,MYGL,MIYAGAM KARJAN JUNCTION NG,CDD,Chandod,49,2,30,08:45:00,06:15:00,52020,0,0,0,0,0,0
52551,Purnia Murliganj Passenger,Pass,Passenger,?,PRNA,PURNIA JN,MRIJ,Murliganj,56,2,30,14:30:00,12:00:00,52552,0,0,0,0,0,0
52555,Purnia Murliganj Passenger,Pass,Passenger,ECR,PRNA,PURNIA JN,MRIJ,Murliganj,56,2,25,20:35:00,18:10:00,52554,0,0,0,0,0,0
52936,Ujjain Fatehabad Passenger,Pass,Passenger,WR,UJN,UJJAIN JN,FTD,Fatehabad Chowk Junction,23,0,40,11:35:00,10:55:00,52937,0,0,0,0,0,0
53610,Mughal Sarai Dehri on Sone Passenger,Pass,Passenger,?,MGS,MUGHAL SARAI JN,DOS,DEHRI ON SONE,120,2,48,18:33:00,15:45:00,53609,0,0,0,0,0,0
54261,Mughal Sarai Jaunpur Passenger,Pass,Passenger,NR,MGS,MUGHAL SARAI JN,JNU,JAUNPUR JN,74,2,45,22:15:00,19:30:00,,0,0,0,0,0,0
54268,Varanasi Mughal Sarai Passenger,Pass,Passenger,NR,BSB,VARANASI JN,MGS,MUGHAL SARAI JN,17,0,50,08:15:00,07:25:00,54267,0,0,0,0,0,0
54393,Moradabad Gajraula Passenger,Pass,Passenger,NR,MB,MORADABAD,GJL,GAJRAULA JN,54,1,40,11:35:00,09:55:00,54394,0,0,0,0,0,0
54704,Jodhpur Bhatinda Passenger,Pass,Passenger,NWR,JU,JODHPUR JN,BTI,BHATINDA JN,601,16,20,06:00:00,13:40:00,,0,0,0,0,0,0
55011,Siwan Gorakhpur Passenger,Pass,Passenger,NER,SV,SIWAN JN,GKP,GORAKHPUR JN,119,3,45,09:10:00,05:25:00,55012,0,0,0,0,0,0
55021,Samastipur Siwan InterCity Fast Passenger,Pass,Passenger,NER,SPJ,SAMASTIPUR JN,SV,SIWAN JN,226,7,10,23:10:00,16:00:00,55022,0,0,0,0,0,0
55022,Siwan Samastipur Intercity Passenger,Pass,Passenger,NER,SV,SIWAN JN,SPJ,SAMASTIPUR JN,226,7,20,11:40:00,04:20:00,55021,0,0,0,0,0,0
55335,Bareilly Lalkua Pass,Pass,Passenger,?,BE,BAREILLY,LKU,LAL KUAN,84,2,30,08:30:00,06:00:00,,0,0,0,0,0,0
55541,Hajipur-Fulwaria Passenger,Pass,Passenger,NER,HJP,HAJIPUR JN,SV,SIWAN JN,120,4,0,20:00:00,16:00:00,,0,0,0,0,0,0
55742,Jogbani Katihar Passenger,Pass,Passenger,NFR,JBN,JOGBANI,KIR,KATIHAR JN,108,2,35,21:40:00,19:05:00,55743,0,0,0,0,0,0
56524,HINDUPUR - KSR BENGALURU CITY Passenger,Pass,Passenger,SWR,HUP,HINDUPUR,SBC,BANGALORE CITY JN,88,2,55,09:25:00,06:30:00,56523,0,0,0,0,0,0
56611,Palakkad Nilambur Passenger,Pass,Passenger,SR,PGT,PALAKKAD,NIL,Nilambur Road,112,2,55,08:45:00,05:50:00,56610,0,0,0,0,0,0
56834,Vriddhachalam Cuddalore Passenger,Pass,Passenger,SR,VRI,VRIDHACHALAM JN,CUPJ,CUDDALORE PORT,57,1,10,05:40:00,04:30:00,56833,0,0,0,0,0,0
57425,Kacheguda Guntakal Passenger,Pass,Passenger,SCR,KCG,KACHEGUDA,GTL,GUNTAKAL JN,358,9,30,19:30:00,10:00:00,,0,0,0,0,0,0
57435,Kacheguda Kurnool Town Passenger,Pass,Passenger,SCR,KCG,KACHEGUDA,KRNT,KURNOOL TOWN,236,6,30,00:30:00,18:00:00,57436,0,0,0,0,0,0
57456,Mahbubnagar Secunderabad Passenger,Pass,Passenger,SCR,MBNR,MAHBUBNAGAR,KCG,KACHEGUDA,106,2,25,16:35:00,14:10:00,,0,0,0,0,0,0
57562,Manmad - Kacheguda Passenger,Pass,Passenger,SCR,MMR,MANMAD JN,KCG,KACHEGUDA,626,17,10,22:30:00,05:20:00,57561,0,0,0,0,0,0
57594,Nanded Kacheguda Passenger,Pass,Passenger,SCR,NED,HUZUR SAHIB NANDED,KCG,KACHEGUDA,276,8,35,13:30:00,04:55:00,57593,1,0,0,0,0,0
57620,Delta Fast Passenger,Pass,Passenger,SCR,KCG,KACHEGUDA,RAL,Repalle,347,10,5,06:20:00,20:15:00,57619,1,0,0,0,0,0
59353,Nagda Ujjain Passenger,Pass,Passenger,WR,NAD,NAGDA JN,UJN,UJJAIN JN,56,1,35,01:00:00,23:25:00,59354,0,0,0,0,0,0
12240,Jaipur-Mumbai Central AC Duronto Express,Drnt,Duronto,WR,JP,JAIPUR,BCT,Mumbai Central,1159,16,50,12:05:00,19:15:00,12239,0,1,1,1,0,0
12335,BHAGALPUR - MUMBAI LTT SF Exp,SF,Superfast,ER,BGP,BHAGALPUR,LTT,LOKMANYA TILAK TERM,1917,35,0,20:00:00,09:00:00,12336,1,1,1,0,0,0
12349,Bhagalpur-NewDelhi Weekly SF Express,SF,Superfast,ER,BGP,BHAGALPUR,NDLS,NEW DELHI,1220,19,30,13:00:00,17:30:00,12350,1,1,0,0,0,0
12409,Gondwana Express,SF,Superfast,NR,RIG,RAIGARH,NZM,DELHI H NIZAMUDDIN,1626,27,55,07:25:00,03:30:00,12410,1,1,1,0,0,0
12980,Jaipur - Mumbai Bandra (T.) (Triweekly) SF Express,SF,Superfast,NWR,JP,JAIPUR,BDTS,MUMBAI BANDRA TERMINUS,1148,17,50,14:30:00,20:40:00,12979,1,1,1,1,0,0
13348-Slip,Palamau Express Slip Slip,Exp,Express,?,PNBE,PATNA JN,SGRL,SINGRAULI,481,13,25,10:40:00,21:15:00,,1,1,0,0,0,0
13352-Slip,Alappuzha Dhanbad Tatanagar Express Slip,Exp,Express,ECR,ALLP,ALLEPPEY,TATA,TATANAGAR JN,2359,51,10,09:10:00,06:00:00,,1,1,1,0,0,0
13402,InterCity Express,Exp,Express,ER,DNR,DANAPUR,BGP,BHAGALPUR,231,6,25,22:40:00,16:15:00,13401,0,0,0,0,0,1
13409,InterCity Express,Exp,Express,ER,MLDT,MALDA TOWN,BGP,BHAGALPUR,178,4,35,10:15:00,05:40:00,13410,0,0,0,0,0,0
15202,Raxaul Hajipur InterCity,Exp,Express,NER,RXL,RAXAUL JN,HJP,HAJIPUR JN,184,4,45,10:15:00,05:30:00,15201,0,0,0,0,0,0
17016,Visakha Express,Exp,Express,SCR,SC,SECUNDERABAD JN,BBS,BHUBANESWAR,1135,22,25,15:25:00,17:00:00,17015,1,1,1,0,0,0
18411,Bhubaneswar-Visakhapatnam Inter City Express,Exp,Express,ECoR,BBS,BHUBANESWAR,VSKP,VISHAKAPATNAM,443,8,0,14:35:00,06:35:00,18412,0,0,0,0,0,0
19047,SURAT - BHAGALPUR Tapti Ganga Exp,Exp,Express,WR,ST,SURAT,BGP,BHAGALPUR,1824,33,35,19:10:00,09:35:00,19048,1,1,0,0,0,0
50103,Dadar Ratnagiri Passenger,Pass,Passenger,KR,DR,MUMBAI DADAR CENTRAL,RN,RATNAGIRI,422,8,15,23:50:00,15:35:00,50104,0,0,0,0,0,0
52081,Jaipur Loharu Fast Passenger,Pass,Passenger,NWR,JP,JAIPUR,LHU,Loharu,229,6,50,11:30:00,04:40:00,52082,0,0,0,0,0,0
52279,Kaptanganj Thawe Passenger,Pass,Passenger,NER,THE,Thawe Junction,CPR,CHHAPRA,105,4,25,00:15:00,19:50:00,52280,0,0,0,0,0,0
52296,Lal Kuan Bareilly Passenger,Pass,Passenger,NER,CPR,CHHAPRA,THE,Thawe Junction,105,4,35,22:35:00,18:00:00,52295,0,0,0,0,0,0
52517,Sakri Laukaha Bazar Passenger,Pass,Passenger,?,SKI,SAKRI JN,JJP,Jhanjharpur,19,1,0,09:30:00,08:30:00,52518,0,0,0,0,0,0
52974,Akola Ratlam Fast Passenger,Pass,Passenger,WR,AK,AKOLA JN,RTM,RATLAM JN,431,15,30,21:30:00,06:00:00,52973,1,0,0,0,0,0
53021,Azimganj Bhagalpur Passenger,Pass,Passenger,ER,AZ,AZIMGANJ JN,BGP,BHAGALPUR,226,8,0,11:05:00,03:05:00,53022,0,0,0,0,0,0
53029,Azimganj Bhagalpur Passenger,Pass,Passenger,ER,AZ,AZIMGANJ JN,BGP,BHAGALPUR,226,9,25,01:50:00,16:25:00,53030,0,0,0,0,0,0
53441,Mandar Parvat Bhagalpur Passenger,Pass,Passenger,ER,MDLE,Mandar Hill,BGP,BHAGALPUR,0,2,5,08:50:00,06:45:00,53442,0,0,0,0,0,0
53443,Mandar Hill Bhagalpur Passenger,Pass,Passenger,ER,MDLE,Mandar Hill,BGP,BHAGALPUR,50,2,5,14:20:00,12:15:00,53444,0,0,0,0,0,0
53445,Mandar Hill Bhagalpur Passenger,Pass,Passenger,ER,MDLE,Mandar Hill,BGP,BHAGALPUR,0,2,5,23:20:00,21:15:00,53444,0,0,0,0,0,0
53447,Banka Bhagalpur Passenger,Pass,Passenger,ER,BAKA,Banka,BGP,BHAGALPUR,53,2,15,22:15:00,20:00:00,53448,0,0,0,0,0,0
53449,Banka Bhagalpur Passenger,Pass,Passenger,ER,BAKA,Banka,BGP,BHAGALPUR,53,2,15,12:45:00,10:30:00,53448,0,0,0,0,0,0
53521,ASANSOL VARANASI PASSENGER,Pass,Passenger,ER,ASN,ASANSOL JN,BSB,VARANASI JN,479,14,55,21:25:00,06:30:00,53522,0,0,0,0,0,0
53660,Sasaram-Patna Passenger,Pass,Passenger,?,SSM,SASARAM,PNBE,PATNA JN,147,5,35,11:05:00,05:30:00,53659,0,0,0,0,0,0
54381,Gajraula Najibabad Passenger,Pass,Passenger,NR,GJL,GAJRAULA JN,NBD,NAJIBABAD JN,107,3,50,11:50:00,08:00:00,54382,0,0,0,0,0,0
54571,Ludhiana Firozpur Passenger,Pass,Passenger,NR,LDH,LUDHIANA JN,FZR,FIROZPUR CANT,124,3,35,20:55:00,17:20:00,54572,0,0,0,0,0,0
54604,Ludhiana Hisar Passenger,Pass,Passenger,NR,LDH,LUDHIANA JN,HSR,Hisar,210,6,20,20:10:00,13:50:00,54603,0,0,0,0,0,0
54808,Jaipur Ajmer Passenger,Pass,Passenger,NWR,JP,JAIPUR,AII,AJMER JN,128,3,15,09:15:00,06:00:00,54807,0,0,0,0,0,0
56378,Kayankulam Alappuzha Passenger,Pass,Passenger,SR,KYJ,KAYANKULAM JN,ALLP,ALLEPPEY,44,1,0,22:40:00,21:40:00,56377,0,0,0,0,0,0
56825,Erode Tirunelveli Passenger,Pass,Passenger,SR,ED,ERODE JN,TEN,TIRUNELVELI,358,8,50,21:50:00,13:00:00,56826,0,0,0,0,0,0
56844,Erode-Tiruchchirapalli Passenger,Pass,Passenger,SR,ED,ERODE JN,TPJ,TIRUCHIRAPPALLI,141,3,50,11:40:00,07:50:00,56843,0,0,0,0,0,0
56903,Solapur - Dharwar Passenger,Pass,Passenger,SWR,SUR,SOLAPUR JN,DWR,DHARWAR,378,9,25,09:05:00,23:40:00,56904,1,0,0,0,0,0
57515,Daund Nanded Passenger,Pass,Passenger,SCR,DD,DAUND JN,NED,HUZUR SAHIB NANDED,586,15,10,04:15:00,13:05:00,57516,1,0,0,0,0,0
57624,Guntur Kacheguda Pass,Pass,Passenger,SCR,GNT,GUNTUR JN,KCG,KACHEGUDA,623,17,5,22:20:00,05:15:00,57623,0,0,0,0,0,0
58027,Bhubaneswar-Khurda Road passenger,Pass,Passenger,SER,BBS,BHUBANESWAR,KUR,KHURDA ROAD JN,19,1,5,15:20:00,14:15:00,58028,0,0,0,0,0,0
58426,Bhubaneswar-Kendujhargarh Fast Passenger,Pass,Passenger,ECoR,BBS,BHUBANESWAR,KDJR,Kendujhargarh,215,6,45,19:30:00,12:45:00,58425,0,0,0,0,0,0
58812,Itwari Ramtek Passenger,Pass,Passenger,?,ITR,ITWARI,RTK,Ramtek,38,1,20,20:30:00,19:10:00,58813,0,0,0,0,0,0
58845,Itwari Nagbahir Passenger,Pass,Passenger,?,ITR,ITWARI,NAB,Nagbhir Junction,106,4,25,15:25:00,11:00:00,58846,0,0,0,0,0,0
59307,Indore Jaipur link Express,Pass,Passenger,WR,INDB,INDORE JN BG,JP,JAIPUR,685,15,25,09:25:00,18:00:00,,1,1,0,0,0,0
59701,Jaipur Hisar Passenger,Pass,Passenger,NWR,JP,JAIPUR,HSR,Hisar,368,9,45,04:10:00,18:25:00,59702,1,0,0,0,0,0
59706,Jaipur Suratgarh Passenger,Pass,Passenger,NWR,JP,JAIPUR,SOG,SURATGARH JN,562,13,55,19:10:00,05:15:00,59705,0,0,0,0,0,0
63242,Gaya Patna Passenger MEMU,MEMU,MEMU,ECR,GAYA,GAYA JN,PNBE,PATNA JN,92,2,45,07:45:00,05:00:00,63241,0,0,0,0,0,0
63554,Asansol-Bokaro Steel City MEMU Passenger,MEMU,MEMU,ER,ASN,ASANSOL JN,BKSC,BOKARO STEEL CITY,140,3,20,10:25:00,07:05:00,,0,0,0,0,0,0
02094,Loharu - Jaipur Passenger Spl (MG),Pass,Passenger,NWR,LHU,Loharu,JP,JAIPUR,230,6,50,19:30:00,12:40:00,02093,0,0,0,0,0,0
22406,AnandVihar Terminal-Bhagalpur Garib Rath,GR,Garib Rath,NR,ANVT,ANAND VIHAR TRM,BGP,BHAGALPUR,1207,18,30,11:30:00,17:00:00,22405,0,1,0,0,0,1
06593,Yesvantpur-Hosur Passenger Special,Pass,Passenger,SWR,YPR,YESVANTPUR JN,HSRA,Hosur,67,1,30,17:05:00,15:35:00,06594,0,0,0,0,0,0
06345,,Exp,Express,SR,POY,POLLACHI JN,PGTN,PALGHAT TOWN,638,11,40,06:30:00,18:50:00,06346,1,1,1,0,0,0
06001,Chennai Central-Kollam SF Special,SF,Superfast,SR,MAS,CHENNAI CENTRAL,QLN,KOLLAM JN,858,14,30,05:45:00,15:15:00,06002,1,1,1,0,0,0
01102,Gwalior Mumbai LTT (Weekly) Special,Exp,Express,CR,GWL,GWALIOR JN,LTT,LOKMANYA TILAK TERM,1216,21,5,12:05:00,15:00:00,01101,1,1,0,0,0,0
04857,Pipar Road -Jodhpur Passenger Special,Pass,Passenger,NWR,PPR,PIPAR ROAD JN,JU,JODHPUR JN,46,1,40,08:30:00,06:50:00,04858,0,0,0,0,0,0
09001,Mumbai Central - Ahmedabad SF Special,SF,Superfast,WR,BCT,Mumbai Central,ADI,AHMEDABAD JN,491,8,5,06:55:00,22:50:00,09002,1,1,1,0,0,0
04204,Delhi Jn. -Varanasi Special,Exp,Express,NR,DLI,OLD DELHI,BSB,VARANASI JN,770,15,15,10:45:00,19:30:00,04203,1,1,1,0,0,0
02414,Sri Ganganagar Sadulpur Passenger Holiday Special,Pass,Passenger,NWR,SGNR,SHRI GANGANAGAR,SDLP,Sadulpur Junction,246,5,35,01:40:00,20:05:00,02413,0,0,0,0,0,0
11098,ERNAKULAM - PUNE Poorna Exp,Exp,Express,CR,ERS,ERNAKULAM JN,PUNE,PUNE JN,1435,29,35,05:05:00,23:30:00,11097,1,1,1,0,0,0
07143,Hyderabad - C.Shahu Maharaj T. Kolhapur Special,Exp,Express,SCR,HYB,HYDERABAD DECCAN,KOP,C SHAHU M RAJ KOLHAPUR TERM,998,23,35,22:45:00,23:10:00,07144,1,1,1,0,0,0
11063,CHENNAI EGMORE - METTUR DAM SLIP EXP,Exp,Express,CR,MS,CHENNAI EGMORE,MTDM,METUR DAM,353,7,50,06:50:00,23:00:00,11064,1,1,1,1,0,0
08060,Howrah - Mumbai LTT SF Special,SF,Superfast,SER,HWH,HOWRAH JN,LTT,LOKMANYA TILAK TERM,1952,32,40,23:15:00,14:35:00,08059,1,1,1,0,0,0
01493,Hubli Bijapur Special,Exp,Express,CR,UBL,HUBLI JN,BJP,BIJAPUR,249,5,55,23:10:00,17:15:00,01494,1,0,0,0,0,0
05649,Mumbai LTT - Kamakhya (Weekly) Special,Exp,Express,NFR,LTT,LOKMANYA TILAK TERM,KYQ,KAMAKHYA,2665,54,5,21:55:00,15:50:00,05650,1,1,0,0,0,0
01101,Mumbai LTT - Gwalior (Weekly) Special,Exp,Express,CR,LTT,LOKMANYA TILAK TERM,GWL,GWALIOR JN,1216,23,45,15:35:00,15:50:00,01102,1,1,0,0,0,0
04727,Bikaner-Mumbai BandraT SF Special,SF,Superfast,NWR,BKN,BIKANER JN,BDTS,MUMBAI BANDRA TERMINUS,1212,21,55,12:55:00,15:00:00,04728,1,1,1,0,0,0
06010,KollamChennai Central SF Special,SF,Superfast,SR,QLN,KOLLAM JN,MAS,CHENNAI CENTRAL,858,15,30,12:40:00,21:10:00,06009,1,1,1,0,0,0
04012,H. Nizamuddin - Sainagar Shirdi (Weekly) Special,Exp,Express,NR,NZM,DELHI H NIZAMUDDIN,SNSI,SAINAGAR SHIRDI,1360,21,55,22:15:00,00:20:00,04011,1,1,1,0,0,0
06346,PALGHAT TOWN - POLLACHI Passenger SPL,Exp,Express,SR,PGTN,PALGHAT TOWN,POY,POLLACHI JN,638,11,40,04:40:00,17:00:00,06345,1,1,1,0,0,0
11701,JABALPUR - INDORE Intercity Exp,Exp,Express,WCR,JBP,JABALPUR,INDB,INDORE JN BG,761,15,40,20:40:00,05:00:00,11702,0,0,0,0,0,1
07106,Hyderabad-Ajmer Weekly Special,Exp,Express,SCR,HYB,HYDERABAD DECCAN,AII,AJMER JN,2034,40,55,14:30:00,21:35:00,07105,1,1,1,0,0,0
08056,Tirupati-Kolkata Shalimar Special,SF,Superfast,SER,TPTY,TIRUPATI MAIN,SHM,KOLKATA SHALIMAR,1616,27,15,23:00:00,19:45:00,08055,1,1,1,0,0,0
11034,DARBHANGA - PUNE Gyan Ganga Exp,Exp,Express,CR,DBG,DARBHANGA JN,PUNE,PUNE JN,1948,39,5,08:05:00,17:00:00,11033,1,1,1,0,0,0
11013,Mumbai LTT-Coimbatore Express,Exp,Express,CR,LTT,LOKMANYA TILAK TERM,CBE,COIMBATORE JN,1518,31,55,06:30:00,22:35:00,11014,1,1,1,1,0,0
07604,Kamareddi Kacheguda Special,Pass,Passenger,SCR,KMC,KAMAREDDI,KCG,KACHEGUDA,114,3,35,19:15:00,15:40:00,07603,0,0,0,0,0,0
09723,Sabarmati - Jaipur SF Holiday Special,SF,Superfast,NWR,SBI,SABARMATI JN,JP,JAIPUR,620,10,45,20:15:00,09:30:00,09724,1,1,1,0,0,0
09722,Delhi Sarai Rohilla -Jaipur SF Special,SF,Superfast,NWR,DEE,DELHI SARAI ROHILLA,JP,JAIPUR,303,4,30,22:05:00,17:35:00,09721,0,1,1,0,0,1
11097,PUNE - ERNAKULAM Poorna Exp,Exp,Express,CR,PUNE,PUNE JN,ERS,ERNAKULAM JN,1435,29,10,04:20:00,23:10:00,11098,1,1,1,0,0,0
11046,DHANBAD - KOLHAPUR CSMT Deekshabhoomi Exp,Exp,Express,CR,DHN,DHANBAD JN,KOP,C SHAHU M RAJ KOLHAPUR TERM,2968,62,15,04:00:00,13:45:00,11045,1,1,0,0,0,0
11061,MUMBAI LTT - DARBHANGA Pawan Exp,Exp,Express,CR,LTT,LOKMANYA TILAK TERM,DBG,DARBHANGA JN,1791,34,30,22:45:00,12:15:00,11062,1,1,1,0,0,0
12001,Bhopal-New Delhi Shatabdi Express,Shtb,Shatabdi,NR,BPL,BHOPAL JN,NDLS,NEW DELHI,701,7,50,22:30:00,14:40:00,12002,0,0,0,1,0,1
12019,Howrah-Ranchi Shatabdi Express,Shtb,Shatabdi,ER,HWH,HOWRAH JN,RNC,RANCHI,423,7,5,13:10:00,06:05:00,12020,0,0,0,1,0,1
11265,JABALPUR - AMBIKAPUR Exp,Exp,Express,WCR,JBP,JABALPUR,ABKP,AMBIKAPUR,433,8,55,23:10:00,14:15:00,11266,0,0,0,0,0,0
12027,CHENNAI CENT - BANGALORE CITY Shatabdi Exp,Shtb,Shatabdi,SWR,MAS,CHENNAI CENTRAL,SBC,BANGALORE CITY JN,362,5,0,22:30:00,17:30:00,12028,0,0,0,1,0,1
12030,Amritsar-New Delhi Swarna Shatabdi Express,Shtb,Shatabdi,NR,ASR,AMRITSAR JN,NDLS,NEW DELHI,448,6,10,23:05:00,16:55:00,12031,0,0,0,1,0,1
12071,Mumbai Aurangabad Jan Shatabdi,JShtb,Jan Shatabdi,SCR,CSTM,MUMBAI CST,AWB,AURANGABAD,374,6,45,20:35:00,13:50:00,12072,0,0,0,0,0,1
12077,Chennai Vijayawada Jan Shatabdi Express,JShtb,Jan Shatabdi,SR,MAS,CHENNAI CENTRAL,BZA,VIJAYAWADA JN,431,6,35,13:35:00,07:00:00,12078,0,0,0,0,0,1
12121,JABALPUR - DELHI H NIZAMUDDIN S Kranti Exp,SKr,Sampark Kranti,WCR,JBP,JABALPUR,NZM,DELHI H NIZAMUDDIN,909,13,55,09:05:00,19:10:00,12122,1,1,1,1,0,0
12142,PATLIPUTRA - MUMBAI LTT SF Exp,SF,Superfast,CR,PPTA,PATLIPUTRA,LTT,LOKMANYA TILAK TERM,1714,28,50,15:30:00,10:40:00,12141,1,1,1,0,0,0
55247,Barauni-Hajipur Passenger,Pass,Passenger,NER,BJU,BARAUNI JN,HJP,HAJIPUR JN,88,3,25,18:05:00,14:40:00,55248,0,0,0,0,0,0
55539,Katihar Hajipur Passenger,Pass,Passenger,NER,KIR,KATIHAR JN,HJP,HAJIPUR JN,268,9,20,13:20:00,04:00:00,55540,0,0,0,0,0,0
55542,Phulwaria Hajipur Passenger,Pass,Passenger,NER,BHBR,Bathua Bazar,HJP,HAJIPUR JN,0,5,20,10:20:00,05:00:00,,0,0,0,0,0,0
55549,Barauni-Hajipur Passenger,Pass,Passenger,NER,BJU,BARAUNI JN,HJP,HAJIPUR JN,88,2,55,01:35:00,22:40:00,55550,0,0,0,0,0,0
59151,Nadiad Modasa Passenger,Pass,Passenger,WR,ND,NADIAD JN,MDSA,Modasa,105,3,20,21:45:00,18:25:00,59152,0,0,0,0,0,0
12394,Sampoorna Kranti Express,SF,Superfast,ER,NDLS,NEW DELHI,RJPB,RAJENDRA NAGAR BIHAR,1001,14,5,07:35:00,17:30:00,12393,1,1,1,1,0,0
12555,Gorakhdham Express,SF,Superfast,NER,GKP,GORAKHPUR JN,HSR,Hisar,962,17,25,10:00:00,16:35:00,12556,1,1,1,1,0,0
12257,Yesvantapur Kochuveli Garib Rath Express,GR,Garib Rath,SWR,YPR,YESVANTPUR JN,KCVL,KOCHUVELI,808,15,40,12:40:00,21:00:00,12258,0,1,0,0,0,0
12182,AJMER - JABALPUR Dayodaya Express,SF,Superfast,WCR,AII,AJMER JN,JBP,JABALPUR,894,15,40,09:05:00,17:25:00,12181,1,1,1,1,0,0
12346,GUWAHATI - HOWRAH Saraighat SF Exp,SF,Superfast,ER,GHY,GUWAHATI,HWH,HOWRAH JN,1020,16,25,05:10:00,12:45:00,12345,1,1,1,1,0,0
12283,ERNAKULAM - DELHI H NIZAMUDDIN Duronto Exp,Drnt,Duronto,NR,ERS,ERNAKULAM JN,NZM,DELHI H NIZAMUDDIN,2943,44,0,19:30:00,23:30:00,12284,1,1,1,1,0,0
12146,PURI - MUMBAI LTT SF Exp,SF,Superfast,CR,PURI,PURI,LTT,LOKMANYA TILAK TERM,1818,32,25,07:30:00,23:05:00,12145,1,1,1,0,0,0
12471,Mumbai Bandra (T.) - Jammu Tawi SF Swaraj Express,SF,Superfast,NR,BDTS,MUMBAI BANDRA TERMINUS,JAT,JAMMU TAWI,1950,30,50,14:45:00,07:55:00,12472,1,1,1,0,0,0
12722-Slip,Dakshin Link SF Express,SF,Superfast,SCR,NZM,DELHI H NIZAMUDDIN,VSKP,VISHAKAPATNAM,2097,38,40,13:30:00,22:50:00,,1,1,1,0,0,0
12317,KOLKATA SEALDAH - AMRITSAR Akal Takht Exp,SF,Superfast,ER,SDAH,KOLKATA SEALDAH,ASR,AMRITSAR JN,1898,33,10,16:50:00,07:40:00,12318,1,1,1,0,0,0
12619,MUMBAI LTT - MANGALORE CENT Matsyagandha Exp,SF,Superfast,SR,LTT,LOKMANYA TILAK TERM,MAQ,MANGALORE CNTL,1185,16,10,07:30:00,15:20:00,12620,1,1,1,0,0,0
12193,Bhopal Partapgarh Express,SF,Superfast,CR,BPL,BHOPAL JN,PBH,PARTAPGARH JN,756,13,40,09:00:00,19:20:00,12194,1,1,1,0,0,0
12258,Kochuveli-Yesvantpur Garib Rath,GR,Garib Rath,SWR,KCVL,KOCHUVELI,YPR,YESVANTPUR JN,808,16,30,09:05:00,16:35:00,12257,0,1,0,0,0,0
12165,MUMBAI LTT - VARANASI Ratnagiri Exp,SF,Superfast,CR,LTT,LOKMANYA TILAK TERM,BSB,VARANASI JN,1483,25,45,07:05:00,05:20:00,12166,1,1,1,0,0,0
12615,Grand Trunk (GT) Express,SF,Superfast,SR,MAS,CHENNAI CENTRAL,NDLS,NEW DELHI,2184,35,5,06:20:00,19:15:00,12616,1,1,1,1,0,0
12286,Hazrat Nizamuddin-Secunderabad Duronto Express,Drnt,Duronto,SCR,NZM,DELHI H NIZAMUDDIN,SC,SECUNDERABAD JN,1660,22,10,14:00:00,15:50:00,12285,1,1,1,1,0,0
12395,RajendraNagar-Ajmer Ibadat Express,SF,Superfast,ER,RJPB,RAJENDRA NAGAR BIHAR,AII,AJMER JN,1305,20,35,15:20:00,18:45:00,12396,1,1,1,0,0,0
12463,Rajasthan Sampark Kranti Express,SKr,Sampark Kranti,NR,DEE,DELHI SARAI ROHILLA,JU,JODHPUR JN,616,9,50,08:15:00,22:25:00,12464,1,1,1,1,0,0
12227,Mumbai Central- Indore Duronto Express,Drnt,Duronto,WR,BCT,Mumbai Central,INDB,INDORE JN BG,829,12,0,11:15:00,23:15:00,12228,0,1,1,1,0,0
12181,JABALPUR - AJMER Dayodaya Exp,SF,Superfast,WCR,JBP,JABALPUR,AII,AJMER JN,896,15,15,11:40:00,20:25:00,12182,1,1,1,1,0,0
12350,NewDelhi-Bhagalpur Weekly SF Express,SF,Superfast,ER,NDLS,NEW DELHI,BGP,BHAGALPUR,1220,20,15,20:00:00,23:45:00,12349,1,1,0,0,0,0
12263,Pune - Hazrat Nizamuddin AC Duronto Express,Drnt,Duronto,NR,PUNE,PUNE JN,NZM,DELHI H NIZAMUDDIN,1520,20,5,07:15:00,11:10:00,12264,0,1,1,1,0,0
12546,MUMBAI LTT - RAXAUL Karmabhoomi Exp,SF,Superfast,ECR,LTT,LOKMANYA TILAK TERM,RXL,RAXAUL JN,1882,33,50,21:10:00,11:20:00,12545,0,0,0,0,0,0
12336,MUMBAI LTT - BHAGALPUR SF Exp,SF,Superfast,ER,LTT,LOKMANYA TILAK TERM,BGP,BHAGALPUR,1917,34,25,18:30:00,08:05:00,12335,1,1,1,0,0,0
12467,Bikaner Jaipur InterCity,SF,Superfast,NWR,BKN,BIKANER JN,JP,JAIPUR,382,6,40,12:55:00,06:15:00,12468,0,0,0,0,0,0
12315,Ananya Express,SF,Superfast,ER,SDAH,KOLKATA SEALDAH,UDZ,UDAIPUR CITY,2141,37,50,03:00:00,13:10:00,12316,1,1,1,0,0,0
12580,Puri Digha Samudra Kanya Super Fast Express,SF,Superfast,NFR,PURI,PURI,DGHA,Digha Flag Station,549,9,55,09:30:00,23:35:00,12579,1,1,1,0,0,0
12633,CHENNAI EGMORE - KANNIYAKUMARI SF Exp,SF,Superfast,SR,MS,CHENNAI EGMORE,CAPE,KANYAKUMARI,742,13,20,06:50:00,17:30:00,12634,1,1,1,1,0,0
12542,Mumbai LTT-Gorakhpur SF Express,SF,Superfast,NER,LTT,LOKMANYA TILAK TERM,GKP,GORAKHPUR JN,1680,30,35,17:45:00,11:10:00,12541,1,1,1,0,0,0
12448-Slip,Nizamuddin KhajurahoLink Express Slip,SKr,Sampark Kranti,NCR,NZM,DELHI H NIZAMUDDIN,KURJ,KHAJURAHO,604,10,20,06:35:00,20:15:00,,1,1,1,1,0,0
12653,Tiruchirappalli Mangalore Weekly Superfast Express,SF,Superfast,SR,TPJ,TIRUCHIRAPPALLI,MAQ,MANGALORE CNTL,635,11,25,05:25:00,18:00:00,12654,1,1,1,1,0,0
12463-Slip,Rajasthan Sampark Kranti Express Slip,SKr,Sampark Kranti,NR,DEE,DELHI SARAI ROHILLA,BKN,BIKANER JN,685,12,0,10:35:00,22:35:00,,1,1,1,0,0,0
12636,MADURAI - CHENNAI EGMORE Vaigai SF Exp,SF,Superfast,SR,MDU,MADURAI JN,MS,CHENNAI EGMORE,497,7,50,14:35:00,06:45:00,12635,0,0,0,0,0,1
12561,Swatantrata Sainani Express,SF,Superfast,ECR,DBG,DARBHANGA JN,NDLS,NEW DELHI,1166,21,0,12:30:00,15:30:00,12562,1,1,1,1,0,0
12641,KANYAKUMARI - D H NIZAMUDDIN Thirukkural Exp,SF,Superfast,SR,CAPE,KANYAKUMARI,NZM,DELHI H NIZAMUDDIN,2922,46,45,18:00:00,19:15:00,12642,1,1,1,0,0,0
12739,Visakhapatnam Secunderabad Garib Rath Express,GR,Garib Rath,SCR,VSKP,VISHAKAPATNAM,SC,SECUNDERABAD JN,701,11,40,08:10:00,20:30:00,12740,0,1,0,0,0,0
12652,DELHI H NIZAMUDDIN - MADURAI Tamil Nadu S Kranti,SKr,Sampark Kranti,SR,NZM,DELHI H NIZAMUDDIN,MDU,MADURAI JN,2677,44,20,03:45:00,07:25:00,12651,1,1,1,1,0,0
12687-Slip,Chennai Chandigarh Express Slip,SF,Superfast,SR,MAS,CHENNAI CENTRAL,DDN,DEHRADUN,2488,43,15,05:00:00,09:45:00,12688,1,1,0,0,0,0
12782,Nizamuddin-Mysore Swarna Jayanti Express,SF,Superfast,SWR,NZM,DELHI H NIZAMUDDIN,MYS,MYSORE JN,2617,47,5,05:05:00,06:00:00,12781,1,1,1,0,0,0
12684,BANGALORE - ERNAKULAM SF Exp,SF,Superfast,SR,SBC,BANGALORE CITY JN,ERS,ERNAKULAM JN,625,11,5,04:20:00,17:15:00,12683,1,1,1,0,0,0
12803,Visakhapatnam-Nizamuddin SwarnaJayanthi Express,SF,Superfast,ECoR,VSKP,VISHAKAPATNAM,NZM,DELHI H NIZAMUDDIN,2097,32,35,17:05:00,08:30:00,12804,1,1,1,0,0,0
12810,HOWRAH - MUMBAI CST SF Mail (via NAGPUR),SF,Superfast,SER,HWH,HOWRAH JN,CSTM,MUMBAI CST,1968,33,10,05:25:00,20:15:00,12809,1,1,1,1,0,0
12826,Jharkhand Sampark Kranti Express,SKr,Sampark Kranti,SER,NDLS,NEW DELHI,RNC,RANCHI,1309,21,45,04:55:00,07:10:00,12825,1,1,1,0,0,0
12846,BENGALURU CANTT - BHUBANESWAR SF Exp,SF,Superfast,SER,BNC,BANGALORE CANT,BBS,BHUBANESWAR,1524,27,15,11:15:00,08:00:00,12845,1,1,1,0,0,0
12847,Howrah-Digha AC Duronto Express,Drnt,Duronto,SER,HWH,HOWRAH JN,DGHA,Digha Flag Station,189,3,0,14:15:00,11:15:00,12848,0,0,0,1,0,1
12848,Digha-Howrah AC Duronto Express,Drnt,Duronto,SER,DGHA,Digha Flag Station,HWH,HOWRAH JN,189,3,0,18:35:00,15:35:00,12847,0,0,0,1,0,1
12849,Bilaspur Pune SF Express,SF,Superfast,SECR,BSP,BILASPUR JN,PUNE,PUNE JN,1301,22,10,09:45:00,11:35:00,12850,1,1,1,0,0,0
12850,Pune Bilaspur Superfast Express,SF,Superfast,SECR,PUNE,PUNE JN,BSP,BILASPUR JN,1301,23,10,16:50:00,17:40:00,12849,1,1,1,0,0,0
12851,Bilaspur-Chennai Express,SF,Superfast,SER,BSP,BILASPUR JN,MAS,CHENNAI CENTRAL,1413,24,0,08:55:00,08:55:00,12852,1,1,1,0,0,0
12852,Chennai-Bilaspur Express,SF,Superfast,SER,MAS,CHENNAI CENTRAL,BSP,BILASPUR JN,1413,23,5,20:15:00,21:10:00,12851,1,1,1,0,0,0
12853,DURG - BHOPAL Amarkantak SF Exp,SF,Superfast,SER,DURG,DURG,BPL,BHOPAL JN,894,16,10,10:30:00,18:20:00,12854,1,1,1,0,0,0
12854,BHOPAL - DURG Amarkantak SF Exp,SF,Superfast,SER,BPL,BHOPAL JN,DURG,DURG,894,16,10,07:55:00,15:45:00,12853,1,1,1,0,0,0
12855,Bilaspur-Nagpur InterCity,SF,Superfast,SER,BSP,BILASPUR JN,NGP,NAGPUR,411,6,45,23:00:00,16:15:00,12856,1,1,1,0,0,0
12856,Nagpur-Bilaspur InterCity,SF,Superfast,SER,NGP,NAGPUR,BSP,BILASPUR JN,411,7,0,13:30:00,06:30:00,12855,1,1,1,0,0,0
12857,Tamralipta Express,SF,Superfast,SER,HWH,HOWRAH JN,DGHA,Digha Flag Station,189,3,20,10:00:00,06:40:00,12858,0,0,0,0,0,1
12858,Tamralipta Express,SF,Superfast,SER,DGHA,Digha Flag Station,HWH,HOWRAH JN,189,3,25,13:50:00,10:25:00,12857,0,0,0,0,0,1
12859,MUMBAI CST - HOWRAH Gitanjali Exp,SF,Superfast,SER,CSTM,MUMBAI CST,HWH,HOWRAH JN,1968,30,30,12:30:00,06:00:00,12860,1,1,1,0,0,0
12860,HOWRAH - MUMBAI CST Gitanjali Exp,SF,Superfast,SER,HWH,HOWRAH JN,CSTM,MUMBAI CST,1968,31,30,21:20:00,13:50:00,12859,1,1,1,0,0,0
12861,Link Superfast Express,SF,Superfast,ECoR,VSKP,VISHAKAPATNAM,NZM,DELHI H NIZAMUDDIN,2097,36,50,04:00:00,15:10:00,,1,1,1,0,0,0
12862,LINK SUPERFAST EXPRESS,SF,Superfast,ECoR,KZJ,KAZIPET JN,VSKP,VISHAKAPATNAM,567,11,0,13:30:00,02:30:00,,1,1,1,0,0,0
12863,HOWRAH - YESVANTPUR SF Exp,SF,Superfast,SER,HWH,HOWRAH JN,YPR,YESVANTPUR JN,1963,35,20,07:55:00,20:35:00,12864,1,1,1,0,0,0
52332,Saharsa-Raghopur Passenger,Pass,Passenger,ECR,SHC,SAHARSA JN,RGV,Rathopur,63,3,40,03:25:00,23:45:00,52331,0,0,0,0,0,0
12864,YESVANTPUR - HOWRAH SF Exp,SF,Superfast,SER,YPR,YESVANTPUR JN,HWH,HOWRAH JN,1963,34,35,06:10:00,19:35:00,12863,1,1,1,0,0,0
12865,Lalmati Express,SF,Superfast,SER,HWH,HOWRAH JN,PRR,PURULIA JN,340,5,45,14:15:00,08:30:00,12866,0,0,0,0,0,1
52401,Ratangarh Sardarshahar Passenger,Pass,Passenger,NWR,RTGH,Ratangarh Junction,SRDR,Sardarshahr,46,1,35,08:50:00,07:15:00,52402,0,0,0,0,0,0
12866,Lalmati Express,SF,Superfast,SER,PRR,PURULIA JN,HWH,HOWRAH JN,340,5,45,20:30:00,14:45:00,12865,0,0,0,0,0,1
52402,Sardarshahar Ratangarh Passenger,Pass,Passenger,NWR,SRDR,Sardarshahr,RTGH,Ratangarh Junction,46,1,30,10:35:00,09:05:00,52403,0,0,0,0,0,0
12867,Howrah-Puducherry Express,SF,Superfast,SER,HWH,HOWRAH JN,PDY,Puducherry,1907,33,20,08:50:00,23:30:00,12868,1,1,1,0,0,0
16126,JODHPUR - CHENNAI EGMORE Exp,Exp,Express,SR,JU,JODHPUR JN,MS,CHENNAI EGMORE,2356,43,40,16:55:00,21:15:00,16125,1,1,1,0,0,0
13201,RAJENDRA NAGAR PATNA - MUMBAI LTT Janta Exp,Exp,Express,ECR,RJPB,RAJENDRA NAGAR BIHAR,LTT,LOKMANYA TILAK TERM,1715,36,0,11:30:00,23:30:00,13202,1,1,1,0,0,0
12868,Puducherry-Howrah (Aurobindo) Express,SF,Superfast,SER,PDY,Puducherry,HWH,HOWRAH JN,1907,33,55,22:25:00,12:30:00,12867,1,1,1,0,0,0
14041,DELHI SARAI ROHILLA - DEHRADUN Mussoorie Exp,Exp,Express,NR,DEE,DELHI SARAI ROHILLA,DDN,DEHRADUN,339,10,30,08:00:00,21:30:00,14042,1,1,1,1,0,0
13157,KOLKATA CHITPUR - MUZAFFARPUR Tirhut Exp,Exp,Express,ER,KOAA,KOLKATA CHITPUR,MFP,MUZAFFARPUR JN,566,12,20,09:15:00,20:55:00,13158,1,1,0,0,0,0
12950,K SANTRAGANCHI - PORBANDAR Kavi Guru SF Exp,SF,Superfast,WR,SRC,SANTRAGACHI JN,PBR,PORBANDAR,2658,47,35,21:00:00,21:25:00,12949,1,1,1,0,0,0
12878,New Delhi-Ranchi Garib Rath,GR,Garib Rath,SER,NDLS,NEW DELHI,RNC,RANCHI,1344,18,30,10:40:00,16:10:00,12877,0,1,0,0,0,0
12987,Sealdah Ajmer Express,SF,Superfast,WR,SDAH,KOLKATA SEALDAH,AII,AJMER JN,1642,27,25,02:45:00,23:20:00,12988,1,1,1,0,0,0
15233,KOLKATA CHITPUR - DARBHANGA Maithili Exp,Exp,Express,ECR,KOAA,KOLKATA CHITPUR,DBG,DARBHANGA JN,539,11,35,22:15:00,10:40:00,15234,1,1,1,0,0,0
12869,MUMBAI CST - HOWRAH SF Exp,SF,Superfast,SER,CSTM,MUMBAI CST,HWH,HOWRAH JN,1968,32,25,19:30:00,11:05:00,12870,1,1,1,0,0,0
15036,Uttarakhand Sampark Kranti Express,SKr,Sampark Kranti,NER,KGM,KATHGODAM,DLI,OLD DELHI,278,6,30,15:20:00,08:50:00,15035,0,1,0,0,0,1
13151,Kolkata Chitpur-JammuTawi Express,Exp,Express,ER,KOAA,KOLKATA CHITPUR,JAT,JAMMU TAWI,1982,44,45,08:30:00,11:45:00,13152,1,1,1,0,0,0
14312,BHUJ - BAREILLY Ala Hazrat Exp,Exp,Express,NR,BHUJ,BHUJ,BE,BAREILLY,1543,31,50,20:20:00,12:30:00,14311,1,1,1,0,0,0
12953,MumbaiCentral-H Nizamuddin August Kranti Rajdhani Express,Raj,Rajdhani,WR,BCT,Mumbai Central,NZM,DELHI H NIZAMUDDIN,1377,17,15,10:55:00,17:40:00,12954,0,1,1,1,0,0
12905,PORBANDAR - HOWRAH SF Exp,SF,Superfast,WR,PBR,PORBANDAR,HWH,HOWRAH JN,2551,45,15,03:35:00,06:20:00,12906,1,1,1,0,0,0
12870,HOWRAH - MUMBAI CST SF Exp,SF,Superfast,SER,HWH,HOWRAH JN,CSTM,MUMBAI CST,1968,32,55,23:30:00,14:35:00,12869,1,1,1,0,0,0
13420,Jan Sewa Express,Exp,Express,ER,MFP,MUZAFFARPUR JN,BGP,BHAGALPUR,240,6,50,05:55:00,23:05:00,13419,1,0,0,0,0,0
12995-Slip,Bandra-Udaipur SF Express Slip,SF,Superfast,WR,BDTS,MUMBAI BANDRA TERMINUS,AII,AJMER JN,1017,18,0,09:45:00,15:45:00,,1,1,1,0,0,0
13318,Black Diamond Express,Exp,Express,ECR,DHN,DHANBAD JN,HWH,HOWRAH JN,271,5,0,21:25:00,16:25:00,13317,0,0,0,0,0,1
13187,Maa Tara Express,Exp,Express,ER,SDAH,KOLKATA SEALDAH,RPH,RAMPUR HAT,226,4,50,12:15:00,07:25:00,13188,0,0,0,0,0,1
14019,Chhindwara Delhi SR (Biweekly) Kanhan valley Express,Exp,Express,NR,CWA,Chhindwara Junction,DEE,DELHI SARAI ROHILLA,1050,20,0,06:15:00,10:15:00,14020,1,1,0,0,0,0
12972,Bhavnagar Bandra Express,SF,Superfast,WR,BVC,BHAVNAGAR TERMINUS,BDTS,MUMBAI BANDRA TERMINUS,778,14,5,10:35:00,20:30:00,12971,1,1,1,0,0,0
12906,HOWRAH - PORBANDAR SF Exp,SF,Superfast,WR,HWH,HOWRAH JN,PBR,PORBANDAR,2551,44,5,19:00:00,22:55:00,12905,1,1,1,0,0,0
12871,HOWRAH - TITLAGARH Ispat Exp,SF,Superfast,SER,HWH,HOWRAH JN,TIG,TITLAGARH,745,13,25,20:20:00,06:55:00,12872,0,0,0,0,0,1
13153,Sealdah-Malda Town Gour Express,Exp,Express,ER,SDAH,KOLKATA SEALDAH,MLDT,MALDA TOWN,347,8,0,06:15:00,22:15:00,13154,1,1,1,1,0,0
15017,MUMBAI LTT - GORAKHPUR Kashi Exp,Exp,Express,NER,LTT,LOKMANYA TILAK TERM,GKP,GORAKHPUR JN,1714,36,35,19:10:00,06:35:00,15018,1,1,1,0,0,0
15268,MUMBAI LTT - RAXAUL Jan Sadharan Exp,Exp,Express,ECR,LTT,LOKMANYA TILAK TERM,RXL,RAXAUL JN,1979,39,50,07:40:00,15:50:00,15267,0,0,0,0,0,0
13053,Howrah-Siuri Intercity Express,Exp,Express,ER,HWH,HOWRAH JN,SURI,SIURI,211,5,5,13:40:00,08:35:00,13052,0,0,0,0,0,1
14218,Chandigarh Allahabad Unchahar Express,Exp,Express,NR,CDG,CHANDIGARH,ALD,ALLAHABAD JN,913,18,55,11:20:00,16:25:00,14217,1,1,1,0,0,0
14887,Kalka - Barmer Chandigarh Express,Exp,Express,NWR,KLK,Kalka,BME,BARMER,1117,22,15,20:00:00,21:45:00,14888,1,1,1,0,0,0
15271,Howrah-Muzaffarpur JanSadharan Express,Exp,Express,NER,HWH,HOWRAH JN,MFP,MUZAFFARPUR JN,549,11,35,22:50:00,11:15:00,15272,0,0,0,0,0,0
13403,Vananchal Express,Exp,Express,ER,RNC,RANCHI,BGP,BHAGALPUR,558,14,30,05:15:00,14:45:00,13404,1,1,0,0,0,0
13503,Sealdah-Asansol InterCity Express,Exp,Express,ER,SDAH,KOLKATA SEALDAH,ASN,ASANSOL JN,220,4,15,20:55:00,16:40:00,13504,0,0,0,0,0,0
16107,Chennai Egmore-Mangalore Express,Exp,Express,SR,MS,CHENNAI EGMORE,MAQ,MANGALORE CNTL,983,23,45,22:00:00,22:15:00,16108,1,1,1,1,0,0
14659,Delhi-Jaisalmer Express,Exp,Express,NR,DLI,OLD DELHI,JSM,JAISALMER,921,17,30,11:00:00,17:30:00,14660,1,1,1,1,0,0
15651,GUWAHATI - JAMMU TAWI Lohit Exp,Exp,Express,NFR,GHY,GUWAHATI,JAT,JAMMU TAWI,2352,47,5,12:20:00,13:15:00,15652,1,1,1,0,0,0
16321,Bangalore Tiruvananthapuram Weekly Express,Exp,Express,SR,SBC,BANGALORE CITY JN,TVC,TRIVANDRUM CENTRAL,843,17,10,12:00:00,18:50:00,16322,1,1,1,0,0,0
17031,Mumbai CST-Hyderabad Express,Exp,Express,SCR,CSTM,MUMBAI CST,HYB,HYDERABAD DECCAN,790,17,10,05:55:00,12:45:00,17032,1,1,1,0,0,0
17018,Secunderabad - Rajkot Express,Exp,Express,SCR,SC,SECUNDERABAD JN,RJT,RAJKOT JN,1478,29,15,20:05:00,14:50:00,17017,1,1,1,0,0,0
15763,Balurghat-New Jalpaiguri Intercity Express,Exp,Express,NFR,BLGT,BALURGHAT,NJP,NEW JALPAIGURI,303,6,0,16:40:00,10:40:00,15764,0,0,0,0,0,0
16507,BHAGAT KI KOTHI - BANGALORE Exp,Exp,Express,SWR,BGKT,BHAGAT KI KOTHI,SBC,BANGALORE CITY JN,2116,46,30,04:00:00,05:30:00,16508,1,1,1,0,0,0
16558,Bangalore Mysore Rajya Rani Express,Exp,Express,SWR,SBC,BANGALORE CITY JN,MYS,MYSORE JN,137,3,0,11:15:00,08:15:00,16557,0,0,0,0,0,0
16701,Chennai Egmore-Rameshwaram Express,Exp,Express,SR,MS,CHENNAI EGMORE,RMM,RAMESWARAM,665,14,5,11:45:00,21:40:00,16702,1,1,1,1,0,0
17401-Slip,Tirupati-Narsapur Express Slip,Exp,Express,SCR,TPTY,TIRUPATI MAIN,NS,Narasapur,525,10,20,06:00:00,19:40:00,17404,1,1,0,0,0,0
17481-Slip,Bilaspur Manmad Express Slip,Exp,Express,SECR,BSP,BILASPUR JN,MMR,MANMAD JN,2059,45,25,07:30:00,10:05:00,17482,1,0,0,0,0,0
18001,Kandari Express,Exp,Express,SER,HWH,HOWRAH JN,DGHA,Digha Flag Station,189,3,35,17:50:00,14:15:00,18002,0,0,0,0,0,1
18006,JAGDALPUR - HOWRAH Samaleshwari Exp,Exp,Express,SER,JDB,JAGDALPUR,HWH,HOWRAH JN,1057,23,40,06:25:00,06:45:00,18005,1,1,1,1,0,0
52244,AISHBAGH - PILIBHIT PASSENGER,Pass,Passenger,NER,ASSH,AISHBAGH,PBE,PILIBHIT JN,316,11,40,23:20:00,11:40:00,52243,0,0,0,0,0,0
19711-Slip,Jaipur-Indore Express Slip,Exp,Express,WR,JP,JAIPUR,INDB,INDORE JN BG,685,16,40,10:15:00,17:35:00,,1,1,0,0,0,0
22823,BHUBANESWAR - NEW DELHI RAJDHANI Express,Raj,Rajdhani,ECoR,BBS,BHUBANESWAR,NDLS,NEW DELHI,1800,25,20,10:35:00,09:15:00,22824,0,1,1,1,0,0
47123,Hyderabad Lingampalli MMTS,Hyd,Hyderabad Suburban,SCR,HYB,HYDERABAD DECCAN,LPI,LINGAMPALLI,25,0,40,21:30:00,20:50:00,,0,0,0,0,0,0
18618,Ranchi-Howrah Intercity,Exp,Express,SER,RNC,RANCHI,HWH,HOWRAH JN,462,8,20,14:20:00,06:00:00,18617,0,0,0,0,0,1
41503,Chennai Beach Velachery Sunday EMU,MEMU,MEMU,SR,MSB,CHENNAI BEACH,VLCY,Velachery,18,0,40,07:00:00,06:20:00,,0,0,0,0,0,0
18030,KOLKATA SALIMAR - MUMBAI LTT [Kurla] Exp,Exp,Express,SER,SHM,KOLKATA SHALIMAR,LTT,LOKMANYA TILAK TERM,1951,37,50,04:50:00,15:00:00,18029,1,1,1,0,0,0
33593,Sealdah-Basirath Local,MEMU,MEMU,?,SDAH,KOLKATA SEALDAH,BT,Barasat,22,0,44,15:09:00,14:25:00,,0,0,0,0,1,0
47207,Falaknuma Lingampalli Suburban,Hyd,Hyderabad Suburban,SCR,FM,KACHEGUDA FALAKNUMA,LPI,LINGAMPALLI,37,1,25,20:25:00,19:00:00,,0,0,0,0,0,0
21068,Rai Bareli-Mumbai LTT Saket Express,Exp,Express,CR,RBL,RAE BARELI JN,LTT,LOKMANYA TILAK TERM,1502,29,25,21:40:00,16:15:00,,1,1,0,0,0,0
19106,Haridwar-Ahmedabad Mail,Mail,Mail/Express,WR,HW,HARIDWAR JN,ADI,AHMEDABAD JN,1207,25,30,16:55:00,15:25:00,19105,1,1,1,1,0,0
52228,Tanakpur Aishbagh Express,Pass,Passenger,NER,TPU,Tanakpur,ASH,AISHBAGH,322,11,55,06:35:00,18:40:00,,1,0,0,0,0,0
41021,Chennai Beach Velachery EMU,MEMU,MEMU,SR,MSB,CHENNAI BEACH,VLCY,Velachery,18,0,40,08:15:00,07:35:00,,0,0,0,0,0,0
18235-Slip,Bilaspur Express Passenger Slip,Pass,Passenger,SECR,BPL,BHOPAL JN,CHRM,Chirmiri,653,24,5,08:05:00,08:00:00,58220-Slip,1,0,0,0,0,0
22824,NEW DELHI - BHUBANESWAR Rajdhani Exp (Via Bokaro),Raj,Rajdhani,ECoR,NDLS,NEW DELHI,BBS,BHUBANESWAR,1800,24,10,17:30:00,17:20:00,22823,0,1,1,1,0,0
51189,ITARSI - ALLAHABAD Passenger,Pass,Passenger,CR,ET,ITARSI JN,ALD,ALLAHABAD JN,612,25,35,10:05:00,08:30:00,51190,0,0,0,0,0,0
51606,Chirmiri Katni Passenger,Pass,Passenger,CR,CHRM,Chirmiri,DMO,DAMOH,360,12,30,15:30:00,03:00:00,51605,0,0,0,0,0,0
38462,Panskura Howrah EMU,MEMU,MEMU,SER,PKU,PANSKURA,HWH,HOWRAH JN,71,1,55,17:50:00,15:55:00,38463,0,0,0,0,1,0
19115,MUMBAI BANDRA - BHUJ Sayaji Nagari Exp,Exp,Express,WR,BDTS,MUMBAI BANDRA TERMINUS,BHUJ,BHUJ,839,16,50,07:40:00,14:50:00,19116,1,1,1,0,0,0
18412,Visakhapatnam-Bhubaneswar Inter City Express,Exp,Express,ECoR,VSKP,VISHAKAPATNAM,BBS,BHUBANESWAR,443,8,10,23:05:00,14:55:00,18411,0,0,0,0,0,0
22161,Bhopal Damoh Rajya Rani exp,SF,Superfast,WCR,BPL,BHOPAL JN,DMO,DAMOH,291,5,15,22:45:00,17:30:00,22162,0,0,0,0,0,1
47115,Hyderabad Lingampalli MMTS,Hyd,Hyderabad Suburban,SCR,HYB,HYDERABAD DECCAN,LPI,LINGAMPALLI,25,0,40,16:20:00,15:40:00,,0,0,0,0,0,0
47167,Falaknuma Lingampalli MMTS,Hyd,Hyderabad Suburban,SCR,FM,KACHEGUDA FALAKNUMA,LPI,LINGAMPALLI,37,1,20,20:55:00,19:35:00,,0,0,0,0,0,0
25201,Sugauli Narkatiaganj InterCity Link Express,Exp,Express,NER,SGL,SAGAULI JN,NKE,NARKATIAGANJ JN,59,1,50,23:35:00,21:45:00,25202,0,0,0,0,0,0
41065,Chennai Beach Velachery EMU,Pass,Passenger,SR,MSB,CHENNAI BEACH,VLCY,Velachery,18,0,40,12:15:00,11:35:00,41066,0,0,0,0,0,0
51862,Konch Ait Passenger,Pass,Passenger,NCR,KNH,Konch,AIT,AIT,13,0,35,07:10:00,06:35:00,51861,0,0,0,0,0,0
51261,Amravati Wardha Passenger,Pass,Passenger,WCR,AMI,Amravati,WR,WARDHA JN,101,2,50,18:05:00,15:15:00,51262,0,0,0,0,0,0
40514,Chengulpet Chennai Beach Semi Fast EMU (12 Car),MEMU,MEMU,SR,CGL,CHENGALPATTU,MSB,CHENNAI BEACH,59,1,27,08:32:00,07:05:00,40513,0,0,0,0,0,0
51112,Dhule Chalisgaon Mix Passenger,Pass,Passenger,CR,DHI,Dhule,CSN,CHALISGAON JN,56,1,15,09:30:00,08:15:00,51111,0,0,0,0,0,0
51820,Allahabad Jhansi Passenger,Pass,Passenger,NCR,ALD,ALLAHABAD JN,JHS,JHANSI JN,390,11,50,18:10:00,06:20:00,51819,0,0,0,0,0,0
51702,REWA - JABALPUR PASSENGER,Pass,Passenger,WCR,REWA,REWA,JBP,JABALPUR,238,6,25,20:10:00,13:45:00,51701,0,0,0,0,0,0
51673,ITARSI - SATNA Passenger,Pass,Passenger,CR,ET,ITARSI JN,STA,SATNA,434,8,40,12:40:00,04:00:00,51674,0,0,0,0,0,0
51240,Betul Amla Passenger,Pass,Passenger,WCR,BZU,BETUL,AMLA,AMLA JN,23,0,40,18:15:00,17:35:00,51239,0,0,0,0,0,0
51885,BINA DAMOH PASS,Pass,Passenger,WCR,BINA,BINA JN,DMO,DAMOH,152,3,50,22:20:00,18:30:00,51886,0,0,0,0,0,0
51909,Delhi Shamli Saharanpur Passenger,Pass,Passenger,NR,DLI,OLD DELHI,SRE,SAHARANPUR,164,5,50,11:00:00,05:10:00,51910,0,0,0,0,0,0
51613,KOTA - KATNI Passenger,Pass,Passenger,WCR,KOTA,KOTA JN,KTE,KATNI,455,17,55,12:00:00,18:05:00,51614,0,0,0,0,0,0
52107,Neral Matheran Passenger,Toy,Toy Train / Heritage,CR,NRL,NERAL,MAE,Matheran,21,2,5,13:45:00,11:40:00,52106,0,0,0,0,1,0
52213,Bareilly Mailani Passenger,Pass,Passenger,NER,BRY,BAREILLY,MLN,MAILANI,125,4,50,11:40:00,06:50:00,52214,0,0,0,0,0,0
52321,Forbesganj-Saharsa Passenger,Pass,Passenger,?,FBG,FORBESGANJ,SHC,SAHARSA JN,112,7,0,09:30:00,02:30:00,52322,0,0,0,0,0,0
52331,Raghopur-Saharsa Passenger,Pass,Passenger,ECR,RGV,Rathopur,SHC,SAHARSA JN,63,3,50,08:00:00,04:10:00,52332,0,0,0,0,0,0
52403,Ratangarh Sardarshahar Passenger,Pass,Passenger,NWR,RTGH,Ratangarh Junction,SRDR,Sardarshahr,46,1,35,18:20:00,16:45:00,52404,0,0,0,0,0,0
52404,Sardarshahar Ratangarh Passenger,Pass,Passenger,NWR,SRDR,Sardarshahr,RTGH,Ratangarh Junction,46,1,35,20:15:00,18:40:00,52403,0,0,0,0,0,0
52405,Hanumangarh Suratgarh Passenger,Pass,Passenger,NWR,SDLP,Sadulpur Junction,SGNR,SHRI GANGANAGAR,246,8,5,15:10:00,07:05:00,52406,0,0,0,0,0,0
52406,Suratgarh Hanumangarh Passenger,Pass,Passenger,NWR,SGNR,SHRI GANGANAGAR,SDLP,Sadulpur Junction,246,8,5,19:15:00,11:10:00,52407,0,0,0,0,0,0
52407,Sadulpur Suratgarh Passenger,Pass,Passenger,NWR,SDLP,Sadulpur Junction,SGNR,SHRI GANGANAGAR,246,6,50,10:50:00,04:00:00,52406,0,0,0,0,0,0
52408,Suratgarh Sadulpur Passenger,Pass,Passenger,NWR,SGNR,SHRI GANGANAGAR,SDLP,Sadulpur Junction,246,6,25,22:25:00,16:00:00,52407,0,0,0,0,0,0
52411,Sadulpur Shri Ganganagar Passenger,Pass,Passenger,NWR,SDLP,Sadulpur Junction,SGNR,SHRI GANGANAGAR,246,6,30,00:15:00,17:45:00,52412,0,0,0,0,0,0
52412,Shri Ganganagar Sadulpur Passenger,Pass,Passenger,NWR,SGNR,SHRI GANGANAGAR,SDLP,Sadulpur Junction,246,6,30,11:10:00,04:40:00,52413,0,0,0,0,0,0
52413,SDLP SOG PASS,Pass,Passenger,NWR,SDLP,Sadulpur Junction,SGNR,SHRI GANGANAGAR,246,7,0,18:50:00,11:50:00,52414,0,0,0,0,0,0
52414,SOG SDLP PASS,Pass,Passenger,NWR,SGNR,SHRI GANGANAGAR,SDLP,Sadulpur Junction,246,6,50,14:10:00,07:20:00,52413,0,0,0,0,0,0
52415,Hanumangarh Suratgarh Passenger,Pass,Passenger,NWR,SDLP,Sadulpur Junction,SOG,SURATGARH JN,378,13,5,20:10:00,07:05:00,52414,0,0,0,0,0,0
52451,Shivalik Deluxe Express,Exp,Express,NR,KLK,Kalka,SML,Shimla,96,4,45,10:15:00,05:30:00,52452,0,0,0,0,0,1
52452,Shivalik Deluxe Express,Exp,Express,NR,SML,Shimla,KLK,Kalka,96,4,45,22:25:00,17:40:00,52453,0,0,0,0,0,1
52453,Kalka Shimla Express,Pass,Passenger,NR,KLK,Kalka,SML,Shimla,96,5,5,11:05:00,06:00:00,52454,0,0,0,0,1,0
52454,Shimla Kalka Express,Pass,Passenger,NR,SML,Shimla,KLK,Kalka,96,5,5,23:20:00,18:15:00,52453,0,0,0,0,1,0
52455,Himalayan Queen,Pass,Passenger,NR,KLK,Kalka,SML,Shimla,96,5,10,17:20:00,12:10:00,52454,0,0,0,0,0,1
52456,Himalayan Queen,Pass,Passenger,NR,SML,Shimla,KLK,Kalka,96,5,40,16:10:00,10:30:00,52455,0,0,0,0,0,1
52457,Kalka Shimla Passenger,Pass,Passenger,NR,KLK,Kalka,SML,Shimla,96,5,20,09:20:00,04:00:00,52456,0,0,0,0,1,0
52458,Shimla Kalka Passenger,Pass,Passenger,NR,SML,Shimla,KLK,Kalka,96,5,45,20:10:00,14:25:00,52457,0,0,0,0,1,0
52461,Pathankot Jawalamukhi Road Passenger,Pass,Passenger,NR,PTK,PATHANKOT,JMKR,JAWLMUKHI ROAD,124,3,55,21:45:00,17:50:00,52462,0,0,0,0,0,0
52462,Kangra Valley Rail Passenger,Pass,Passenger,NR,JMKR,JAWLMUKHI ROAD,PTK,PATHANKOT,125,3,50,08:35:00,04:45:00,52461,0,0,0,0,0,0
52463,Kangra Valley Rail Passenger,Pass,Passenger,NR,PTK,PATHANKOT,BJPL,BAIJNATH PAPROLA,147,6,45,10:45:00,04:00:00,52464,0,0,0,0,0,0
52464,BAIJNATHPAPROLA - PATHANKOT PASS,Pass,Passenger,NR,BJPL,BAIJNATH PAPROLA,PTK,PATHANKOT,147,6,55,10:55:00,04:00:00,52465,0,0,0,0,0,0
52465,PATHANKOT - PATHANKOT PASSENGER,Pass,Passenger,NR,PTK,PATHANKOT,BJPL,BAIJNATH PAPROLA,147,7,0,14:00:00,07:00:00,52464,0,0,0,0,0,0
52905,Mahesana Ahmedabad Passenger,Pass,Passenger,WR,MSH,MAHESANA JN,ADI,AHMEDABAD JN,69,2,40,08:55:00,06:15:00,52906,0,0,0,0,0,0
56889,Tiruvarur Tiruturaipudi Passenger,Pass,Passenger,SR,TVR,THIRUVARUR JN,TTP,Tiruturaipudi Junction,26,1,0,21:00:00,20:00:00,56890,0,0,0,0,0,0
57123,Bhadrachalam Sirpur Kagaznagar Passenger,Pass,Passenger,SCR,BDCR,Bhadrachalam Road,SRUR,SIRPUR TOWN,330,9,0,14:45:00,05:45:00,,0,0,0,0,0,0
54404,Meerut City Khurja Passenger,Pass,Passenger,NR,MTC,MEERUT CITY,KRJ,KHURJA JN,94,3,10,13:20:00,10:10:00,54403,0,0,0,0,0,0
52466,Kangra Valley Rail Passenger,Pass,Passenger,NR,BJPL,BAIJNATH PAPROLA,PTK,PATHANKOT,147,7,0,14:20:00,07:20:00,52465,0,0,0,0,0,0
53220,Mughal Sarai Buxar Passenger,Pass,Passenger,ECR,MGS,MUGHAL SARAI JN,BXR,BUXAR,94,3,30,00:35:00,21:05:00,53219,0,0,0,0,0,0
53415,Sahibganj Jamalpur Passenger,Pass,Passenger,ER,SBG,SAHIBGANJ JN,JMP,JAMALPUR JN,135,4,28,19:53:00,15:25:00,53416,0,0,0,0,0,0
53522,Varanasi-Asansol Passenger,Pass,Passenger,ER,BSB,VARANASI JN,ASN,ASANSOL JN,489,16,35,21:00:00,04:25:00,53521,0,0,0,0,0,0
52925,Khed Brahma Ahmedabad Passenger,Pass,Passenger,WR,KDBM,Khed Brahma,ADI,AHMEDABAD JN,188,5,50,12:30:00,06:40:00,52926,0,0,0,0,0,0
55318,Kashipur Lalkuan Passenger,Pass,Passenger,NER,KPV,KASHIPUR,LKU,LAL KUAN,59,1,25,13:00:00,11:35:00,55317,0,0,0,0,0,0
54467,Tundla Barhan Etah Passenger,Pass,Passenger,NCR,TDL,TUNDLA JN,ETAH,Etah,73,2,0,07:00:00,05:00:00,54468,0,0,0,0,0,0
52533,Banmankhi Bihariganj Passenger,Pass,Passenger,?,BNKI,Banmankhi Junction,BHGJ,Bihariganj,27,2,0,22:15:00,20:15:00,52534,0,0,0,0,0,0
54309,Delhi Rewari Passenger,Pass,Passenger,NR,DLI,OLD DELHI,RE,REWARI,82,2,50,08:10:00,05:20:00,54310,0,0,0,0,0,0
53335,Dhanbad Ranchi Passenger,Pass,Passenger,ECR,DHN,DHANBAD JN,RNC,RANCHI,162,5,15,12:15:00,07:00:00,53336,0,0,0,0,0,0
54606,Ludhiana Hisar Passenger,Pass,Passenger,NR,LDH,LUDHIANA JN,HSR,Hisar,210,6,0,23:00:00,17:00:00,54605,0,0,0,0,0,0
52944,Botad Ahmedabad Passenger,Pass,Passenger,WR,BTD,BOTAD JN,GG,GANDHIGRAM,155,3,45,08:40:00,04:55:00,52943,0,0,0,0,0,0
53416,JAMALPUR RAMPURHAT PASS,Pass,Passenger,ER,JMP,JAMALPUR JN,SBG,SAHIBGANJ JN,127,4,5,11:35:00,07:30:00,53415,0,0,0,0,0,0
52902,Ahmedabad Mahesana Passenger,Pass,Passenger,WR,ADI,AHMEDABAD JN,MSH,MAHESANA JN,69,2,10,22:45:00,20:35:00,52901,0,0,0,0,0,0
55810,Guwahati New Bongaigaon Passenger,Pass,Passenger,NFR,GHY,GUWAHATI,NBQ,NEW BONGAIGAON,157,5,0,10:00:00,05:00:00,55809,0,0,0,0,0,0
54005,Delhi Bhiwani Passenger,Pass,Passenger,NR,DLI,OLD DELHI,BNW,Bhiwani,119,3,35,08:15:00,04:40:00,,0,0,0,0,0,0
55014,Manduadih Chhapra Passenger,Pass,Passenger,NER,MUV,MANDUADIH,CPR,CHHAPRA,209,8,10,12:20:00,04:10:00,,0,0,0,0,0,0
53063,Barddhaman Barharwa Passenger,Pass,Passenger,ER,BWN,BARDDHAMAN JN,BHW,BARHARWA JN,212,5,10,11:40:00,06:30:00,53064,0,0,0,0,0,0
53404,Gaya Jamalpur Passenger,Pass,Passenger,ER,GAYA,GAYA JN,JMP,JAMALPUR JN,183,6,15,12:35:00,06:20:00,,0,0,0,0,0,0
55753,ALIPUR DUAR - GUWAHATI SIFUNG Pass,Pass,Passenger,NFR,APDJ,ALIPUR DUAR JN,GHY,GUWAHATI,285,8,30,11:15:00,02:45:00,55754,0,0,0,0,0,0
54415,Delhi Sarai Rohilla Rewari Passenger,Pass,Passenger,NR,DLI,OLD DELHI,RE,REWARI,82,2,40,16:30:00,13:50:00,54414,0,0,0,0,0,0
54353,ALIGARH - BAREILLY PASSENGER,Pass,Passenger,NR,ALJN,ALIGARH JN,BE,BAREILLY,160,5,55,23:45:00,17:50:00,54354,0,0,0,0,0,0
55611,Fakiragram Kamakhya Passenger,Pass,Passenger,NFR,FKM,FAKIRAGRAM JN,KYQ,KAMAKHYA,214,5,25,16:25:00,11:00:00,55612,0,0,0,0,0,0
53421,JAMALPUR KIUL PASS,Pass,Passenger,?,JMP,JAMALPUR JN,KIUL,KIUL JN,45,1,22,08:52:00,07:30:00,53422,0,0,0,0,0,0
55237,Barauni-Samastipur Passenger,Pass,Passenger,ECR,BJU,BARAUNI JN,SPJ,SAMASTIPUR JN,50,1,20,06:35:00,05:15:00,55238,0,0,0,0,0,0
54602,Amritsar Hisar Passenger,Pass,Passenger,NR,ASR,AMRITSAR JN,HSR,Hisar,346,10,35,03:45:00,17:10:00,54601,1,0,0,0,0,0
54092,Kotdwara Najibabad Passenger,Pass,Passenger,NR,KTW,KOTDWARA,NBD,NAJIBABAD JN,24,0,45,08:25:00,07:40:00,54091,0,0,0,0,0,0
55001,Gorakhpur Ayodhya Passenger,Pass,Passenger,NER,GKP,GORAKHPUR JN,AY,AYODHYA,161,6,10,13:10:00,07:00:00,55002,0,0,0,0,0,0
56138,Coonoor Udagamandalam Passenger,Pass,Passenger,SR,ONR,Coonoor,UAM,Udagamandalam,19,1,15,17:45:00,16:30:00,56139,0,0,0,0,1,0
55540,Hajipur-Katihar Passenger,Pass,Passenger,NER,HJP,HAJIPUR JN,KIR,KATIHAR JN,268,9,25,00:05:00,14:40:00,55539,0,0,0,0,0,0
55040,Nautanwa Gorakhpur Passenger,Pass,Passenger,NER,NTV,Nautanwa,GKP,GORAKHPUR JN,82,2,50,21:20:00,18:30:00,55039,0,0,0,0,0,0
55532,Barauni-Katihar Passenger,Pass,Passenger,NER,BJU,BARAUNI JN,KIR,KATIHAR JN,180,5,45,09:10:00,03:25:00,55531,0,0,0,0,0,0
56267,Arsikere Mysore Passenger,Pass,Passenger,SWR,ASK,ARSIKERE JN,MYS,MYSORE JN,167,4,10,09:25:00,05:15:00,56266,0,0,0,0,0,0
56600,Kozhikode Shoranur Passenger,Pass,Passenger,SR,CLT,KOZHIKODE,SRR,SHORANUR JN,86,2,15,07:35:00,05:20:00,56601,0,0,0,0,0,0
56614,Nilambur Road Shoranur Passenger,Pass,Passenger,SR,NIL,Nilambur Road,SRR,SHORANUR JN,67,1,50,10:55:00,09:05:00,56613,0,0,0,0,0,0
56387,Ernakulam Kayamkulam Passenger,Pass,Passenger,SR,ERS,ERNAKULAM JN,KYJ,KAYANKULAM JN,115,3,10,14:55:00,11:45:00,344SR,0,0,0,0,0,0
56723,Madurai Rameswaram Passenger,Pass,Passenger,SR,MDU,MADURAI JN,RMM,RAMESWARAM,161,3,50,10:05:00,06:15:00,56722,0,0,0,0,0,0
57429,Tirupati Gudur Passenger,Pass,Passenger,SCR,TPTY,TIRUPATI MAIN,GDR,GUDUR JN,93,2,40,09:10:00,06:30:00,57430,0,0,0,0,0,0
57422,Guntakal Dronachellam Passenger,Pass,Passenger,SCR,GTL,GUNTAKAL JN,DHNE,DHONE,68,1,45,13:25:00,11:40:00,,0,0,0,0,0,0
57447,Secunderabad Mahbubnagar Passenger,Pass,Passenger,SCR,SC,SECUNDERABAD JN,MBNR,MAHBUBNAGAR,113,3,0,15:50:00,12:50:00,57448,0,0,0,0,0,0
57593,Kacheguda Nanded Passenger,Pass,Passenger,SCR,KCG,KACHEGUDA,NED,HUZUR SAHIB NANDED,276,7,30,21:30:00,14:00:00,57594,0,0,0,0,0,0
57632,Guntakal Gulbarga Passenger,Pass,Passenger,SCR,GTL,GUNTAKAL JN,GR,GULBARGA,266,6,50,20:50:00,14:00:00,57631,0,0,0,0,0,0
58028,Kurdha Road Bhubaneshwar Passenger,Pass,Passenger,SER,KUR,KHURDA ROAD JN,BBS,BHUBANESWAR,19,0,35,13:50:00,13:15:00,58027,0,0,0,0,0,0
63166,BAIDYANATH JASIDIH PASS,Pass,Passenger,ER,BDME,Baidyanathdham Deoghar,JSME,JASIDIH JN,6,0,20,20:50:00,20:30:00,63167,0,0,0,0,0,0
58801,Ballarshar Gondia Passenger(Via Nagbhir ),Pass,Passenger,SECR,BPQ,BALHARSHAH,G,GONDIA JN,252,6,5,20:20:00,14:15:00,58802,0,0,0,0,0,0
58207,Raipur Kesinga Passenger,Pass,Passenger,SECR,R,RAIPUR JN,KSNG,KESINGA,216,4,40,19:55:00,15:15:00,58208,0,0,0,0,0,0
59157,Vadodara Anand Passenger,Pass,Passenger,WR,BRC,VADODARA JN,ANND,ANAND JN,36,1,10,23:30:00,22:20:00,59158,0,0,0,0,0,0
59442,Ahmedabad Mumbai Central Passenger,Pass,Passenger,WR,ADI,AHMEDABAD JN,BCT,Mumbai Central,491,16,35,04:40:00,12:05:00,59441,1,0,1,0,0,0
58803,Chanda Fort Gondia Passenger,Pass,Passenger,SECR,CAF,Chanda Fort,G,GONDIA JN,241,5,10,11:40:00,06:30:00,58804,0,0,0,0,0,0
67295,Rajahmundry Visakhapatnam Pass,Pass,Passenger,?,RJY,RAJAMUNDRY,VSKP,VISHAKAPATNAM,201,5,20,16:35:00,11:15:00,67296,0,0,0,0,0,0
58219,Bilaspur Chirmiri Passenger,Pass,Passenger,SECR,BSP,BILASPUR JN,CHRM,Chirmiri,238,8,55,08:05:00,23:10:00,58220,1,0,0,0,1,0
63241,Patna Gaya Passenger MEMU,MEMU,MEMU,ECR,PNBE,PATNA JN,GAYA,GAYA JN,92,3,40,09:40:00,06:00:00,63242,0,0,0,0,0,0
59214,Porbandar Bhanvad Passenger,Pass,Passenger,WR,PBR,PORBANDAR,BNVD,BHANVAD,52,1,30,06:40:00,05:10:00,59213,0,0,0,0,0,0
59024,Valsad Mumbai Passenger,Pass,Passenger,WR,BL,VALSAD,BCT,Mumbai Central,195,4,25,09:15:00,04:50:00,59023,0,0,0,0,0,0
58425,Kendujhargarh-Bhubaneswar Fast Passenger,Pass,Passenger,ECoR,KDJR,Kendujhargarh,BBS,BHUBANESWAR,215,5,55,12:25:00,06:30:00,58426,0,0,0,0,0,0
59832,Kota Vadodara Passenger,Pass,Passenger,WR,KOTA,KOTA JN,BRC,VADODARA JN,526,17,40,03:10:00,09:30:00,59831,0,0,0,0,0,0
63545,Asansol Dhanbad Passenger,MEMU,MEMU,ER,ASN,ASANSOL JN,DHN,DHANBAD JN,59,1,20,15:20:00,14:00:00,63546,0,0,0,0,0,0
59050,Viramgam Valsad Passenger,Pass,Passenger,WR,VG,VIRAMGAM JN,BL,VALSAD,364,13,15,20:45:00,07:30:00,59049,0,0,0,0,1,0
59386-Slip,Panchvalley Passenger Slip1,Pass,Passenger,SCR,CWA,Chhindwara Junction,ASR,AMRITSAR JN,1545,35,5,08:10:00,21:05:00,59385,1,0,0,0,0,0
64492,New Delhi Palwal Ladies Special,MEMU,MEMU,?,NDLS,NEW DELHI,PWL,PALWAL,56,1,30,19:20:00,17:50:00,64491,0,0,0,0,0,0
67296,Visakhapatnam Rajahmundry Pass,Pass,Passenger,?,VSKP,VISHAKAPATNAM,RJY,RAJAMUNDRY,201,5,15,23:25:00,18:10:00,67295,0,0,0,0,0,0
70101,Madgaon Karwar Passenger,Pass,Passenger,?,MAO,MADGAON,KAWR,KARWAR,82,1,20,20:20:00,19:00:00,70102,0,0,0,0,0,0
83112,Danapur Giridih Express,Exp,Express,?,DNR,DANAPUR,GRD,Giridih,298,9,30,04:30:00,19:00:00,,1,0,0,0,0,0
84369,Tribeni Link Express,Exp,Express,?,BRWD,BARWADIH JN,BE,BAREILLY,862,21,0,12:30:00,15:30:00,,1,0,0,0,0,0
